strategy,pos,startLeague,peakOvr,finalOvr,finalLeague,seasonsPlayed,retirementAge,everInNhl,everDemoted,nhlGames,nhlGoals,nhlAssists,ahlGames,teamsCount,championships,individualAwards,awardsList
OPTIMIZER,C,QMJHL,86,81,NHL,36,34,true,true,924,311,423,68,2,1,1,2039:NHL Championship
OPTIMIZER,RD,OHL,81,78,NHL,36,34,true,false,811,79,164,69,2,1,1,2034:NHL Championship
OPTIMIZER,RD,SHL,84,80,NHL,36,34,true,false,828,54,205,0,1,1,1,2040:NHL Championship
OPTIMIZER,LW,OHL,83,75,NHL,38,35,true,true,1081,503,221,71,2,1,1,2043:NHL Championship
OPTIMIZER,RW,QMJHL,84,79,NHL,36,34,true,true,1008,535,253,66,2,2,2,2036:NHL Championship | 2041:NHL Championship
OPTIMIZER,LD,LIIGA,84,79,NHL,36,34,true,true,908,57,237,0,1,1,1,2041:NHL Championship
OPTIMIZER,LW,WHL,83,78,NHL,36,34,true,true,977,477,184,71,2,0,0,
OPTIMIZER,G,QMJHL,88,82,NHL,36,34,true,false,887,0,0,126,2,0,0,
OPTIMIZER,RD,WHL,82,77,NHL,36,34,true,false,835,118,200,65,2,0,0,
OPTIMIZER,G,LIIGA,89,79,NHL,38,35,true,false,952,0,0,125,1,0,0,
OPTIMIZER,C,LIIGA,83,80,NHL,36,34,true,false,915,294,335,0,1,0,0,
OPTIMIZER,C,LIIGA,82,75,NHL,38,35,true,false,917,226,361,0,1,0,0,
OPTIMIZER,LD,LIIGA,83,78,NHL,36,34,true,true,912,52,213,0,1,1,1,2031:SHL Championship
OPTIMIZER,RW,USHL,82,76,NHL,36,34,true,true,1045,537,179,0,2,1,1,2042:NHL Championship
OPTIMIZER,G,LIIGA,87,83,NHL,36,34,true,false,859,0,0,128,1,1,1,2032:NHL Championship
OPTIMIZER,G,USHL,89,82,NHL,36,34,true,false,784,0,0,191,2,0,0,
OPTIMIZER,RW,OHL,81,77,NHL,36,34,true,true,859,261,122,69,2,0,0,
OPTIMIZER,RD,WHL,83,80,NHL,36,34,true,true,903,76,228,67,2,0,0,
OPTIMIZER,C,SHL,83,79,NHL,36,34,true,true,908,216,375,0,1,0,0,
OPTIMIZER,LD,WHL,84,79,NHL,36,34,true,true,1011,53,259,71,2,0,0,
OPTIMIZER,G,LIIGA,86,79,NHL,36,34,true,false,774,0,0,192,1,0,0,
OPTIMIZER,C,NCAA,84,80,NHL,36,34,true,true,979,295,444,68,2,0,0,
OPTIMIZER,C,USHL,83,77,NHL,38,35,true,true,995,296,468,69,2,1,1,2035:NHL Championship
OPTIMIZER,LW,WHL,83,77,NHL,36,34,true,true,960,413,150,66,2,1,1,2030:AHL Championship
OPTIMIZER,C,WHL,82,79,NHL,36,34,true,true,911,195,386,67,2,0,0,
OPTIMIZER,RW,SHL,80,77,NHL,36,34,true,true,899,289,128,0,1,0,0,
OPTIMIZER,RW,USHL,83,78,NHL,36,34,true,true,1006,493,199,67,2,0,0,
OPTIMIZER,LD,NCAA,81,78,NHL,36,34,true,true,897,68,163,68,2,0,0,
OPTIMIZER,C,LIIGA,84,81,NHL,36,34,true,true,926,281,372,0,1,0,0,
OPTIMIZER,LW,SHL,81,75,NHL,36,34,true,true,947,351,103,0,1,0,0,
OPTIMIZER,RW,QMJHL,83,79,NHL,36,34,true,true,887,348,178,69,2,1,1,2039:NHL Championship
OPTIMIZER,LW,SHL,84,78,NHL,36,34,true,false,940,483,193,0,1,0,0,
OPTIMIZER,LD,USHL,83,75,NHL,38,35,true,true,996,89,262,70,2,1,1,2043:NHL Championship
OPTIMIZER,LD,USHL,82,76,NHL,36,34,true,true,921,110,233,67,2,1,1,2040:NHL Championship
OPTIMIZER,C,SHL,81,79,NHL,36,34,true,false,823,122,272,0,1,1,1,2030:SHL Championship
OPTIMIZER,LW,OHL,83,78,NHL,36,34,true,true,1004,487,206,68,2,0,0,
OPTIMIZER,C,LIIGA,81,72,NHL,38,35,true,true,959,122,332,0,1,0,0,
OPTIMIZER,RD,NCAA,81,78,NHL,36,34,true,false,844,103,178,68,2,0,0,
OPTIMIZER,RW,QMJHL,83,78,NHL,36,34,true,true,1003,470,226,65,2,1,1,2036:NHL Championship
OPTIMIZER,LD,NCAA,82,78,NHL,36,34,true,false,825,84,179,68,2,0,0,
OPTIMIZER,G,WHL,89,83,NHL,36,34,true,false,802,0,0,186,2,0,0,
OPTIMIZER,LD,OHL,83,79,NHL,36,34,true,true,924,80,239,65,2,0,0,
OPTIMIZER,RW,QMJHL,83,78,NHL,36,34,true,true,941,378,171,66,2,1,1,2032:NHL Championship
OPTIMIZER,G,LIIGA,88,83,NHL,36,34,true,false,868,0,0,123,1,0,0,
OPTIMIZER,C,USHL,80,76,NHL,36,34,true,true,882,101,262,71,2,1,1,2030:AHL Championship
OPTIMIZER,LD,WHL,84,81,NHL,36,34,true,true,914,70,258,68,2,0,0,
OPTIMIZER,RW,QMJHL,81,77,NHL,36,34,true,false,849,238,100,67,2,0,0,
OPTIMIZER,LD,SHL,81,77,NHL,36,34,true,false,805,48,136,0,1,0,0,
OPTIMIZER,G,SHL,89,81,NHL,36,34,true,false,874,0,0,123,1,0,0,
OPTIMIZER,C,QMJHL,82,79,NHL,36,34,true,true,905,210,324,68,2,2,2,2039:NHL Championship | 2042:NHL Championship
OPTIMIZER,RD,LIIGA,81,78,NHL,36,34,true,true,970,40,170,0,1,0,0,
OPTIMIZER,LD,SHL,83,76,NHL,38,35,true,true,1002,65,244,0,1,0,0,
OPTIMIZER,C,USHL,83,79,NHL,36,34,true,true,899,217,363,65,2,1,1,2043:NHL Championship
OPTIMIZER,RD,QMJHL,81,79,NHL,36,34,true,false,830,86,166,64,2,0,0,
OPTIMIZER,C,SHL,83,80,NHL,36,34,true,true,926,289,371,0,1,0,0,
OPTIMIZER,LW,USHL,82,79,NHL,36,34,true,true,890,359,166,65,2,2,2,2033:NHL Championship | 2042:NHL Championship
OPTIMIZER,LW,QMJHL,84,78,NHL,36,34,true,true,1000,445,207,69,2,1,1,2042:NHL Championship
OPTIMIZER,LD,WHL,84,78,NHL,36,34,true,true,1011,29,286,68,2,0,0,
OPTIMIZER,C,USHL,83,81,NHL,36,34,true,true,995,336,464,70,2,1,1,2032:NHL Championship
OPTIMIZER,LD,QMJHL,83,78,NHL,36,34,true,false,897,67,223,69,2,0,0,
OPTIMIZER,RW,SHL,83,79,NHL,36,34,true,false,910,427,201,0,1,1,1,2033:NHL Championship
OPTIMIZER,LD,OHL,83,79,NHL,36,34,true,false,911,61,211,69,2,1,1,2029:OHL Championship
OPTIMIZER,C,NCAA,81,78,NHL,36,34,true,true,959,135,296,68,2,0,0,
OPTIMIZER,RW,OHL,84,79,NHL,36,34,true,true,993,488,217,69,2,0,0,
OPTIMIZER,G,OHL,88,80,NHL,36,34,true,false,864,0,0,122,2,0,0,
OPTIMIZER,G,USHL,89,83,NHL,36,34,true,false,804,0,0,188,2,2,2,2028:USHL Championship | 2030:AHL Championship
OPTIMIZER,LD,OHL,85,78,NHL,36,34,true,false,920,49,241,67,2,1,1,2036:NHL Championship
OPTIMIZER,G,LIIGA,88,80,NHL,36,34,true,false,864,0,0,116,1,0,0,
OPTIMIZER,C,SHL,83,80,NHL,36,34,true,true,903,246,323,0,1,0,0,
OPTIMIZER,G,LIIGA,88,82,NHL,36,34,true,false,847,0,0,130,1,0,0,
OPTIMIZER,G,OHL,89,85,NHL,36,34,true,false,863,0,0,124,2,0,0,
OPTIMIZER,G,LIIGA,87,80,NHL,36,34,true,false,884,0,0,119,1,0,0,
OPTIMIZER,G,USHL,89,79,NHL,38,35,true,false,917,0,0,124,2,0,0,
OPTIMIZER,LW,NCAA,84,78,NHL,36,34,true,false,912,470,204,68,2,0,0,
OPTIMIZER,G,USHL,89,83,NHL,36,34,true,false,807,0,0,185,2,0,0,
OPTIMIZER,C,QMJHL,86,75,NHL,38,35,true,true,1072,408,485,68,2,1,1,2027:QMJHL Championship
OPTIMIZER,C,OHL,86,81,NHL,36,34,true,true,1011,349,444,67,2,0,0,
OPTIMIZER,LD,NCAA,81,76,NHL,36,34,true,false,817,68,140,66,2,1,1,2042:NHL Championship
OPTIMIZER,C,SHL,83,80,NHL,36,34,true,false,924,260,402,0,1,1,1,2039:NHL Championship
OPTIMIZER,LD,WHL,83,74,NHL,38,35,true,true,1070,76,248,70,2,0,0,
OPTIMIZER,RW,USHL,84,78,NHL,36,34,true,false,920,485,192,69,2,0,0,
OPTIMIZER,RW,USHL,83,79,NHL,36,34,true,true,987,396,170,69,2,0,0,
OPTIMIZER,RW,SHL,81,77,NHL,36,34,true,true,894,264,119,0,1,0,0,
OPTIMIZER,C,USHL,85,77,NHL,38,35,true,true,1005,338,435,71,2,1,1,2035:NHL Championship
OPTIMIZER,LW,USHL,82,75,NHL,38,35,true,false,971,350,158,68,2,1,1,2041:NHL Championship
OPTIMIZER,RW,QMJHL,83,78,NHL,36,34,true,false,993,512,196,67,2,1,1,2039:NHL Championship
OPTIMIZER,RD,OHL,83,80,NHL,36,34,true,true,1012,98,254,70,2,0,0,
OPTIMIZER,LW,SHL,80,73,NHL,38,35,true,false,863,237,112,0,1,0,0,
OPTIMIZER,G,USHL,89,83,NHL,36,34,true,false,870,0,0,117,2,2,2,2032:NHL Championship | 2041:NHL Championship
OPTIMIZER,RD,LIIGA,80,75,NHL,36,34,true,false,810,79,157,0,1,0,0,
OPTIMIZER,RW,QMJHL,82,77,NHL,36,34,true,true,989,422,173,69,2,2,2,2041:NHL Championship | 2042:NHL Championship
OPTIMIZER,RW,OHL,84,78,NHL,36,34,true,true,1015,509,201,67,2,0,0,
OPTIMIZER,LW,USHL,83,76,NHL,36,34,true,true,1085,568,214,0,2,0,0,
OPTIMIZER,LD,OHL,82,78,NHL,36,34,true,false,859,102,204,67,2,1,1,2034:NHL Championship
OPTIMIZER,LD,SHL,83,78,NHL,36,34,true,true,929,45,229,0,1,0,0,
OPTIMIZER,LW,WHL,82,78,NHL,36,34,true,true,910,344,141,71,2,0,0,
OPTIMIZER,C,LIIGA,85,80,NHL,36,34,true,false,925,329,404,0,1,0,0,
OPTIMIZER,LD,WHL,84,77,NHL,38,35,true,true,993,86,307,67,2,2,2,2028:WHL Championship | 2033:NHL Championship
OPTIMIZER,RD,USHL,83,79,NHL,36,34,true,true,916,98,196,70,2,0,0,
OPTIMIZER,RW,WHL,83,77,NHL,36,34,true,true,990,419,187,70,2,0,0,
OPTIMIZER,C,WHL,82,79,NHL,36,34,true,true,915,250,408,67,2,0,0,
OPTIMIZER,C,SHL,80,78,NHL,36,34,true,true,885,114,251,0,1,0,0,
OPTIMIZER,C,WHL,87,81,NHL,36,34,true,false,916,384,477,67,2,0,0,
OPTIMIZER,RW,LIIGA,83,78,NHL,36,34,true,true,941,404,150,0,1,1,1,2026:LIIGA Championship
OPTIMIZER,LW,QMJHL,83,77,NHL,36,34,true,true,1004,507,212,67,2,0,0,
OPTIMIZER,LD,LIIGA,83,77,NHL,36,34,true,false,835,72,203,0,1,1,1,2027:SHL Championship
OPTIMIZER,RD,SHL,82,78,NHL,36,34,true,true,916,92,223,0,1,0,0,
OPTIMIZER,LW,LIIGA,81,75,NHL,36,34,true,false,874,292,101,0,1,0,0,
OPTIMIZER,LD,OHL,84,79,NHL,36,34,true,true,907,58,236,70,2,1,1,2030:AHL Championship
OPTIMIZER,RD,LIIGA,84,79,NHL,36,34,true,true,897,41,219,0,1,0,0,
OPTIMIZER,LD,USHL,84,79,NHL,36,34,true,true,911,67,216,64,2,0,0,
OPTIMIZER,LW,LIIGA,81,75,NHL,38,35,true,true,959,293,135,0,1,1,1,2028:SHL Championship
OPTIMIZER,LW,OHL,83,78,NHL,36,34,true,true,986,448,182,66,2,0,0,
OPTIMIZER,LD,WHL,82,77,NHL,36,34,true,true,906,82,213,70,2,0,0,
OPTIMIZER,LD,USHL,83,80,NHL,36,34,true,false,920,59,231,68,2,0,0,
OPTIMIZER,LD,LIIGA,81,76,NHL,36,34,true,false,803,55,131,0,1,1,1,2029:SHL Championship
OPTIMIZER,LD,USHL,80,76,NHL,36,34,true,true,916,86,178,65,2,1,1,2036:NHL Championship
OPTIMIZER,G,QMJHL,88,83,NHL,36,34,true,false,867,0,0,123,2,0,0,
OPTIMIZER,LW,USHL,82,78,NHL,36,34,true,true,955,371,163,66,2,0,0,
OPTIMIZER,LD,WHL,84,79,NHL,36,34,true,true,927,49,240,71,2,0,0,
OPTIMIZER,RW,USHL,83,79,NHL,36,34,true,true,990,460,225,71,2,2,2,2029:USHL Championship | 2042:NHL Championship
OPTIMIZER,LD,SHL,84,78,NHL,36,34,true,true,940,33,259,0,1,1,1,2026:SHL Championship
OPTIMIZER,G,SHL,86,81,NHL,36,34,true,false,852,0,0,123,1,2,2,2029:SHL Championship | 2035:NHL Championship
OPTIMIZER,C,OHL,81,76,NHL,36,34,true,true,895,104,298,65,2,0,0,
OPTIMIZER,LD,OHL,85,80,NHL,36,34,true,true,988,35,269,68,2,1,1,2039:NHL Championship
OPTIMIZER,C,WHL,84,80,NHL,36,34,true,true,930,311,422,68,2,1,1,2042:NHL Championship
OPTIMIZER,G,SHL,88,84,NHL,36,34,true,false,806,0,0,188,1,1,1,2041:NHL Championship
OPTIMIZER,LD,WHL,85,78,NHL,36,34,true,true,1000,53,233,69,2,1,1,2034:NHL Championship
OPTIMIZER,C,QMJHL,80,74,NHL,38,35,true,true,1047,144,275,71,2,0,0,
OPTIMIZER,RD,USHL,83,77,NHL,36,34,true,true,907,70,228,69,2,0,0,
OPTIMIZER,RW,OHL,83,76,NHL,36,34,true,true,995,476,200,70,2,2,2,2031:NHL Championship | 2040:NHL Championship
OPTIMIZER,RW,SHL,82,76,NHL,36,34,true,true,899,370,155,0,1,2,2,2035:NHL Championship | 2043:NHL Championship
OPTIMIZER,RD,USHL,82,75,NHL,38,35,true,true,968,77,198,71,2,0,0,
OPTIMIZER,LD,NCAA,80,77,NHL,36,34,true,false,815,57,132,71,2,2,2,2035:NHL Championship | 2041:NHL Championship
OPTIMIZER,LD,WHL,84,75,NHL,38,35,true,true,981,86,240,65,2,1,1,2035:NHL Championship
OPTIMIZER,LD,OHL,84,78,NHL,36,34,true,true,927,59,233,65,2,0,0,
OPTIMIZER,LW,LIIGA,83,77,NHL,36,34,true,true,876,385,152,0,1,0,0,
OPTIMIZER,LD,USHL,84,79,NHL,36,34,true,true,929,52,233,65,2,0,0,
OPTIMIZER,LD,NCAA,82,77,NHL,36,34,true,true,929,104,248,70,2,2,2,2031:SHL Championship | 2038:NHL Championship
OPTIMIZER,C,WHL,79,74,NHL,36,34,true,true,916,52,318,68,2,0,0,
OPTIMIZER,G,OHL,89,78,NHL,38,35,true,false,945,0,0,127,2,0,0,
OPTIMIZER,LD,QMJHL,82,80,NHL,36,34,true,false,831,81,199,69,2,0,0,
OPTIMIZER,C,QMJHL,83,77,NHL,38,35,true,true,1070,291,445,71,2,0,0,
OPTIMIZER,RD,NCAA,81,78,NHL,36,34,true,true,860,79,150,66,2,2,2,2030:AHL Championship | 2038:NHL Championship
OPTIMIZER,C,WHL,80,76,NHL,36,34,true,true,871,103,299,68,2,0,0,
OPTIMIZER,LD,USHL,81,72,NHL,38,35,true,false,899,97,188,66,2,0,0,
OPTIMIZER,LD,LIIGA,81,78,NHL,36,34,true,true,884,46,151,0,1,0,0,
OPTIMIZER,LD,SHL,82,79,NHL,36,34,true,false,829,69,201,0,1,0,0,
OPTIMIZER,RD,USHL,83,78,NHL,36,34,true,true,916,100,264,66,2,1,1,2031:SHL Championship
OPTIMIZER,LD,OHL,82,78,NHL,36,34,true,false,824,90,208,65,2,1,1,2032:SHL Championship
OPTIMIZER,LD,USHL,82,75,NHL,38,35,true,true,975,89,233,69,2,1,1,2035:NHL Championship
OPTIMIZER,RD,NCAA,83,78,NHL,36,34,true,true,932,84,240,71,2,0,0,
OPTIMIZER,RW,USHL,83,78,NHL,36,34,true,true,926,419,173,64,2,1,1,2042:NHL Championship
OPTIMIZER,RW,SHL,83,77,NHL,36,34,true,true,896,370,145,0,1,0,0,
OPTIMIZER,LD,SHL,80,76,NHL,36,34,true,false,746,73,144,0,1,3,3,2030:SHL Championship | 2033:SHL Championship | 2043:NHL Championship
OPTIMIZER,C,SHL,83,80,NHL,36,34,true,true,903,236,361,0,1,0,0,
OPTIMIZER,LW,NCAA,83,78,NHL,36,34,true,true,982,410,179,71,2,2,2,2028:NCAA Championship | 2029:NCAA Championship
OPTIMIZER,RW,LIIGA,83,77,NHL,36,34,true,false,828,360,145,0,1,1,1,2042:NHL Championship
OPTIMIZER,RW,SHL,82,77,NHL,36,34,true,true,1001,520,205,0,1,1,1,2031:NHL Championship
OPTIMIZER,C,USHL,85,81,NHL,36,34,true,true,931,278,406,68,2,1,1,2035:NHL Championship
OPTIMIZER,G,OHL,89,84,NHL,36,34,true,false,845,0,0,127,2,0,0,
OPTIMIZER,RD,OHL,82,79,NHL,36,34,true,true,902,108,220,67,2,0,0,
OPTIMIZER,C,OHL,82,78,NHL,36,34,true,true,894,206,348,70,2,0,0,
OPTIMIZER,RD,SHL,81,78,NHL,36,34,true,false,830,54,150,0,1,0,0,
OPTIMIZER,C,LIIGA,82,78,NHL,36,34,true,true,909,195,382,0,1,1,1,2036:NHL Championship
OPTIMIZER,LW,QMJHL,82,77,NHL,36,34,true,true,987,376,156,65,2,0,0,
OPTIMIZER,C,QMJHL,85,81,NHL,36,34,true,true,1018,361,453,70,2,1,1,2041:NHL Championship
OPTIMIZER,RW,OHL,82,78,NHL,36,34,true,true,992,292,158,65,2,1,1,2039:NHL Championship
OPTIMIZER,LW,NCAA,83,78,NHL,36,34,true,true,987,396,194,67,2,2,2,2028:NCAA Championship | 2031:NHL Championship
OPTIMIZER,RD,WHL,83,74,NHL,38,35,true,true,975,72,203,67,2,1,1,2042:NHL Championship
OPTIMIZER,G,USHL,88,82,NHL,36,34,true,false,802,0,0,192,2,1,1,2034:NHL Championship
OPTIMIZER,LD,NCAA,82,78,NHL,36,34,true,true,925,121,227,70,2,1,1,2033:NHL Championship
OPTIMIZER,RD,WHL,85,80,NHL,36,34,true,false,928,64,269,70,2,0,0,
OPTIMIZER,C,SHL,79,73,NHL,38,35,true,true,970,137,274,0,1,2,2,2028:SHL Championship | 2032:NHL Championship
OPTIMIZER,LD,NCAA,84,80,NHL,36,34,true,true,899,72,214,71,2,0,0,
OPTIMIZER,LD,NCAA,84,78,NHL,36,34,true,true,912,59,241,67,2,0,0,
OPTIMIZER,RW,OHL,85,78,NHL,36,34,true,true,997,504,239,71,2,0,0,
OPTIMIZER,LW,SHL,82,72,NHL,38,35,true,false,986,428,175,0,1,1,1,2037:NHL Championship
OPTIMIZER,G,OHL,89,84,NHL,36,34,true,false,846,0,0,117,2,1,1,2027:OHL Championship
OPTIMIZER,LD,QMJHL,84,79,NHL,36,34,true,true,1021,24,275,69,2,0,0,
OPTIMIZER,LW,WHL,81,77,NHL,36,34,true,true,962,302,133,65,2,1,1,2033:NHL Championship
OPTIMIZER,RW,WHL,81,77,NHL,36,34,true,true,964,299,130,69,2,1,1,2026:WHL Championship
OPTIMIZER,RW,USHL,83,78,NHL,36,34,true,true,1003,517,229,67,2,0,0,
OPTIMIZER,RD,QMJHL,83,79,NHL,36,34,true,true,986,67,221,69,2,1,1,2038:NHL Championship
OPTIMIZER,RD,WHL,82,77,NHL,36,34,true,true,899,117,233,71,2,0,0,
OPTIMIZER,LD,QMJHL,85,75,NHL,38,35,true,true,986,66,276,69,2,1,1,2035:NHL Championship
OPTIMIZER,G,LIIGA,88,84,NHL,36,34,true,false,887,0,0,130,1,0,0,
OPTIMIZER,RW,WHL,83,78,NHL,36,34,true,true,875,333,155,70,2,1,1,2029:WHL Championship
OPTIMIZER,RD,WHL,83,78,NHL,36,34,true,false,842,66,175,68,2,1,1,2033:NHL Championship
OPTIMIZER,RD,USHL,84,78,NHL,36,34,true,true,986,25,194,71,2,0,0,
OPTIMIZER,LD,LIIGA,81,77,NHL,36,34,true,true,909,49,165,0,1,0,0,
OPTIMIZER,C,USHL,83,79,NHL,36,34,true,true,976,243,376,69,2,0,0,
OPTIMIZER,LW,SHL,82,75,NHL,36,34,true,true,904,378,135,0,1,1,1,2036:NHL Championship
OPTIMIZER,G,LIIGA,87,83,NHL,36,34,true,false,871,0,0,125,1,2,2,2028:SHL Championship | 2036:NHL Championship
OPTIMIZER,C,OHL,81,74,NHL,38,35,true,true,962,127,284,69,2,0,0,
OPTIMIZER,G,SHL,89,83,NHL,36,34,true,false,765,0,0,184,1,0,0,
OPTIMIZER,G,QMJHL,89,84,NHL,36,34,true,false,902,0,0,128,2,0,0,
OPTIMIZER,C,SHL,82,80,NHL,36,34,true,true,913,236,391,0,1,0,0,
OPTIMIZER,C,WHL,80,77,NHL,36,34,true,true,925,116,324,64,2,0,0,
OPTIMIZER,RD,SHL,82,77,NHL,36,34,true,false,761,79,159,0,1,0,0,
OPTIMIZER,C,SHL,86,81,NHL,36,34,true,true,1003,416,487,0,1,0,0,
OPTIMIZER,RW,USHL,83,76,NHL,38,35,true,false,1092,529,224,66,2,1,1,2041:NHL Championship
OPTIMIZER,RW,WHL,81,73,NHL,38,35,true,false,871,233,123,67,2,2,2,2031:SHL Championship | 2034:NHL Championship
OPTIMIZER,LW,USHL,84,79,NHL,36,34,true,true,993,501,214,71,2,0,0,
OPTIMIZER,G,OHL,87,83,NHL,36,34,true,false,874,0,0,124,2,0,0,
OPTIMIZER,G,NCAA,87,81,NHL,36,34,true,false,880,0,0,132,2,0,0,
OPTIMIZER,RW,SHL,80,76,NHL,36,34,true,true,996,295,139,0,1,0,0,
OPTIMIZER,RD,QMJHL,84,81,NHL,36,34,true,true,1007,86,283,69,2,0,0,
OPTIMIZER,C,WHL,86,81,NHL,36,34,true,true,954,336,462,68,2,0,0,
OPTIMIZER,RW,SHL,82,77,NHL,36,34,true,true,905,381,199,0,1,1,1,2028:SHL Championship
OPTIMIZER,RW,USHL,84,79,NHL,36,34,true,true,1003,502,242,70,2,1,1,2033:NHL Championship
OPTIMIZER,C,LIIGA,86,81,NHL,36,34,true,false,897,344,387,0,1,0,0,
OPTIMIZER,LW,WHL,84,78,NHL,36,34,true,false,927,450,195,69,2,0,0,
OPTIMIZER,LD,SHL,77,72,NHL,36,34,true,false,853,101,155,0,1,0,0,
OPTIMIZER,C,WHL,85,81,NHL,36,34,true,true,1025,353,443,66,2,1,1,2035:NHL Championship
OPTIMIZER,C,OHL,80,78,NHL,36,34,true,true,884,97,274,70,2,0,0,
OPTIMIZER,G,NCAA,86,81,NHL,36,34,true,false,881,0,0,127,2,3,3,2026:NCAA Championship | 2031:AHL Championship | 2040:NHL Championship
OPTIMIZER,G,LIIGA,88,84,NHL,36,34,true,false,809,0,0,190,1,1,1,2028:SHL Championship
OPTIMIZER,RD,NCAA,84,79,NHL,36,34,true,true,904,66,246,65,2,0,0,
OPTIMIZER,G,NCAA,88,83,NHL,36,34,true,false,842,0,0,124,2,1,1,2043:NHL Championship
OPTIMIZER,LD,USHL,84,80,NHL,36,34,true,false,911,67,215,71,2,0,0,
OPTIMIZER,C,OHL,83,80,NHL,36,34,true,false,901,287,387,67,2,2,2,2033:NHL Championship | 2034:NHL Championship
OPTIMIZER,LW,OHL,82,77,NHL,36,34,true,true,1017,485,181,71,2,0,0,
OPTIMIZER,LW,NCAA,82,77,NHL,36,34,true,true,975,464,150,67,2,1,1,2038:NHL Championship
OPTIMIZER,RD,NCAA,84,75,NHL,38,35,true,true,994,53,293,67,2,1,1,2041:NHL Championship
OPTIMIZER,G,WHL,86,81,NHL,36,34,true,false,866,0,0,125,2,0,0,
OPTIMIZER,G,SHL,88,83,NHL,36,34,true,false,875,0,0,123,1,2,2,2027:SHL Championship | 2030:AHL Championship
OPTIMIZER,LW,OHL,82,78,NHL,36,34,true,true,982,398,169,66,2,1,1,2040:NHL Championship
OPTIMIZER,RD,QMJHL,84,80,NHL,36,34,true,true,918,55,225,68,2,1,1,2037:NHL Championship
OPTIMIZER,C,QMJHL,84,81,NHL,36,34,true,true,987,295,413,71,2,0,0,
OPTIMIZER,LD,LIIGA,80,77,NHL,36,34,true,false,811,89,160,0,1,0,0,
OPTIMIZER,LW,OHL,83,78,NHL,36,34,true,true,979,501,218,66,2,0,0,
OPTIMIZER,G,WHL,88,79,NHL,38,35,true,false,948,0,0,121,2,0,0,
OPTIMIZER,G,USHL,85,78,NHL,36,34,true,false,873,0,0,121,2,0,0,
OPTIMIZER,LW,USHL,82,76,NHL,36,34,true,true,1062,474,164,0,2,0,0,
OPTIMIZER,RW,LIIGA,83,77,NHL,36,34,true,true,912,427,166,0,1,1,1,2034:NHL Championship
OPTIMIZER,G,NCAA,89,82,NHL,36,34,true,false,879,0,0,132,2,1,1,2030:AHL Championship
OPTIMIZER,RW,QMJHL,83,77,NHL,36,34,true,false,911,473,190,69,2,0,0,
OPTIMIZER,G,WHL,88,83,NHL,36,34,true,false,814,0,0,201,2,0,0,
OPTIMIZER,G,WHL,89,82,NHL,36,34,true,false,867,0,0,131,2,2,2,2026:WHL Championship | 2041:NHL Championship
OPTIMIZER,LD,QMJHL,83,78,NHL,36,34,true,true,980,83,267,68,2,1,1,2043:NHL Championship
OPTIMIZER,RW,WHL,83,77,NHL,36,34,true,true,1002,501,186,66,2,0,0,
OPTIMIZER,RW,OHL,82,78,NHL,36,34,true,true,886,309,140,69,2,0,0,
OPTIMIZER,LW,SHL,83,77,NHL,36,34,true,true,1008,543,213,0,1,0,0,
OPTIMIZER,LD,SHL,82,77,NHL,36,34,true,true,895,72,216,0,1,0,0,
OPTIMIZER,G,USHL,88,82,NHL,36,34,true,false,870,0,0,125,2,0,0,
OPTIMIZER,C,USHL,82,78,NHL,36,34,true,false,919,202,339,66,2,0,0,
OPTIMIZER,RD,OHL,85,77,NHL,36,34,true,true,984,22,264,69,2,0,0,
OPTIMIZER,C,LIIGA,81,78,NHL,36,34,true,true,884,150,279,0,1,0,0,
OPTIMIZER,LD,SHL,83,80,NHL,36,34,true,false,859,63,212,0,1,0,0,
OPTIMIZER,LW,OHL,80,77,NHL,36,34,true,true,885,235,129,69,2,0,0,
OPTIMIZER,C,LIIGA,79,76,NHL,36,34,true,false,851,92,300,0,1,0,0,
OPTIMIZER,RD,USHL,82,78,NHL,36,34,true,true,950,93,239,71,2,1,1,2041:NHL Championship
OPTIMIZER,LW,OHL,85,78,NHL,36,34,true,true,1003,506,244,69,2,0,0,
OPTIMIZER,C,SHL,81,76,NHL,36,34,true,true,857,124,250,0,1,1,1,2032:NHL Championship
OPTIMIZER,C,WHL,81,78,NHL,36,34,true,true,868,116,243,68,2,0,0,
OPTIMIZER,G,USHL,89,83,NHL,36,34,true,false,876,0,0,127,2,0,0,
OPTIMIZER,LD,SHL,81,77,NHL,36,34,true,true,893,59,162,0,1,1,1,2041:NHL Championship
OPTIMIZER,G,LIIGA,88,82,NHL,36,34,true,false,873,0,0,122,1,1,1,2034:NHL Championship
OPTIMIZER,G,SHL,89,84,NHL,36,34,true,false,862,0,0,122,1,0,0,
OPTIMIZER,C,NCAA,85,80,NHL,36,34,true,false,933,384,462,66,2,0,0,
OPTIMIZER,LW,OHL,84,79,NHL,36,34,true,true,1005,504,224,67,2,0,0,
OPTIMIZER,C,OHL,84,78,NHL,38,35,true,true,1108,415,506,68,2,1,1,2043:NHL Championship
OPTIMIZER,C,USHL,81,78,NHL,36,34,true,false,811,103,241,70,2,0,0,
OPTIMIZER,RW,OHL,83,78,NHL,36,34,true,false,978,500,203,71,2,2,2,2038:NHL Championship | 2039:NHL Championship
OPTIMIZER,C,LIIGA,81,74,NHL,38,35,true,false,902,143,269,0,1,1,1,2043:NHL Championship
OPTIMIZER,C,NCAA,82,80,NHL,36,34,true,true,892,183,386,70,2,2,2,2031:SHL Championship | 2040:NHL Championship
OPTIMIZER,G,QMJHL,84,80,NHL,36,34,true,false,844,0,0,126,2,1,1,2036:NHL Championship
OPTIMIZER,RD,NCAA,85,79,NHL,36,34,true,true,992,39,285,67,2,0,0,
OPTIMIZER,C,USHL,76,71,NHL,36,34,true,false,849,26,322,70,2,0,0,
OPTIMIZER,LD,WHL,83,78,NHL,36,34,true,true,939,113,234,65,2,1,1,2043:NHL Championship
OPTIMIZER,LW,OHL,82,78,NHL,36,34,true,true,977,374,173,66,2,2,2,2034:NHL Championship | 2043:NHL Championship
OPTIMIZER,C,QMJHL,84,82,NHL,36,34,true,true,927,271,433,66,2,1,1,2034:NHL Championship
OPTIMIZER,G,NCAA,86,81,NHL,36,34,true,false,861,0,0,121,2,1,1,2032:NHL Championship
OPTIMIZER,RW,LIIGA,83,77,NHL,36,34,true,false,922,479,177,0,1,1,1,2035:NHL Championship
OPTIMIZER,LD,USHL,83,78,NHL,36,34,true,true,905,73,220,67,2,1,1,2042:NHL Championship
OPTIMIZER,C,NCAA,83,80,NHL,36,34,true,false,918,243,393,68,2,0,0,
OPTIMIZER,RD,SHL,82,76,NHL,36,34,true,false,837,104,215,0,1,0,0,
OPTIMIZER,C,WHL,84,81,NHL,36,34,true,true,997,277,387,71,2,0,0,
OPTIMIZER,RW,NCAA,83,78,NHL,36,34,true,true,999,452,222,66,2,0,0,
OPTIMIZER,RW,USHL,81,78,NHL,36,34,true,true,875,248,120,67,2,0,0,
OPTIMIZER,C,WHL,86,80,NHL,36,34,true,true,991,363,420,65,2,0,0,
OPTIMIZER,RD,SHL,82,79,NHL,36,34,true,true,908,50,194,0,1,1,1,2039:NHL Championship
OPTIMIZER,LD,USHL,83,78,NHL,36,34,true,true,918,81,230,66,2,0,0,
OPTIMIZER,C,USHL,83,80,NHL,36,34,true,true,994,278,407,68,2,2,2,2031:NHL Championship | 2036:NHL Championship
OPTIMIZER,C,NCAA,80,77,NHL,36,34,true,true,878,117,262,68,2,2,2,2029:NCAA Championship | 2032:NHL Championship
OPTIMIZER,RW,WHL,83,78,NHL,36,34,true,true,919,344,167,69,2,1,1,2036:NHL Championship
OPTIMIZER,LW,LIIGA,83,76,NHL,36,34,true,true,907,400,164,0,1,0,0,
OPTIMIZER,C,OHL,85,80,NHL,36,34,true,true,993,381,422,69,2,1,1,2043:NHL Championship
OPTIMIZER,LW,LIIGA,83,78,NHL,36,34,true,true,1008,496,227,0,1,0,0,
OPTIMIZER,C,OHL,83,81,NHL,36,34,true,true,1007,290,424,70,2,0,0,
OPTIMIZER,G,USHL,87,82,NHL,36,34,true,false,893,0,0,128,2,2,2,2032:NHL Championship | 2043:NHL Championship
OPTIMIZER,G,OHL,87,84,NHL,36,34,true,false,868,0,0,118,2,1,1,2031:AHL Championship
OPTIMIZER,RW,LIIGA,83,77,NHL,36,34,true,true,968,394,161,0,1,0,0,
OPTIMIZER,RD,SHL,84,79,NHL,36,34,true,false,812,65,187,0,1,0,0,
OPTIMIZER,RD,LIIGA,83,78,NHL,36,34,true,false,828,44,191,0,1,2,2,2033:NHL Championship | 2040:NHL Championship
OPTIMIZER,RW,LIIGA,84,77,NHL,36,34,true,true,991,416,172,0,1,0,0,
OPTIMIZER,RW,QMJHL,83,78,NHL,36,34,true,false,923,492,204,69,2,1,1,2027:QMJHL Championship
OPTIMIZER,RW,LIIGA,83,79,NHL,36,34,true,false,900,405,165,0,1,0,0,
OPTIMIZER,RW,NCAA,82,78,NHL,36,34,true,true,906,372,168,69,2,1,1,2027:NCAA Championship
OPTIMIZER,LD,USHL,85,81,NHL,36,34,true,true,927,88,288,71,2,1,1,2032:NHL Championship
OPTIMIZER,G,NCAA,89,83,NHL,36,34,true,false,872,0,0,124,2,0,0,
OPTIMIZER,RD,WHL,84,79,NHL,36,34,true,true,1000,32,247,70,2,1,1,2031:NHL Championship
OPTIMIZER,C,USHL,81,79,NHL,36,34,true,true,896,127,298,70,2,1,1,2029:USHL Championship
OPTIMIZER,LD,SHL,81,73,NHL,38,35,true,false,853,56,142,0,1,0,0,
OPTIMIZER,LD,QMJHL,84,79,NHL,36,34,true,true,930,55,258,71,2,0,0,
OPTIMIZER,LD,LIIGA,82,77,NHL,36,34,true,false,831,79,186,0,1,0,0,
OPTIMIZER,LW,WHL,79,75,NHL,36,34,true,true,855,232,110,71,2,0,0,
OPTIMIZER,RW,LIIGA,79,76,NHL,36,34,true,false,799,193,118,0,1,1,1,2038:NHL Championship
OPTIMIZER,LD,NCAA,84,81,NHL,36,34,true,true,912,80,247,69,2,0,0,
OPTIMIZER,C,SHL,79,74,NHL,36,34,true,false,812,92,246,0,1,0,0,
OPTIMIZER,LD,LIIGA,83,78,NHL,36,34,true,true,903,54,224,0,1,0,0,
OPTIMIZER,LW,LIIGA,83,77,NHL,36,34,true,true,1009,467,175,0,1,1,1,2032:NHL Championship
OPTIMIZER,RD,SHL,80,77,NHL,36,34,true,false,822,60,126,0,1,0,0,
OPTIMIZER,C,USHL,82,79,NHL,36,34,true,true,866,143,333,67,2,1,1,2032:NHL Championship
OPTIMIZER,G,NCAA,89,84,NHL,36,34,true,false,861,0,0,127,2,1,1,2034:NHL Championship
OPTIMIZER,C,QMJHL,80,76,NHL,36,34,true,false,772,91,217,69,2,0,0,
OPTIMIZER,LW,NCAA,83,78,NHL,36,34,true,false,901,368,145,68,2,0,0,
OPTIMIZER,RD,WHL,85,80,NHL,36,34,true,true,1012,81,276,67,2,1,1,2032:NHL Championship
OPTIMIZER,C,LIIGA,80,77,NHL,36,34,true,true,894,115,268,0,1,0,0,
OPTIMIZER,LD,OHL,85,79,NHL,36,34,true,false,860,78,227,66,2,0,0,
OPTIMIZER,RD,SHL,82,78,NHL,36,34,true,false,920,67,214,0,1,0,0,
OPTIMIZER,RD,WHL,82,77,NHL,36,34,true,false,819,93,200,66,2,0,0,
OPTIMIZER,RW,LIIGA,80,76,NHL,36,34,true,true,921,286,143,0,1,0,0,
OPTIMIZER,G,LIIGA,88,81,NHL,36,34,true,false,797,0,0,188,1,0,0,
OPTIMIZER,C,WHL,83,81,NHL,36,34,true,true,985,266,429,69,2,2,2,2031:NHL Championship | 2032:NHL Championship
OPTIMIZER,LD,SHL,83,71,NHL,40,36,true,false,999,77,250,0,1,1,1,2029:SHL Championship
OPTIMIZER,RW,SHL,83,73,NHL,38,35,true,false,979,520,211,0,1,0,0,
OPTIMIZER,RW,OHL,83,78,NHL,36,34,true,false,1018,465,195,66,2,2,2,2028:OHL Championship | 2040:NHL Championship
OPTIMIZER,LW,USHL,80,74,NHL,38,35,true,true,1057,287,152,71,2,2,2,2034:NHL Championship | 2041:NHL Championship
OPTIMIZER,G,USHL,88,83,NHL,36,34,true,false,795,0,0,187,2,0,0,
OPTIMIZER,G,OHL,86,82,NHL,36,34,true,false,871,0,0,131,2,1,1,2034:NHL Championship
OPTIMIZER,G,LIIGA,88,84,NHL,36,34,true,false,882,0,0,133,1,0,0,
OPTIMIZER,C,QMJHL,82,78,NHL,36,34,true,true,918,202,359,71,2,2,2,2031:SHL Championship | 2043:NHL Championship
OPTIMIZER,C,NCAA,83,80,NHL,36,34,true,true,986,268,393,66,2,0,0,
OPTIMIZER,LD,OHL,83,78,NHL,36,34,true,true,902,55,196,68,2,1,1,2032:NHL Championship
OPTIMIZER,G,USHL,89,84,NHL,36,34,true,false,896,0,0,118,2,0,0,
OPTIMIZER,LW,QMJHL,82,80,NHL,36,34,true,true,990,328,184,65,2,0,0,
OPTIMIZER,LD,QMJHL,82,77,NHL,36,34,true,false,849,92,178,71,2,0,0,
OPTIMIZER,G,OHL,89,84,NHL,36,34,true,false,868,0,0,122,2,1,1,2030:AHL Championship
OPTIMIZER,C,QMJHL,82,78,NHL,36,34,true,true,1011,297,432,66,2,0,0,
OPTIMIZER,RD,OHL,82,73,NHL,38,35,true,true,958,88,226,71,2,1,1,2029:OHL Championship
OPTIMIZER,RW,LIIGA,81,79,NHL,36,34,true,true,966,299,138,0,1,1,1,2041:NHL Championship
OPTIMIZER,LW,LIIGA,79,77,NHL,36,34,true,false,818,191,128,0,1,0,0,
OPTIMIZER,RD,OHL,82,77,NHL,36,34,true,true,917,104,203,65,2,0,0,
OPTIMIZER,LW,QMJHL,83,75,NHL,38,35,true,true,1067,550,220,68,2,3,3,2029:QMJHL Championship | 2031:NHL Championship | 2032:NHL Championship
OPTIMIZER,RW,QMJHL,79,76,NHL,36,34,true,true,969,233,141,71,2,1,1,2030:AHL Championship
OPTIMIZER,LW,SHL,82,77,NHL,36,34,true,true,975,419,159,0,1,0,0,
OPTIMIZER,LD,SHL,81,77,NHL,36,34,true,false,732,63,133,0,1,0,0,
OPTIMIZER,RD,SHL,84,79,NHL,36,34,true,true,925,32,225,0,1,0,0,
OPTIMIZER,RW,NCAA,82,77,NHL,36,34,true,true,984,486,169,69,2,0,0,
OPTIMIZER,RD,USHL,84,74,NHL,38,35,true,false,1003,83,279,71,2,1,1,2026:USHL Championship
OPTIMIZER,RW,OHL,84,79,NHL,36,34,true,true,1005,468,211,68,2,0,0,
OPTIMIZER,G,QMJHL,89,84,NHL,36,34,true,false,850,0,0,129,2,1,1,2041:NHL Championship
OPTIMIZER,LW,WHL,83,78,NHL,36,34,true,true,1003,501,214,65,2,0,0,
OPTIMIZER,RD,USHL,85,78,NHL,36,34,true,true,901,49,239,71,2,0,0,
OPTIMIZER,LD,QMJHL,85,75,NHL,38,35,true,false,969,54,264,71,2,0,0,
OPTIMIZER,LD,SHL,82,79,NHL,36,34,true,false,820,65,199,0,1,0,0,
OPTIMIZER,C,SHL,81,78,NHL,36,34,true,true,868,128,263,0,1,0,0,
OPTIMIZER,LW,LIIGA,82,79,NHL,36,34,true,true,905,352,169,0,1,0,0,
OPTIMIZER,C,OHL,79,74,NHL,36,34,true,true,865,97,248,67,2,0,0,
OPTIMIZER,LD,QMJHL,83,79,NHL,36,34,true,false,854,101,230,68,2,0,0,
OPTIMIZER,G,WHL,89,84,NHL,36,34,true,false,806,0,0,189,2,0,0,
OPTIMIZER,RD,OHL,84,79,NHL,36,34,true,true,970,42,207,68,2,0,0,
OPTIMIZER,RD,SHL,83,78,NHL,36,34,true,true,1001,45,215,0,1,0,0,
OPTIMIZER,LW,OHL,83,77,NHL,36,34,true,false,995,532,194,69,2,0,0,
OPTIMIZER,G,SHL,88,77,NHL,38,35,true,false,931,0,0,127,1,0,0,
OPTIMIZER,C,OHL,82,79,NHL,36,34,true,false,894,235,329,67,2,0,0,
OPTIMIZER,RD,LIIGA,82,79,NHL,36,34,true,false,827,85,189,0,1,0,0,
OPTIMIZER,RD,USHL,85,73,NHL,38,35,true,true,984,40,246,68,2,0,0,
OPTIMIZER,C,NCAA,86,81,NHL,36,34,true,true,988,421,452,69,2,0,0,
OPTIMIZER,G,SHL,88,82,NHL,36,34,true,false,855,0,0,124,1,0,0,
OPTIMIZER,RD,SHL,81,76,NHL,36,34,true,false,835,54,148,0,1,1,1,2031:SHL Championship
OPTIMIZER,RD,USHL,84,79,NHL,36,34,true,true,904,49,240,67,2,1,1,2029:USHL Championship
OPTIMIZER,G,LIIGA,88,83,NHL,36,34,true,false,878,0,0,124,1,1,1,2039:NHL Championship
OPTIMIZER,G,USHL,88,82,NHL,36,34,true,false,804,0,0,183,2,1,1,2043:NHL Championship
OPTIMIZER,C,WHL,85,81,NHL,36,34,true,true,1011,347,521,66,2,0,0,
OPTIMIZER,RW,QMJHL,83,77,NHL,36,34,true,false,965,404,154,68,2,0,0,
OPTIMIZER,RD,SHL,84,79,NHL,36,34,true,true,906,43,210,0,1,0,0,
OPTIMIZER,G,WHL,89,84,NHL,36,34,true,false,887,0,0,120,2,0,0,
OPTIMIZER,G,OHL,89,84,NHL,36,34,true,false,874,0,0,120,2,0,0,
OPTIMIZER,LD,NCAA,82,78,NHL,36,34,true,false,820,100,195,66,2,1,1,2037:NHL Championship
OPTIMIZER,LW,NCAA,83,76,NHL,36,34,true,true,1022,517,229,71,2,1,1,2031:NHL Championship
OPTIMIZER,RD,QMJHL,84,78,NHL,36,34,true,true,977,53,191,65,2,0,0,
OPTIMIZER,RD,NCAA,81,76,NHL,36,34,true,true,863,58,150,70,2,1,1,2038:NHL Championship
OPTIMIZER,G,WHL,87,81,NHL,36,34,true,false,773,0,0,192,2,0,0,
OPTIMIZER,G,WHL,89,83,NHL,36,34,true,false,888,0,0,120,2,1,1,2038:NHL Championship
OPTIMIZER,LD,OHL,82,78,NHL,36,34,true,true,917,93,208,67,2,0,0,
OPTIMIZER,RD,OHL,83,78,NHL,36,34,true,false,839,102,200,67,2,2,2,2031:SHL Championship | 2033:NHL Championship
OPTIMIZER,C,LIIGA,85,80,NHL,36,34,true,true,925,346,414,0,1,0,0,
OPTIMIZER,G,QMJHL,88,77,NHL,38,35,true,false,971,0,0,131,2,0,0,
OPTIMIZER,RD,QMJHL,82,78,NHL,36,34,true,true,898,72,182,69,2,0,0,
OPTIMIZER,LD,QMJHL,83,79,NHL,36,34,true,true,970,105,245,65,2,1,1,2038:NHL Championship
OPTIMIZER,RD,LIIGA,78,74,NHL,36,34,true,false,746,83,133,0,1,2,2,2027:SHL Championship | 2037:NHL Championship
OPTIMIZER,C,QMJHL,82,78,NHL,36,34,true,true,938,204,411,70,2,0,0,
OPTIMIZER,LW,OHL,83,75,NHL,38,35,true,true,995,520,220,69,2,0,0,
OPTIMIZER,RW,OHL,81,77,NHL,36,34,true,true,903,257,109,66,2,0,0,
OPTIMIZER,RD,OHL,82,79,NHL,36,34,true,true,894,91,218,71,2,0,0,
OPTIMIZER,G,SHL,88,82,NHL,36,34,true,false,842,0,0,127,1,1,1,2030:AHL Championship
OPTIMIZER,LD,SHL,82,78,NHL,36,34,true,false,842,87,191,0,1,0,0,
OPTIMIZER,C,LIIGA,84,81,NHL,36,34,true,false,930,341,457,0,1,1,1,2041:NHL Championship
OPTIMIZER,G,LIIGA,88,81,NHL,36,34,true,false,872,0,0,126,1,0,0,
OPTIMIZER,LD,LIIGA,83,78,NHL,36,34,true,true,908,58,241,0,1,0,0,
OPTIMIZER,LD,OHL,80,77,NHL,36,34,true,false,822,108,155,65,2,2,2,2026:OHL Championship | 2034:NHL Championship
OPTIMIZER,RW,NCAA,81,77,NHL,36,34,true,true,863,227,114,65,2,0,0,
OPTIMIZER,G,QMJHL,89,83,NHL,36,34,true,false,867,0,0,124,2,0,0,
OPTIMIZER,G,SHL,88,75,NHL,40,36,true,false,1011,0,0,120,1,2,2,2032:NHL Championship | 2039:NHL Championship
OPTIMIZER,C,NCAA,83,79,NHL,36,34,true,true,935,257,379,66,2,0,0,
OPTIMIZER,RW,QMJHL,79,74,NHL,38,35,true,true,1033,276,156,68,2,0,0,
OPTIMIZER,RD,NCAA,83,79,NHL,36,34,true,false,820,71,180,66,2,0,0,
OPTIMIZER,C,OHL,83,78,NHL,36,34,true,true,995,272,457,71,2,0,0,
OPTIMIZER,G,OHL,88,81,NHL,36,34,true,false,878,0,0,129,2,0,0,
OPTIMIZER,LD,USHL,84,76,NHL,38,35,true,true,999,80,241,69,2,0,0,
OPTIMIZER,G,QMJHL,89,80,NHL,38,35,true,false,882,0,0,200,2,1,1,2040:NHL Championship
OPTIMIZER,RD,WHL,84,78,NHL,36,34,true,true,936,86,265,70,2,0,0,
OPTIMIZER,G,USHL,88,78,NHL,38,35,true,false,947,0,0,126,2,2,2,2026:USHL Championship | 2028:USHL Championship
OPTIMIZER,G,SHL,88,82,NHL,36,34,true,false,871,0,0,124,1,2,2,2033:NHL Championship | 2037:NHL Championship
OPTIMIZER,RW,WHL,83,75,NHL,38,35,true,true,1067,477,194,70,2,2,2,2041:NHL Championship | 2042:NHL Championship
OPTIMIZER,RW,QMJHL,83,77,NHL,36,34,true,true,960,367,161,68,2,0,0,
OPTIMIZER,RW,SHL,82,72,NHL,38,35,true,true,1068,441,160,0,1,0,0,
OPTIMIZER,G,QMJHL,89,83,NHL,36,34,true,false,853,0,0,131,2,1,1,2042:NHL Championship
OPTIMIZER,LW,QMJHL,84,75,NHL,38,35,true,true,1004,510,210,70,2,2,2,2027:QMJHL Championship | 2029:QMJHL Championship
OPTIMIZER,G,NCAA,87,82,NHL,36,34,true,false,873,0,0,122,2,1,1,2035:NHL Championship
OPTIMIZER,G,SHL,88,79,NHL,38,35,true,false,930,0,0,130,1,0,0,
OPTIMIZER,RD,USHL,84,72,NHL,38,35,true,true,1075,23,268,66,2,1,1,2042:NHL Championship
OPTIMIZER,G,NCAA,89,85,NHL,36,34,true,false,854,0,0,127,2,0,0,
OPTIMIZER,G,NCAA,89,84,NHL,36,34,true,false,866,0,0,125,2,0,0,
OPTIMIZER,LD,SHL,79,70,NHL,38,35,true,false,832,84,149,0,1,1,1,2039:NHL Championship
OPTIMIZER,G,SHL,89,82,NHL,36,34,true,false,804,0,0,188,1,0,0,
OPTIMIZER,RD,LIIGA,82,74,NHL,38,35,true,false,906,100,207,0,1,0,0,
OPTIMIZER,LW,NCAA,80,77,NHL,36,34,true,true,892,271,134,64,2,1,1,2029:NCAA Championship
OPTIMIZER,RW,NCAA,83,73,NHL,38,35,true,true,1045,527,215,67,2,0,0,
OPTIMIZER,LW,OHL,84,78,NHL,36,34,true,true,1018,439,188,69,2,0,0,
OPTIMIZER,RW,OHL,84,78,NHL,36,34,true,false,903,471,194,70,2,2,2,2027:OHL Championship | 2035:NHL Championship
OPTIMIZER,G,OHL,88,84,NHL,36,34,true,false,772,0,0,192,2,1,1,2038:NHL Championship
OPTIMIZER,LW,NCAA,84,77,NHL,36,34,true,false,990,455,199,70,2,1,1,2040:NHL Championship
OPTIMIZER,RW,LIIGA,82,78,NHL,36,34,true,true,913,400,197,0,1,1,1,2032:NHL Championship
OPTIMIZER,RW,NCAA,83,76,NHL,36,34,true,true,991,530,226,70,2,1,1,2043:NHL Championship
OPTIMIZER,LW,OHL,84,78,NHL,36,34,true,true,906,422,211,67,2,1,1,2037:NHL Championship
OPTIMIZER,RD,USHL,82,79,NHL,36,34,true,true,991,72,216,68,2,0,0,
OPTIMIZER,LW,LIIGA,80,75,NHL,36,34,true,false,798,197,109,0,1,0,0,
OPTIMIZER,RW,QMJHL,84,75,NHL,38,35,true,true,991,476,192,69,2,0,0,
OPTIMIZER,G,WHL,88,83,NHL,36,34,true,false,855,0,0,124,2,0,0,
OPTIMIZER,G,SHL,90,83,NHL,36,34,true,false,852,0,0,128,1,0,0,
OPTIMIZER,LW,LIIGA,80,77,NHL,36,34,true,true,937,296,121,0,1,1,1,2031:NHL Championship
OPTIMIZER,LW,SHL,81,74,NHL,38,35,true,true,943,306,136,0,1,1,1,2036:NHL Championship
OPTIMIZER,G,QMJHL,87,83,NHL,36,34,true,false,864,0,0,125,2,2,2,2041:NHL Championship | 2043:NHL Championship
OPTIMIZER,RW,QMJHL,83,75,NHL,38,35,true,false,1057,524,217,68,2,2,2,2029:QMJHL Championship | 2030:AHL Championship
OPTIMIZER,RW,SHL,82,77,NHL,36,34,true,true,993,510,198,0,1,0,0,
OPTIMIZER,RW,WHL,83,77,NHL,36,34,true,false,982,518,225,66,2,2,2,2030:AHL Championship | 2043:NHL Championship
OPTIMIZER,G,OHL,88,82,NHL,36,34,true,false,779,0,0,187,2,0,0,
OPTIMIZER,G,USHL,88,85,NHL,36,34,true,false,860,0,0,119,2,1,1,2040:NHL Championship
OPTIMIZER,C,LIIGA,80,76,NHL,36,34,true,false,783,99,243,0,1,0,0,
OPTIMIZER,RD,LIIGA,83,80,NHL,36,34,true,true,934,55,214,0,1,1,1,2028:SHL Championship
OPTIMIZER,LD,LIIGA,83,79,NHL,36,34,true,true,900,47,183,0,1,2,2,2035:NHL Championship | 2037:NHL Championship
OPTIMIZER,G,LIIGA,88,82,NHL,36,34,true,false,846,0,0,122,1,0,0,
OPTIMIZER,G,USHL,90,84,NHL,36,34,true,false,849,0,0,123,2,0,0,
OPTIMIZER,C,LIIGA,83,72,NHL,40,36,true,true,1142,357,476,0,1,0,0,
OPTIMIZER,RW,NCAA,83,77,NHL,36,34,true,true,1011,535,221,66,2,0,0,
OPTIMIZER,C,WHL,78,73,NHL,36,34,true,true,886,72,266,70,2,0,0,
OPTIMIZER,G,OHL,88,77,NHL,38,35,true,false,928,0,0,124,2,1,1,2032:NHL Championship
OPTIMIZER,LD,SHL,84,77,NHL,36,34,true,true,940,19,260,0,1,1,1,2041:NHL Championship
OPTIMIZER,RD,SHL,84,79,NHL,36,34,true,true,903,45,200,0,1,1,1,2027:SHL Championship
OPTIMIZER,LD,NCAA,82,77,NHL,36,34,true,true,914,67,219,70,2,0,0,
OPTIMIZER,G,OHL,89,85,NHL,36,34,true,false,897,0,0,125,2,1,1,2030:AHL Championship
OPTIMIZER,LD,LIIGA,82,78,NHL,36,34,true,false,764,85,167,0,1,0,0,
OPTIMIZER,C,QMJHL,84,79,NHL,36,34,true,true,985,294,478,69,2,1,1,2035:NHL Championship
OPTIMIZER,C,SHL,83,80,NHL,36,34,true,true,911,236,318,0,1,0,0,
OPTIMIZER,RW,USHL,83,78,NHL,36,34,true,true,971,394,180,69,2,1,1,2040:NHL Championship
OPTIMIZER,LD,WHL,85,76,NHL,38,35,true,true,1092,69,293,66,2,0,0,
OPTIMIZER,LW,QMJHL,83,78,NHL,36,34,true,true,1007,493,204,67,2,1,1,2031:NHL Championship
OPTIMIZER,G,NCAA,87,84,NHL,36,34,true,false,874,0,0,123,2,1,1,2038:NHL Championship
OPTIMIZER,RD,OHL,84,80,NHL,36,34,true,true,975,58,286,65,2,2,2,2027:OHL Championship | 2031:NHL Championship
OPTIMIZER,LW,LIIGA,82,78,NHL,36,34,true,true,983,462,185,0,1,1,1,2029:SHL Championship
OPTIMIZER,LW,USHL,80,77,NHL,36,34,true,true,897,243,122,69,2,1,1,2037:NHL Championship
OPTIMIZER,RW,QMJHL,84,79,NHL,36,34,true,true,994,493,203,66,2,0,0,
OPTIMIZER,RW,OHL,81,73,NHL,38,35,true,true,966,270,126,65,2,1,1,2033:NHL Championship
OPTIMIZER,G,NCAA,88,83,NHL,36,34,true,false,858,0,0,134,2,1,1,2033:NHL Championship
OPTIMIZER,G,LIIGA,89,82,NHL,36,34,true,false,863,0,0,126,1,0,0,
OPTIMIZER,LW,USHL,82,79,NHL,36,34,true,true,882,341,167,66,2,1,1,2035:NHL Championship
OPTIMIZER,RW,OHL,83,77,NHL,36,34,true,true,956,426,155,67,2,0,0,
OPTIMIZER,LD,WHL,81,78,NHL,36,34,true,true,890,75,173,70,2,1,1,2036:NHL Championship
OPTIMIZER,RD,OHL,84,78,NHL,36,34,true,false,843,84,219,66,2,0,0,
OPTIMIZER,C,NCAA,81,74,NHL,38,35,true,true,931,113,296,71,2,2,2,2029:NCAA Championship | 2041:NHL Championship
OPTIMIZER,LW,OHL,83,77,NHL,36,34,true,true,972,392,176,66,2,0,0,
OPTIMIZER,RW,OHL,84,79,NHL,36,34,true,false,1012,486,232,69,2,1,1,2041:NHL Championship
OPTIMIZER,C,OHL,83,78,NHL,36,34,true,true,962,227,359,70,2,1,1,2038:NHL Championship
OPTIMIZER,G,OHL,88,85,NHL,36,34,true,false,868,0,0,124,2,0,0,
OPTIMIZER,RW,QMJHL,83,73,NHL,38,35,true,false,1076,519,212,68,2,1,1,2031:NHL Championship
OPTIMIZER,LW,QMJHL,83,74,NHL,38,35,true,true,1056,563,225,66,2,2,2,2026:QMJHL Championship | 2041:NHL Championship
OPTIMIZER,G,OHL,88,81,NHL,38,35,true,false,962,0,0,123,2,0,0,
OPTIMIZER,G,QMJHL,88,77,NHL,38,35,true,false,879,0,0,179,2,0,0,
OPTIMIZER,G,LIIGA,88,84,NHL,36,34,true,false,792,0,0,182,1,1,1,2032:AHL Championship
OPTIMIZER,LD,LIIGA,84,79,NHL,36,34,true,true,925,43,260,0,1,3,3,2032:NHL Championship | 2042:NHL Championship | 2043:NHL Championship
OPTIMIZER,G,OHL,89,80,NHL,38,35,true,false,872,0,0,176,2,2,2,2028:OHL Championship | 2031:AHL Championship
OPTIMIZER,RW,QMJHL,84,77,NHL,36,34,true,true,1009,492,224,70,2,0,0,
OPTIMIZER,RW,OHL,81,73,NHL,38,35,true,true,1014,277,127,65,2,0,0,
OPTIMIZER,RD,SHL,84,77,NHL,36,34,true,true,927,35,243,0,1,0,0,
OPTIMIZER,RW,LIIGA,80,72,NHL,38,35,true,true,946,278,133,0,1,0,0,
OPTIMIZER,RD,WHL,82,77,NHL,36,34,true,true,906,78,211,69,2,0,0,
OPTIMIZER,C,NCAA,82,79,NHL,36,34,true,true,915,191,423,66,2,1,1,2037:NHL Championship
OPTIMIZER,C,NCAA,85,81,NHL,36,34,true,true,1002,366,427,69,2,1,1,2031:NHL Championship
OPTIMIZER,C,NCAA,81,70,NHL,40,36,true,false,936,127,333,65,2,1,1,2030:AHL Championship
OPTIMIZER,RW,QMJHL,83,77,NHL,36,34,true,true,909,372,170,68,2,0,0,
OPTIMIZER,C,USHL,84,81,NHL,36,34,true,true,983,338,437,65,2,1,1,2042:NHL Championship
OPTIMIZER,LD,WHL,85,80,NHL,36,34,true,false,841,85,243,71,2,0,0,
OPTIMIZER,G,OHL,89,79,NHL,38,35,true,false,942,0,0,126,2,0,0,
OPTIMIZER,G,NCAA,88,84,NHL,36,34,true,false,902,0,0,128,2,1,1,2030:AHL Championship
OPTIMIZER,LD,QMJHL,81,78,NHL,36,34,true,true,882,59,154,67,2,1,1,2039:NHL Championship
OPTIMIZER,G,WHL,89,83,NHL,36,34,true,false,885,0,0,121,2,1,1,2038:NHL Championship
OPTIMIZER,G,SHL,89,84,NHL,36,34,true,false,816,0,0,181,1,1,1,2040:NHL Championship
OPTIMIZER,LW,USHL,83,77,NHL,36,34,true,false,956,484,172,68,2,0,0,
OPTIMIZER,G,QMJHL,85,82,NHL,36,34,true,false,861,0,0,123,2,4,4,2028:QMJHL Championship | 2029:QMJHL Championship | 2033:NHL Championship | 2040:NHL Championship
OPTIMIZER,LW,WHL,83,78,NHL,36,34,true,true,996,535,212,66,2,0,0,
OPTIMIZER,RD,QMJHL,81,78,NHL,36,34,true,true,850,71,154,65,2,0,0,
OPTIMIZER,G,WHL,89,85,NHL,36,34,true,false,860,0,0,134,2,0,0,
OPTIMIZER,C,LIIGA,85,76,NHL,38,35,true,true,1071,380,473,0,1,0,0,
OPTIMIZER,LW,WHL,83,79,NHL,36,34,true,true,922,413,187,68,2,1,1,2032:NHL Championship
OPTIMIZER,C,QMJHL,85,81,NHL,36,34,true,true,1008,429,511,70,2,1,1,2035:NHL Championship
OPTIMIZER,G,SHL,89,85,NHL,36,34,true,false,859,0,0,125,1,1,1,2036:NHL Championship
OPTIMIZER,C,LIIGA,82,78,NHL,36,34,true,true,902,238,316,0,1,1,1,2038:NHL Championship
OPTIMIZER,RW,LIIGA,82,77,NHL,36,34,true,true,1003,502,207,0,1,1,1,2027:SHL Championship
OPTIMIZER,RD,QMJHL,83,79,NHL,36,34,true,true,893,74,194,71,2,0,0,
OPTIMIZER,LW,WHL,83,78,NHL,36,34,true,true,976,416,177,69,2,0,0,
OPTIMIZER,LW,OHL,82,78,NHL,36,34,true,false,889,327,131,67,2,0,0,
OPTIMIZER,RW,USHL,83,77,NHL,36,34,true,true,1012,516,212,70,2,0,0,
OPTIMIZER,LD,SHL,81,78,NHL,36,34,true,false,809,54,153,0,1,0,0,
OPTIMIZER,RW,SHL,83,78,NHL,36,34,true,true,1009,490,211,0,1,0,0,
OPTIMIZER,LW,SHL,83,77,NHL,36,34,true,true,896,401,171,0,1,0,0,
OPTIMIZER,RW,SHL,82,76,NHL,36,34,true,true,971,423,139,0,1,0,0,
OPTIMIZER,RD,NCAA,84,78,NHL,36,34,true,false,925,31,247,66,2,3,3,2028:NCAA Championship | 2029:NCAA Championship | 2031:SHL Championship
OPTIMIZER,RW,LIIGA,82,73,NHL,38,35,true,true,1027,448,170,0,1,2,2,2027:SHL Championship | 2031:NHL Championship
OPTIMIZER,RD,WHL,84,79,NHL,36,34,true,true,999,45,258,69,2,1,1,2043:NHL Championship
OPTIMIZER,RW,SHL,83,76,NHL,36,34,true,true,955,422,156,0,1,0,0,
OPTIMIZER,RW,USHL,83,79,NHL,36,34,true,true,974,391,191,65,2,0,0,
OPTIMIZER,LW,NCAA,83,73,NHL,38,35,true,true,1068,537,209,66,2,0,0,
OPTIMIZER,RW,WHL,83,77,NHL,36,34,true,true,1007,523,202,67,2,0,0,
OPTIMIZER,LW,WHL,81,78,NHL,36,34,true,true,879,272,113,69,2,0,0,
OPTIMIZER,RD,NCAA,84,79,NHL,36,34,true,true,990,32,211,71,2,1,1,2032:NHL Championship
OPTIMIZER,G,USHL,88,84,NHL,36,34,true,false,852,0,0,123,2,0,0,
OPTIMIZER,C,LIIGA,81,77,NHL,36,34,true,true,888,130,253,0,1,0,0,
OPTIMIZER,RD,QMJHL,84,75,NHL,38,35,true,true,992,108,265,67,2,0,0,
OPTIMIZER,RD,WHL,83,78,NHL,36,34,true,true,927,90,237,68,2,0,0,
OPTIMIZER,RW,QMJHL,82,79,NHL,36,34,true,true,986,447,212,68,2,0,0,
OPTIMIZER,RW,OHL,83,76,NHL,36,34,true,true,1008,514,192,70,2,3,3,2034:NHL Championship | 2035:NHL Championship | 2037:NHL Championship
OPTIMIZER,RW,LIIGA,83,78,NHL,36,34,true,true,998,489,188,0,1,1,1,2028:SHL Championship
OPTIMIZER,RW,OHL,84,77,NHL,36,34,true,true,991,471,216,65,2,0,0,
OPTIMIZER,G,QMJHL,88,82,NHL,36,34,true,false,855,0,0,121,2,0,0,
OPTIMIZER,RD,USHL,83,79,NHL,36,34,true,false,835,72,194,68,2,0,0,
OPTIMIZER,G,USHL,88,84,NHL,36,34,true,false,853,0,0,126,2,0,0,
OPTIMIZER,RW,OHL,83,78,NHL,36,34,true,true,977,378,159,67,2,0,0,
OPTIMIZER,RD,WHL,84,76,NHL,38,35,true,true,1072,86,310,67,2,0,0,
OPTIMIZER,G,SHL,89,83,NHL,36,34,true,false,821,0,0,195,1,0,0,
OPTIMIZER,RD,WHL,84,79,NHL,36,34,true,true,980,54,256,67,2,1,1,2034:NHL Championship
OPTIMIZER,RD,LIIGA,84,79,NHL,36,34,true,true,921,48,198,0,1,1,1,2030:SHL Championship
OPTIMIZER,LD,OHL,84,78,NHL,36,34,true,true,918,39,228,66,2,2,2,2033:NHL Championship | 2037:NHL Championship
OPTIMIZER,RD,QMJHL,85,78,NHL,36,34,true,true,985,56,251,70,2,0,0,
OPTIMIZER,RW,SHL,83,78,NHL,36,34,true,true,926,478,217,0,1,2,2,2027:SHL Championship | 2040:NHL Championship
OPTIMIZER,RD,LIIGA,82,79,NHL,36,34,true,false,843,85,220,0,1,2,2,2030:SHL Championship | 2036:NHL Championship
OPTIMIZER,LD,OHL,84,75,NHL,38,35,true,true,965,72,211,67,2,0,0,
OPTIMIZER,RW,USHL,80,77,NHL,36,34,true,false,887,251,122,70,2,2,2,2034:NHL Championship | 2041:NHL Championship
OPTIMIZER,RD,SHL,83,78,NHL,36,34,true,true,908,53,201,0,1,0,0,
OPTIMIZER,LW,QMJHL,83,79,NHL,36,34,true,true,895,395,183,68,2,2,2,2033:NHL Championship | 2041:NHL Championship
OPTIMIZER,LW,LIIGA,82,76,NHL,36,34,true,true,913,479,186,0,1,0,0,
OPTIMIZER,LW,SHL,82,74,NHL,38,35,true,false,923,350,136,0,1,0,0,
OPTIMIZER,C,SHL,83,79,NHL,36,34,true,false,922,265,365,0,1,2,2,2030:SHL Championship | 2038:NHL Championship
OPTIMIZER,C,QMJHL,83,76,NHL,38,35,true,true,992,344,458,71,2,0,0,
OPTIMIZER,LD,WHL,83,79,NHL,36,34,true,false,822,92,195,67,2,0,0,
OPTIMIZER,LD,NCAA,83,78,NHL,36,34,true,false,842,78,191,71,2,0,0,
OPTIMIZER,RW,NCAA,83,78,NHL,36,34,true,true,1008,470,211,65,2,0,0,
OPTIMIZER,RW,USHL,84,78,NHL,36,34,true,true,980,487,219,70,2,2,2,2032:NHL Championship | 2042:NHL Championship
OPTIMIZER,RW,QMJHL,83,77,NHL,36,34,true,true,1007,491,184,70,2,0,0,
OPTIMIZER,C,USHL,84,79,NHL,36,34,true,true,923,253,393,66,2,0,0,
OPTIMIZER,LD,USHL,82,78,NHL,36,34,true,false,835,120,210,67,2,0,0,
OPTIMIZER,G,NCAA,88,83,NHL,36,34,true,false,850,0,0,130,2,0,0,
OPTIMIZER,C,QMJHL,84,80,NHL,36,34,true,true,1017,372,508,67,2,0,0,
OPTIMIZER,LW,SHL,83,74,NHL,38,35,true,true,1025,396,164,0,1,1,1,2041:NHL Championship
OPTIMIZER,G,QMJHL,88,79,NHL,38,35,true,false,953,0,0,127,2,1,1,2033:NHL Championship
OPTIMIZER,RW,LIIGA,82,72,NHL,38,35,true,true,1060,451,163,0,1,0,0,
OPTIMIZER,RW,LIIGA,83,78,NHL,36,34,true,true,881,386,156,0,1,0,0,
OPTIMIZER,G,LIIGA,88,84,NHL,36,34,true,false,813,0,0,184,1,0,0,
OPTIMIZER,LW,OHL,83,77,NHL,36,34,true,true,991,437,158,65,2,2,2,2035:NHL Championship | 2036:NHL Championship
OPTIMIZER,RD,SHL,83,77,NHL,36,34,true,false,833,55,194,0,1,0,0,
OPTIMIZER,LD,QMJHL,84,69,NHL,40,36,true,true,1120,48,244,71,2,1,1,2041:NHL Championship
OPTIMIZER,RD,SHL,82,77,NHL,36,34,true,true,939,89,226,0,1,0,0,
OPTIMIZER,RW,WHL,80,76,NHL,36,34,true,false,785,193,117,66,2,0,0,
OPTIMIZER,RW,LIIGA,82,77,NHL,36,34,true,true,882,343,148,0,1,0,0,
OPTIMIZER,C,USHL,82,78,NHL,36,34,true,true,901,195,366,67,2,1,1,2031:SHL Championship
OPTIMIZER,LD,NCAA,83,79,NHL,36,34,true,true,893,52,187,66,2,0,0,
OPTIMIZER,RW,NCAA,84,77,NHL,36,34,true,true,1001,533,229,67,2,1,1,2032:NHL Championship
OPTIMIZER,RW,USHL,84,78,NHL,36,34,true,true,880,381,156,66,2,0,0,
OPTIMIZER,RD,LIIGA,83,78,NHL,36,34,true,false,841,62,193,0,1,1,1,2042:NHL Championship
OPTIMIZER,LD,NCAA,83,79,NHL,36,34,true,true,928,84,233,69,2,1,1,2043:NHL Championship
OPTIMIZER,LW,OHL,84,79,NHL,36,34,true,true,1001,461,216,70,2,1,1,2027:OHL Championship
OPTIMIZER,LW,QMJHL,83,79,NHL,36,34,true,true,885,359,169,71,2,0,0,
OPTIMIZER,C,USHL,84,79,NHL,36,34,true,true,1004,320,454,70,2,0,0,
OPTIMIZER,RW,OHL,83,77,NHL,36,34,true,false,975,429,156,67,2,0,0,
OPTIMIZER,C,SHL,81,76,NHL,36,34,true,true,887,139,294,0,1,1,1,2033:NHL Championship
OPTIMIZER,RD,QMJHL,82,78,NHL,36,34,true,true,908,82,200,65,2,0,0,
OPTIMIZER,RD,OHL,83,79,NHL,36,34,true,true,924,92,230,70,2,0,0,
OPTIMIZER,LW,OHL,83,78,NHL,36,34,true,true,1032,515,211,70,2,1,1,2028:OHL Championship
OPTIMIZER,C,WHL,78,75,NHL,36,34,true,false,824,38,253,71,2,1,1,2031:SHL Championship
OPTIMIZER,LW,OHL,83,79,NHL,36,34,true,true,937,440,200,67,2,0,0,
OPTIMIZER,LD,OHL,80,74,NHL,36,34,true,true,880,90,175,67,2,1,1,2033:NHL Championship
OPTIMIZER,G,QMJHL,86,81,NHL,36,34,true,false,883,0,0,123,2,0,0,
OPTIMIZER,LW,LIIGA,81,78,NHL,36,34,true,true,958,274,122,0,1,0,0,
OPTIMIZER,RW,SHL,83,78,NHL,36,34,true,true,1000,473,195,0,1,0,0,
OPTIMIZER,G,NCAA,88,84,NHL,36,34,true,false,869,0,0,127,2,2,2,2039:NHL Championship | 2040:NHL Championship
OPTIMIZER,G,USHL,89,83,NHL,36,34,true,false,889,0,0,129,2,0,0,
OPTIMIZER,LD,LIIGA,80,76,NHL,36,34,true,false,797,68,154,0,1,1,1,2039:NHL Championship
OPTIMIZER,RW,LIIGA,82,78,NHL,36,34,true,true,1015,539,224,0,1,1,1,2030:SHL Championship
OPTIMIZER,C,SHL,80,78,NHL,36,34,true,false,813,148,277,0,1,1,1,2027:SHL Championship
OPTIMIZER,C,OHL,83,79,NHL,36,34,true,true,911,223,354,66,2,1,1,2037:NHL Championship
OPTIMIZER,RW,USHL,84,79,NHL,36,34,true,true,1012,472,225,66,2,1,1,2034:NHL Championship
OPTIMIZER,C,NCAA,84,81,NHL,36,34,true,true,1007,300,436,69,2,0,0,
OPTIMIZER,G,WHL,87,81,NHL,36,34,true,false,873,0,0,126,2,2,2,2032:NHL Championship | 2043:NHL Championship
OPTIMIZER,C,OHL,84,77,NHL,38,35,true,true,1081,341,401,70,2,0,0,
OPTIMIZER,G,NCAA,89,80,NHL,38,35,true,false,875,0,0,191,2,0,0,
OPTIMIZER,LW,USHL,83,78,NHL,36,34,true,false,1017,507,212,67,2,0,0,
OPTIMIZER,RW,SHL,83,74,NHL,38,35,true,true,980,421,170,0,1,0,0,
OPTIMIZER,RW,WHL,83,79,NHL,36,34,true,false,915,421,217,67,2,1,1,2028:WHL Championship
OPTIMIZER,RD,NCAA,85,80,NHL,36,34,true,true,910,66,244,69,2,2,2,2026:NCAA Championship | 2040:NHL Championship
OPTIMIZER,LW,SHL,84,77,NHL,36,34,true,true,935,466,204,0,1,0,0,
OPTIMIZER,RW,WHL,82,77,NHL,36,34,true,true,887,314,130,67,2,2,2,2031:SHL Championship | 2039:NHL Championship
OPTIMIZER,G,USHL,88,81,NHL,36,34,true,false,879,0,0,127,2,0,0,
OPTIMIZER,C,NCAA,86,82,NHL,36,34,true,false,931,351,456,70,2,0,0,
OPTIMIZER,LW,WHL,82,79,NHL,36,34,true,true,994,368,183,68,2,0,0,
OPTIMIZER,LD,LIIGA,84,77,NHL,36,34,true,true,946,51,257,0,1,0,0,
OPTIMIZER,LD,OHL,84,78,NHL,36,34,true,true,906,35,216,70,2,1,1,2028:OHL Championship
OPTIMIZER,C,NCAA,80,77,NHL,36,34,true,true,907,133,274,68,2,1,1,2029:NCAA Championship
OPTIMIZER,C,LIIGA,84,78,NHL,38,35,true,true,992,329,527,0,1,0,0,
OPTIMIZER,RD,USHL,82,79,NHL,36,34,true,true,930,79,181,66,2,0,0,
OPTIMIZER,RW,QMJHL,84,74,NHL,38,35,true,true,1066,513,221,70,2,1,1,2033:NHL Championship
OPTIMIZER,C,OHL,82,79,NHL,36,34,true,true,980,194,362,68,2,0,0,
OPTIMIZER,C,USHL,83,75,NHL,38,35,true,true,975,218,375,66,2,0,0,
OPTIMIZER,G,LIIGA,88,83,NHL,36,34,true,false,863,0,0,124,1,0,0,
OPTIMIZER,RD,OHL,83,78,NHL,36,34,true,true,888,57,209,71,2,0,0,
OPTIMIZER,LD,USHL,84,79,NHL,36,34,true,true,908,86,251,68,2,0,0,
OPTIMIZER,LW,SHL,82,77,NHL,36,34,true,true,907,391,165,0,1,0,0,
OPTIMIZER,C,USHL,85,80,NHL,36,34,true,true,916,277,372,64,2,1,1,2042:NHL Championship
OPTIMIZER,LW,SHL,82,78,NHL,36,34,true,true,982,387,185,0,1,0,0,
OPTIMIZER,LW,SHL,83,74,NHL,38,35,true,true,989,498,232,0,1,0,0,
OPTIMIZER,G,SHL,88,82,NHL,36,34,true,false,851,0,0,119,1,1,1,2032:NHL Championship
OPTIMIZER,RW,NCAA,83,77,NHL,36,34,true,true,1008,527,187,66,2,0,0,
OPTIMIZER,LW,OHL,83,75,NHL,38,35,true,true,998,487,194,69,2,0,0,
OPTIMIZER,LD,QMJHL,84,80,NHL,36,34,true,true,1019,64,273,65,2,0,0,
OPTIMIZER,G,NCAA,86,81,NHL,36,34,true,false,809,0,0,183,2,0,0,
OPTIMIZER,RD,USHL,85,80,NHL,36,34,true,true,912,103,263,69,2,0,0,
OPTIMIZER,C,LIIGA,81,78,NHL,36,34,true,true,911,109,255,0,1,1,1,2026:LIIGA Championship
OPTIMIZER,RW,QMJHL,82,79,NHL,36,34,true,false,922,368,170,71,2,1,1,2026:QMJHL Championship
OPTIMIZER,C,LIIGA,83,79,NHL,36,34,true,true,913,263,403,0,1,1,1,2041:NHL Championship
OPTIMIZER,LW,OHL,84,77,NHL,36,34,true,true,974,512,217,64,2,0,0,
OPTIMIZER,LW,WHL,81,77,NHL,36,34,true,true,881,231,134,65,2,0,0,
OPTIMIZER,RD,QMJHL,85,80,NHL,36,34,true,true,994,56,303,69,2,1,1,2039:NHL Championship
OPTIMIZER,RD,NCAA,85,80,NHL,36,34,true,false,897,60,262,71,2,1,1,2041:NHL Championship
OPTIMIZER,RW,OHL,83,78,NHL,36,34,true,true,1026,504,209,65,2,4,4,2026:OHL Championship | 2029:OHL Championship | 2031:NHL Championship | 2036:NHL Championship
OPTIMIZER,RW,QMJHL,83,76,NHL,36,34,true,true,976,527,202,67,2,1,1,2027:QMJHL Championship
OPTIMIZER,C,QMJHL,85,82,NHL,36,34,true,true,1004,353,472,71,2,0,0,
OPTIMIZER,G,USHL,90,84,NHL,36,34,true,false,876,0,0,116,2,0,0,
OPTIMIZER,RD,OHL,84,79,NHL,36,34,true,false,852,85,211,67,2,1,1,2036:NHL Championship
OPTIMIZER,G,LIIGA,88,85,NHL,36,34,true,false,801,0,0,178,1,1,1,2037:NHL Championship
OPTIMIZER,C,QMJHL,83,78,NHL,36,34,true,true,1004,264,434,71,2,0,0,
OPTIMIZER,G,NCAA,89,83,NHL,36,34,true,false,859,0,0,123,2,0,0,
OPTIMIZER,C,QMJHL,84,81,NHL,36,34,true,false,952,328,440,67,2,2,2,2035:NHL Championship | 2041:NHL Championship
OPTIMIZER,LD,USHL,82,79,NHL,36,34,true,true,970,86,232,70,2,1,1,2036:NHL Championship
OPTIMIZER,RW,QMJHL,82,77,NHL,36,34,true,true,968,416,158,66,2,2,2,2026:QMJHL Championship | 2030:AHL Championship
OPTIMIZER,RD,QMJHL,84,73,NHL,38,35,true,true,1060,66,298,64,2,0,0,
OPTIMIZER,LW,LIIGA,82,76,NHL,36,34,true,true,989,403,153,0,1,1,1,2043:NHL Championship
OPTIMIZER,G,QMJHL,88,78,NHL,38,35,true,false,903,0,0,193,2,1,1,2040:NHL Championship
OPTIMIZER,LD,OHL,85,79,NHL,36,34,true,true,1011,30,286,70,2,0,0,
OPTIMIZER,LD,LIIGA,84,77,NHL,36,34,true,true,922,35,235,0,1,0,0,
OPTIMIZER,C,LIIGA,83,77,NHL,38,35,true,false,905,262,401,0,1,0,0,
OPTIMIZER,LD,OHL,85,75,NHL,38,35,true,true,986,92,280,64,2,0,0,
OPTIMIZER,C,SHL,79,75,NHL,36,34,true,false,829,71,240,0,1,2,2,2029:SHL Championship | 2042:NHL Championship
OPTIMIZER,LW,SHL,83,78,NHL,36,34,true,true,958,385,162,0,1,0,0,
OPTIMIZER,LD,USHL,84,80,NHL,36,34,true,true,922,88,234,69,2,1,1,2034:NHL Championship
OPTIMIZER,G,LIIGA,89,79,NHL,38,35,true,false,935,0,0,116,1,1,1,2039:NHL Championship
OPTIMIZER,RD,NCAA,83,79,NHL,36,34,true,true,1006,78,251,65,2,0,0,
OPTIMIZER,LW,LIIGA,83,72,NHL,38,35,true,true,1021,410,152,0,1,0,0,
OPTIMIZER,C,OHL,82,78,NHL,36,34,true,true,870,141,308,70,2,0,0,
OPTIMIZER,LD,NCAA,82,78,NHL,36,34,true,true,898,72,213,66,2,0,0,
OPTIMIZER,LD,NCAA,84,80,NHL,36,34,true,true,897,44,212,71,2,1,1,2031:SHL Championship
OPTIMIZER,C,USHL,86,80,NHL,36,34,true,true,994,392,438,67,2,1,1,2026:USHL Championship
OPTIMIZER,G,NCAA,87,78,NHL,38,35,true,false,868,0,0,177,2,0,0,
OPTIMIZER,G,USHL,86,80,NHL,36,34,true,false,854,0,0,126,2,0,0,
OPTIMIZER,LW,SHL,83,76,NHL,36,34,true,true,886,390,148,0,1,0,0,
OPTIMIZER,C,OHL,81,78,NHL,36,34,true,true,958,141,306,71,2,0,0,
OPTIMIZER,C,NCAA,81,78,NHL,36,34,true,true,881,112,299,71,2,0,0,
OPTIMIZER,LD,USHL,84,78,NHL,36,34,true,true,962,35,246,69,2,0,0,
OPTIMIZER,RW,SHL,82,78,NHL,36,34,true,true,932,391,173,0,1,0,0,
OPTIMIZER,RD,NCAA,84,79,NHL,36,34,true,true,1009,49,254,70,2,1,1,2028:NCAA Championship
OPTIMIZER,LW,USHL,79,75,NHL,36,34,true,true,903,212,137,69,2,0,0,
OPTIMIZER,G,OHL,87,81,NHL,36,34,true,false,778,0,0,197,2,2,2,2032:AHL Championship | 2043:NHL Championship
OPTIMIZER,LW,OHL,83,77,NHL,36,34,true,true,967,397,190,65,2,0,0,
OPTIMIZER,LD,SHL,83,79,NHL,36,34,true,true,896,45,204,0,1,0,0,
OPTIMIZER,RW,OHL,80,77,NHL,36,34,true,true,889,237,143,68,2,1,1,2028:OHL Championship
OPTIMIZER,RW,SHL,80,73,NHL,38,35,true,true,969,277,133,0,1,1,1,2039:NHL Championship
OPTIMIZER,RD,SHL,84,80,NHL,36,34,true,true,931,46,214,0,1,0,0,
OPTIMIZER,RW,USHL,82,78,NHL,36,34,true,true,1010,456,173,71,2,3,3,2026:USHL Championship | 2033:NHL Championship | 2039:NHL Championship
OPTIMIZER,RW,QMJHL,84,79,NHL,36,34,true,false,934,480,235,68,2,2,2,2029:QMJHL Championship | 2042:NHL Championship
OPTIMIZER,LW,WHL,81,75,NHL,38,35,true,true,1032,349,144,64,2,1,1,2039:NHL Championship
OPTIMIZER,RD,QMJHL,83,79,NHL,36,34,true,false,845,88,195,69,2,2,2,2033:NHL Championship | 2042:NHL Championship
OPTIMIZER,RD,NCAA,83,80,NHL,36,34,true,false,902,52,214,66,2,2,2,2028:NCAA Championship | 2031:SHL Championship
OPTIMIZER,LW,USHL,83,78,NHL,36,34,true,true,989,500,190,70,2,0,0,
OPTIMIZER,G,WHL,89,83,NHL,36,34,true,false,875,0,0,116,2,1,1,2028:WHL Championship
OPTIMIZER,G,USHL,88,82,NHL,36,34,true,false,809,0,0,188,2,1,1,2040:NHL Championship
OPTIMIZER,C,USHL,84,80,NHL,36,34,true,true,996,312,476,68,2,1,1,2030:AHL Championship
OPTIMIZER,G,SHL,87,83,NHL,36,34,true,false,877,0,0,124,1,1,1,2027:SHL Championship
OPTIMIZER,LW,WHL,83,76,NHL,36,34,true,true,1002,527,237,71,2,0,0,
OPTIMIZER,C,QMJHL,83,81,NHL,36,34,true,true,906,256,406,64,2,0,0,
OPTIMIZER,LD,LIIGA,83,77,NHL,36,34,true,true,936,62,221,0,1,1,1,2035:NHL Championship
OPTIMIZER,LW,SHL,82,78,NHL,36,34,true,true,1001,389,184,0,1,3,3,2029:SHL Championship | 2038:NHL Championship | 2039:NHL Championship
OPTIMIZER,LD,SHL,81,76,NHL,36,34,true,false,830,62,136,0,1,0,0,
OPTIMIZER,C,SHL,86,77,NHL,38,35,true,true,1071,389,464,0,1,0,0,
OPTIMIZER,RW,LIIGA,81,78,NHL,36,34,true,true,881,264,133,0,1,1,1,2037:NHL Championship
OPTIMIZER,RD,LIIGA,82,78,NHL,36,34,true,true,914,67,214,0,1,1,1,2028:SHL Championship
OPTIMIZER,RW,LIIGA,81,74,NHL,38,35,true,false,877,296,133,0,1,1,1,2038:NHL Championship
OPTIMIZER,RW,QMJHL,83,78,NHL,36,34,true,true,988,424,189,65,2,2,2,2030:AHL Championship | 2031:NHL Championship
OPTIMIZER,C,LIIGA,80,77,NHL,36,34,true,true,863,95,298,0,1,0,0,
OPTIMIZER,C,QMJHL,84,81,NHL,36,34,true,true,998,319,485,68,2,1,1,2036:NHL Championship
OPTIMIZER,RW,OHL,83,73,NHL,38,35,true,true,995,407,171,68,2,0,0,
OPTIMIZER,RD,LIIGA,81,76,NHL,36,34,true,true,856,46,146,0,1,1,1,2034:NHL Championship
OPTIMIZER,LD,NCAA,83,80,NHL,36,34,true,false,824,96,217,65,2,0,0,
OPTIMIZER,G,WHL,89,83,NHL,36,34,true,false,873,0,0,130,2,0,0,
OPTIMIZER,C,WHL,83,79,NHL,36,34,true,true,991,320,451,69,2,0,0,
OPTIMIZER,LD,USHL,82,78,NHL,36,34,true,false,831,100,203,67,2,2,2,2028:USHL Championship | 2041:NHL Championship
OPTIMIZER,RD,NCAA,84,80,NHL,36,34,true,true,908,66,203,71,2,3,3,2035:NHL Championship | 2039:NHL Championship | 2041:NHL Championship
OPTIMIZER,LW,OHL,83,73,NHL,38,35,true,false,1026,471,159,69,2,1,1,2042:NHL Championship
OPTIMIZER,C,NCAA,84,80,NHL,36,34,true,true,918,292,400,66,2,1,1,2041:NHL Championship
OPTIMIZER,LD,LIIGA,83,78,NHL,36,34,true,false,816,61,185,0,1,0,0,
OPTIMIZER,C,LIIGA,80,75,NHL,36,34,true,true,890,122,241,0,1,0,0,
OPTIMIZER,RW,USHL,81,78,NHL,36,34,true,true,898,234,128,64,2,2,2,2029:USHL Championship | 2039:NHL Championship
OPTIMIZER,LD,OHL,84,79,NHL,36,34,true,false,847,105,234,66,2,0,0,
OPTIMIZER,RD,SHL,83,78,NHL,36,34,true,true,903,44,197,0,1,0,0,
OPTIMIZER,LW,SHL,82,77,NHL,36,34,true,true,984,465,186,0,1,1,1,2029:SHL Championship
OPTIMIZER,G,LIIGA,89,82,NHL,36,34,true,false,876,0,0,118,1,1,1,2039:NHL Championship
OPTIMIZER,G,NCAA,88,79,NHL,38,35,true,false,894,0,0,183,2,0,0,
OPTIMIZER,LD,NCAA,84,79,NHL,36,34,true,true,992,51,227,70,2,0,0,
OPTIMIZER,LD,USHL,84,80,NHL,36,34,true,true,992,55,251,67,2,0,0,
OPTIMIZER,LD,WHL,82,76,NHL,36,34,true,false,850,118,218,65,2,1,1,2041:NHL Championship
OPTIMIZER,G,WHL,89,84,NHL,36,34,true,false,882,0,0,121,2,0,0,
OPTIMIZER,G,LIIGA,88,80,NHL,38,35,true,false,944,0,0,127,1,2,2,2029:SHL Championship | 2040:NHL Championship
OPTIMIZER,RW,QMJHL,84,74,NHL,38,35,true,true,1083,557,210,65,2,0,0,
OPTIMIZER,LW,WHL,83,78,NHL,36,34,true,false,935,407,179,71,2,0,0,
OPTIMIZER,LW,LIIGA,82,77,NHL,36,34,true,true,920,403,166,0,1,1,1,2035:NHL Championship
OPTIMIZER,RD,NCAA,84,75,NHL,38,35,true,true,1066,30,288,65,2,0,0,
OPTIMIZER,C,WHL,82,76,NHL,38,35,true,true,995,195,382,69,2,0,0,
OPTIMIZER,LW,WHL,84,73,NHL,38,35,true,true,1087,554,244,70,2,0,0,
OPTIMIZER,LW,USHL,84,73,NHL,38,35,true,true,1097,557,225,65,2,0,0,
OPTIMIZER,C,QMJHL,83,80,NHL,36,34,true,true,919,263,389,69,2,2,2,2041:NHL Championship | 2043:NHL Championship
OPTIMIZER,RW,LIIGA,83,77,NHL,36,34,true,true,994,506,210,0,1,0,0,
OPTIMIZER,RW,WHL,84,78,NHL,36,34,true,true,905,453,218,68,2,1,1,2029:WHL Championship
OPTIMIZER,LW,SHL,82,78,NHL,36,34,true,true,901,370,157,0,1,1,1,2036:NHL Championship
OPTIMIZER,LW,OHL,83,78,NHL,36,34,true,true,969,403,166,64,2,0,0,
OPTIMIZER,LW,WHL,82,77,NHL,36,34,true,false,969,482,187,66,2,0,0,
OPTIMIZER,RW,WHL,84,78,NHL,36,34,true,true,993,520,237,64,2,0,0,
OPTIMIZER,LD,QMJHL,83,79,NHL,36,34,true,true,982,45,242,66,2,1,1,2038:NHL Championship
OPTIMIZER,LW,USHL,83,77,NHL,36,34,true,true,979,490,212,65,2,1,1,2027:USHL Championship
OPTIMIZER,RD,WHL,83,80,NHL,36,34,true,true,1000,79,246,69,2,0,0,
OPTIMIZER,C,QMJHL,81,79,NHL,36,34,true,true,921,113,258,69,2,2,2,2033:NHL Championship | 2037:NHL Championship
OPTIMIZER,LD,SHL,80,78,NHL,36,34,true,false,807,61,155,0,1,0,0,
OPTIMIZER,G,USHL,89,82,NHL,36,34,true,false,808,0,0,184,2,0,0,
OPTIMIZER,RD,SHL,82,78,NHL,36,34,true,true,930,59,195,0,1,1,1,2034:NHL Championship
OPTIMIZER,G,NCAA,88,84,NHL,36,34,true,false,795,0,0,180,2,3,3,2028:NCAA Championship | 2029:NCAA Championship | 2036:NHL Championship
OPTIMIZER,LD,USHL,83,78,NHL,36,34,true,false,834,82,205,70,2,0,0,
OPTIMIZER,RW,OHL,83,74,NHL,38,35,true,true,1055,520,228,65,2,1,1,2027:OHL Championship
OPTIMIZER,LD,OHL,83,79,NHL,36,34,true,true,930,98,259,67,2,1,1,2026:OHL Championship
OPTIMIZER,RD,SHL,82,78,NHL,36,34,true,false,861,101,211,0,1,0,0,
OPTIMIZER,RW,USHL,83,78,NHL,36,34,true,false,986,478,186,71,2,0,0,
OPTIMIZER,RD,USHL,82,78,NHL,36,34,true,true,898,77,202,65,2,0,0,
OPTIMIZER,RW,SHL,83,77,NHL,36,34,true,true,968,494,211,0,1,0,0,
OPTIMIZER,G,NCAA,87,82,NHL,36,34,true,false,860,0,0,122,2,0,0,
OPTIMIZER,G,SHL,89,82,NHL,36,34,true,false,870,0,0,130,1,1,1,2031:AHL Championship
OPTIMIZER,RW,USHL,82,77,NHL,36,34,true,true,968,414,159,66,2,0,0,
OPTIMIZER,RD,OHL,83,79,NHL,36,34,true,false,844,72,187,67,2,1,1,2028:OHL Championship
OPTIMIZER,RD,OHL,84,75,NHL,38,35,true,false,925,90,252,67,2,0,0,
OPTIMIZER,LD,WHL,81,77,NHL,36,34,true,true,879,63,140,68,2,0,0,
OPTIMIZER,RW,NCAA,80,75,NHL,36,34,true,true,875,207,109,68,2,1,1,2029:NCAA Championship
OPTIMIZER,RD,QMJHL,83,79,NHL,36,34,true,true,919,71,224,65,2,1,1,2036:NHL Championship
OPTIMIZER,RW,QMJHL,81,79,NHL,36,34,true,true,952,282,132,65,2,1,1,2035:NHL Championship
OPTIMIZER,RW,USHL,84,77,NHL,36,34,true,true,907,418,184,65,2,0,0,
OPTIMIZER,G,USHL,89,82,NHL,36,34,true,false,798,0,0,188,2,2,2,2040:NHL Championship | 2043:NHL Championship
OPTIMIZER,LD,LIIGA,82,77,NHL,36,34,true,false,834,83,207,0,1,1,1,2036:NHL Championship
OPTIMIZER,LW,SHL,82,73,NHL,38,35,true,true,1075,415,156,0,1,1,1,2035:NHL Championship
OPTIMIZER,RW,QMJHL,83,77,NHL,36,34,true,true,993,379,163,66,2,1,1,2043:NHL Championship
OPTIMIZER,LW,USHL,84,78,NHL,36,34,true,true,999,506,203,66,2,1,1,2029:USHL Championship
OPTIMIZER,G,OHL,89,82,NHL,36,34,true,false,814,0,0,196,2,0,0,
OPTIMIZER,RW,WHL,83,78,NHL,36,34,true,true,997,458,190,71,2,0,0,
OPTIMIZER,C,SHL,84,77,NHL,38,35,true,true,1031,318,467,0,1,0,0,
OPTIMIZER,RD,WHL,83,80,NHL,36,34,true,true,981,58,275,65,2,0,0,
OPTIMIZER,RD,WHL,83,80,NHL,36,34,true,true,987,83,236,66,2,1,1,2034:NHL Championship
OPTIMIZER,LW,USHL,83,76,NHL,36,34,true,true,998,508,184,71,2,1,1,2038:NHL Championship
OPTIMIZER,RD,SHL,83,78,NHL,36,34,true,true,938,45,225,0,1,0,0,
OPTIMIZER,RD,WHL,81,78,NHL,36,34,true,false,735,83,149,70,2,0,0,
OPTIMIZER,C,USHL,83,79,NHL,36,34,true,false,953,246,309,67,2,1,1,2034:NHL Championship
OPTIMIZER,C,SHL,80,75,NHL,36,34,true,true,883,118,266,0,1,0,0,
OPTIMIZER,LD,NCAA,80,72,NHL,38,35,true,true,961,81,154,67,2,1,1,2031:SHL Championship
OPTIMIZER,C,LIIGA,83,79,NHL,36,34,true,true,1004,291,402,0,1,0,0,
OPTIMIZER,C,QMJHL,86,76,NHL,38,35,true,true,1053,396,447,65,2,0,0,
OPTIMIZER,RW,SHL,81,77,NHL,36,34,true,false,789,244,117,0,1,0,0,
OPTIMIZER,LD,OHL,84,80,NHL,36,34,true,true,919,89,229,66,2,1,1,2034:NHL Championship
OPTIMIZER,LW,LIIGA,82,76,NHL,36,34,true,false,893,400,153,0,1,1,1,2027:SHL Championship
OPTIMIZER,RW,SHL,83,77,NHL,36,34,true,true,934,436,187,0,1,2,2,2027:SHL Championship | 2031:SHL Championship
OPTIMIZER,RD,OHL,82,79,NHL,36,34,true,false,833,106,218,66,2,1,1,2035:NHL Championship
OPTIMIZER,G,USHL,90,84,NHL,36,34,true,false,867,0,0,127,2,0,0,
OPTIMIZER,RD,SHL,83,79,NHL,36,34,true,true,892,43,205,0,1,1,1,2036:NHL Championship
OPTIMIZER,C,NCAA,82,79,NHL,36,34,true,false,841,178,334,67,2,0,0,
OPTIMIZER,LD,QMJHL,83,79,NHL,36,34,true,true,899,68,182,69,2,1,1,2041:NHL Championship
OPTIMIZER,G,USHL,88,84,NHL,36,34,true,false,811,0,0,189,2,2,2,2029:USHL Championship | 2041:NHL Championship
OPTIMIZER,G,USHL,87,84,NHL,36,34,true,false,883,0,0,127,2,0,0,
OPTIMIZER,LW,QMJHL,83,78,NHL,36,34,true,true,926,405,189,69,2,1,1,2037:NHL Championship
OPTIMIZER,LD,SHL,83,77,NHL,36,34,true,true,902,58,214,0,1,1,1,2036:NHL Championship
OPTIMIZER,RW,USHL,83,79,NHL,36,34,true,true,921,464,212,68,2,1,1,2038:NHL Championship
OPTIMIZER,LW,WHL,83,77,NHL,36,34,true,true,978,494,198,66,2,0,0,
OPTIMIZER,RD,WHL,84,80,NHL,36,34,true,true,920,72,231,70,2,0,0,
OPTIMIZER,RD,OHL,83,79,NHL,36,34,true,false,846,76,191,67,2,1,1,2030:AHL Championship
OPTIMIZER,LD,SHL,80,76,NHL,36,34,true,false,840,69,140,0,1,0,0,
OPTIMIZER,LD,LIIGA,82,74,NHL,38,35,true,true,981,84,220,0,1,0,0,
OPTIMIZER,RD,NCAA,84,77,NHL,36,34,true,true,971,22,291,70,2,1,1,2043:NHL Championship
OPTIMIZER,C,USHL,87,76,NHL,38,35,true,false,1008,463,537,67,2,2,2,2032:NHL Championship | 2039:NHL Championship
OPTIMIZER,RW,WHL,83,77,NHL,36,34,true,true,995,458,205,68,2,1,1,2028:WHL Championship
OPTIMIZER,G,SHL,88,75,NHL,40,36,true,false,1009,0,0,120,1,0,0,
OPTIMIZER,LW,QMJHL,83,77,NHL,36,34,true,true,921,419,188,67,2,0,0,
OPTIMIZER,LD,LIIGA,82,78,NHL,36,34,true,false,806,57,184,0,1,2,2,2026:LIIGA Championship | 2041:NHL Championship
OPTIMIZER,RW,NCAA,84,73,NHL,38,35,true,true,985,510,229,69,2,0,0,
OPTIMIZER,C,SHL,79,75,NHL,36,34,true,true,893,97,286,0,1,0,0,
OPTIMIZER,G,USHL,88,81,NHL,36,34,true,false,854,0,0,122,2,1,1,2031:AHL Championship
OPTIMIZER,LW,LIIGA,84,79,NHL,36,34,true,true,1003,497,232,0,1,0,0,
OPTIMIZER,G,WHL,87,82,NHL,36,34,true,false,868,0,0,116,2,1,1,2040:NHL Championship
OPTIMIZER,RD,SHL,81,77,NHL,36,34,true,false,805,56,139,0,1,1,1,2043:NHL Championship
OPTIMIZER,RW,LIIGA,82,78,NHL,36,34,true,true,918,376,142,0,1,1,1,2027:SHL Championship
OPTIMIZER,G,LIIGA,89,80,NHL,38,35,true,false,924,0,0,121,1,0,0,
OPTIMIZER,LD,USHL,83,81,NHL,36,34,true,true,988,72,201,68,2,0,0,
OPTIMIZER,G,USHL,88,84,NHL,36,34,true,false,858,0,0,121,2,0,0,
OPTIMIZER,G,USHL,88,83,NHL,36,34,true,false,790,0,0,191,2,0,0,
OPTIMIZER,C,NCAA,85,80,NHL,36,34,true,true,936,377,397,68,2,0,0,
OPTIMIZER,RW,USHL,83,77,NHL,36,34,true,false,930,414,137,71,2,0,0,
OPTIMIZER,LD,QMJHL,82,79,NHL,36,34,true,true,891,83,230,70,2,1,1,2031:SHL Championship
OPTIMIZER,RW,WHL,84,77,NHL,36,34,true,true,1001,482,188,66,2,0,0,
OPTIMIZER,LW,QMJHL,83,77,NHL,36,34,true,true,1023,504,217,71,2,1,1,2030:AHL Championship
OPTIMIZER,RW,SHL,82,76,NHL,36,34,true,false,895,367,142,0,1,0,0,
OPTIMIZER,C,SHL,81,79,NHL,36,34,true,false,806,119,269,0,1,0,0,
OPTIMIZER,G,USHL,88,84,NHL,36,34,true,false,829,0,0,196,2,1,1,2026:USHL Championship
OPTIMIZER,G,QMJHL,88,81,NHL,38,35,true,false,862,0,0,189,2,0,0,
OPTIMIZER,RW,SHL,83,77,NHL,36,34,true,true,1003,499,195,0,1,1,1,2039:NHL Championship
OPTIMIZER,LD,SHL,81,72,NHL,38,35,true,false,805,72,132,0,1,4,4,2030:SHL Championship | 2033:SHL Championship | 2037:NHL Championship | 2043:NHL Championship
OPTIMIZER,LD,NCAA,84,78,NHL,36,34,true,true,922,28,258,69,2,0,0,
OPTIMIZER,G,NCAA,89,83,NHL,36,34,true,false,849,0,0,120,2,0,0,
OPTIMIZER,RW,NCAA,82,72,NHL,38,35,true,true,1038,397,146,69,2,0,0,
OPTIMIZER,G,SHL,88,83,NHL,36,34,true,false,786,0,0,183,1,1,1,2041:NHL Championship
OPTIMIZER,RD,NCAA,84,75,NHL,38,35,true,true,973,97,230,70,2,2,2,2039:NHL Championship | 2044:NHL Championship
OPTIMIZER,LW,QMJHL,83,79,NHL,36,34,true,true,974,382,168,69,2,0,0,
OPTIMIZER,RW,WHL,84,77,NHL,36,34,true,true,978,536,218,71,2,0,0,
OPTIMIZER,LD,OHL,83,77,NHL,36,34,true,true,922,118,235,68,2,1,1,2040:NHL Championship
OPTIMIZER,LD,QMJHL,83,80,NHL,36,34,true,true,899,62,241,70,2,0,0,
OPTIMIZER,LD,QMJHL,83,78,NHL,36,34,true,true,882,58,177,66,2,1,1,2032:NHL Championship
OPTIMIZER,RW,WHL,82,78,NHL,36,34,true,true,974,380,173,71,2,0,0,
OPTIMIZER,C,WHL,83,76,NHL,38,35,true,true,1048,245,445,71,2,1,1,2028:WHL Championship
OPTIMIZER,LW,SHL,83,78,NHL,36,34,true,true,916,459,176,0,1,0,0,
OPTIMIZER,C,LIIGA,81,77,NHL,36,34,true,false,737,98,203,0,1,0,0,
OPTIMIZER,G,USHL,89,82,NHL,36,34,true,false,864,0,0,124,2,1,1,2037:NHL Championship
OPTIMIZER,LD,OHL,84,78,NHL,36,34,true,true,897,57,185,66,2,1,1,2041:NHL Championship
OPTIMIZER,G,OHL,85,79,NHL,36,34,true,false,870,0,0,131,2,2,2,2028:OHL Championship | 2042:NHL Championship
OPTIMIZER,G,OHL,89,82,NHL,36,34,true,false,886,0,0,132,2,1,1,2043:NHL Championship
OPTIMIZER,G,OHL,88,84,NHL,36,34,true,false,866,0,0,124,2,1,1,2042:NHL Championship
OPTIMIZER,LD,LIIGA,82,78,NHL,36,34,true,false,769,97,210,0,1,0,0,
OPTIMIZER,G,QMJHL,88,85,NHL,36,34,true,false,861,0,0,121,2,0,0,
OPTIMIZER,G,SHL,88,85,NHL,36,34,true,false,874,0,0,122,1,1,1,2037:NHL Championship
OPTIMIZER,G,WHL,88,77,NHL,38,35,true,false,920,0,0,130,2,0,0,
OPTIMIZER,LW,SHL,83,78,NHL,36,34,true,true,1001,545,228,0,1,1,1,2033:NHL Championship
OPTIMIZER,RD,USHL,82,78,NHL,36,34,true,true,911,87,212,69,2,1,1,2043:NHL Championship
OPTIMIZER,RW,QMJHL,83,74,NHL,38,35,true,true,1080,521,211,65,2,0,0,
OPTIMIZER,LD,QMJHL,85,79,NHL,36,34,true,true,926,107,290,64,2,0,0,
OPTIMIZER,RW,OHL,83,71,NHL,40,36,true,true,1077,458,212,70,2,0,0,
OPTIMIZER,RW,NCAA,82,78,NHL,36,34,true,true,905,345,153,66,2,0,0,
OPTIMIZER,LW,USHL,82,77,NHL,36,34,true,true,902,376,148,71,2,0,0,
OPTIMIZER,LW,QMJHL,82,78,NHL,36,34,true,true,991,370,182,68,2,1,1,2032:NHL Championship
OPTIMIZER,RD,USHL,83,74,NHL,38,35,true,true,1057,107,274,67,2,1,1,2036:NHL Championship
OPTIMIZER,RW,USHL,83,79,NHL,36,34,true,true,991,424,194,65,2,1,1,2042:NHL Championship
OPTIMIZER,RD,LIIGA,82,78,NHL,36,34,true,false,828,70,179,0,1,0,0,
OPTIMIZER,C,NCAA,83,80,NHL,36,34,true,true,995,299,440,66,2,0,0,
OPTIMIZER,LD,QMJHL,82,73,NHL,38,35,true,true,989,101,224,66,2,1,1,2041:NHL Championship
OPTIMIZER,G,OHL,88,84,NHL,36,34,true,false,880,0,0,131,2,2,2,2032:NHL Championship | 2034:NHL Championship
OPTIMIZER,C,NCAA,86,75,NHL,38,35,true,false,1066,436,465,67,2,0,0,
OPTIMIZER,RD,QMJHL,83,80,NHL,36,34,true,true,1002,85,263,67,2,1,1,2031:NHL Championship
OPTIMIZER,LD,OHL,84,80,NHL,36,34,true,true,1011,55,265,66,2,1,1,2034:NHL Championship
OPTIMIZER,G,SHL,88,84,NHL,36,34,true,false,798,0,0,181,1,1,1,2037:NHL Championship
OPTIMIZER,LW,OHL,83,79,NHL,36,34,true,true,1002,474,221,67,2,0,0,
OPTIMIZER,LW,NCAA,84,79,NHL,36,34,true,true,1002,476,224,65,2,1,1,2033:NHL Championship
OPTIMIZER,RW,NCAA,82,79,NHL,36,34,true,false,911,347,182,69,2,0,0,
OPTIMIZER,G,SHL,87,82,NHL,36,34,true,false,806,0,0,186,1,1,1,2036:NHL Championship
OPTIMIZER,C,USHL,85,83,NHL,36,34,true,true,933,320,465,67,2,0,0,
OPTIMIZER,LW,WHL,83,74,NHL,38,35,true,false,976,464,213,67,2,0,0,
OPTIMIZER,LW,NCAA,84,73,NHL,38,35,true,false,1083,568,241,71,2,3,3,2036:NHL Championship | 2041:NHL Championship | 2044:NHL Championship
OPTIMIZER,G,QMJHL,88,76,NHL,40,36,true,false,997,0,0,124,2,0,0,
OPTIMIZER,G,QMJHL,89,83,NHL,36,34,true,false,862,0,0,126,2,0,0,
OPTIMIZER,G,USHL,88,84,NHL,36,34,true,false,820,0,0,187,2,0,0,
OPTIMIZER,LW,WHL,83,78,NHL,36,34,true,true,1005,385,166,67,2,2,2,2027:WHL Championship | 2031:NHL Championship
OPTIMIZER,G,QMJHL,90,83,NHL,36,34,true,false,880,0,0,122,2,0,0,
OPTIMIZER,G,LIIGA,86,78,NHL,38,35,true,false,895,0,0,181,1,0,0,
OPTIMIZER,C,QMJHL,84,82,NHL,36,34,true,true,914,277,407,71,2,2,2,2026:QMJHL Championship | 2033:NHL Championship
OPTIMIZER,LD,SHL,82,74,NHL,38,35,true,false,884,64,197,0,1,0,0,
OPTIMIZER,C,NCAA,83,79,NHL,36,34,true,true,990,276,429,66,2,0,0,
OPTIMIZER,LD,SHL,84,78,NHL,36,34,true,true,908,36,242,0,1,0,0,
OPTIMIZER,G,LIIGA,89,82,NHL,36,34,true,false,804,0,0,188,1,0,0,
OPTIMIZER,C,USHL,86,80,NHL,36,34,true,true,1005,393,470,71,2,0,0,
OPTIMIZER,LD,WHL,84,80,NHL,36,34,true,true,900,57,240,71,2,0,0,
OPTIMIZER,LD,QMJHL,84,77,NHL,38,35,true,true,988,72,268,67,2,0,0,
OPTIMIZER,G,OHL,87,80,NHL,36,34,true,false,869,0,0,121,2,1,1,2033:NHL Championship
OPTIMIZER,C,USHL,82,78,NHL,36,34,true,true,908,174,383,65,2,0,0,
OPTIMIZER,C,LIIGA,84,80,NHL,36,34,true,true,946,385,436,0,1,0,0,
OPTIMIZER,LD,SHL,83,78,NHL,36,34,true,true,903,73,222,0,1,1,1,2039:NHL Championship
OPTIMIZER,RD,NCAA,81,77,NHL,36,34,true,false,798,71,134,66,2,2,2,2040:NHL Championship | 2043:NHL Championship
OPTIMIZER,LD,SHL,84,75,NHL,38,35,true,true,1051,52,239,0,1,0,0,
OPTIMIZER,RD,WHL,83,75,NHL,38,35,true,true,979,84,206,69,2,0,0,
OPTIMIZER,LD,SHL,82,79,NHL,36,34,true,true,922,88,244,0,1,1,1,2033:NHL Championship
OPTIMIZER,G,WHL,89,83,NHL,36,34,true,false,877,0,0,132,2,1,1,2036:NHL Championship
OPTIMIZER,LD,LIIGA,83,79,NHL,36,34,true,false,807,43,187,0,1,1,1,2034:NHL Championship
OPTIMIZER,RD,USHL,84,78,NHL,36,34,true,true,1020,22,254,67,2,1,1,2030:AHL Championship
OPTIMIZER,LD,LIIGA,81,78,NHL,36,34,true,false,819,58,152,0,1,0,0,
OPTIMIZER,C,SHL,83,79,NHL,36,34,true,true,887,212,296,0,1,1,1,2032:NHL Championship
OPTIMIZER,LD,WHL,79,77,NHL,36,34,true,false,838,88,146,69,2,0,0,
OPTIMIZER,C,NCAA,83,81,NHL,36,34,true,false,831,232,363,70,2,0,0,
OPTIMIZER,LW,SHL,82,77,NHL,36,34,true,true,899,345,146,0,1,3,3,2029:SHL Championship | 2031:SHL Championship | 2040:NHL Championship
OPTIMIZER,RD,OHL,83,80,NHL,36,34,true,false,839,74,214,64,2,1,1,2038:NHL Championship
OPTIMIZER,C,NCAA,82,75,NHL,38,35,true,true,1004,236,375,66,2,0,0,
OPTIMIZER,RW,WHL,84,77,NHL,36,34,true,true,992,516,231,71,2,1,1,2036:NHL Championship
OPTIMIZER,C,NCAA,80,76,NHL,36,34,true,true,854,98,271,71,2,0,0,
OPTIMIZER,G,LIIGA,89,83,NHL,36,34,true,false,884,0,0,121,1,0,0,
OPTIMIZER,G,OHL,89,85,NHL,36,34,true,false,860,0,0,119,2,1,1,2038:NHL Championship
OPTIMIZER,LW,WHL,84,79,NHL,36,34,true,true,909,425,203,66,2,0,0,
OPTIMIZER,RW,USHL,82,77,NHL,36,34,true,false,975,398,145,65,2,0,0,
OPTIMIZER,G,SHL,89,83,NHL,36,34,true,false,869,0,0,118,1,0,0,
OPTIMIZER,RW,OHL,83,77,NHL,36,34,true,true,1000,516,189,67,2,0,0,
OPTIMIZER,RW,OHL,83,77,NHL,36,34,true,true,1082,527,208,0,2,2,2,2034:NHL Championship | 2037:NHL Championship
OPTIMIZER,C,OHL,84,80,NHL,36,34,true,false,816,225,395,70,2,0,0,
OPTIMIZER,LW,QMJHL,84,78,NHL,36,34,true,true,992,503,207,66,2,1,1,2031:NHL Championship
OPTIMIZER,C,NCAA,83,78,NHL,38,35,true,true,1023,334,481,67,2,1,1,2040:NHL Championship
OPTIMIZER,RW,QMJHL,83,77,NHL,36,34,true,false,1006,521,190,69,2,1,1,2040:NHL Championship
OPTIMIZER,RD,NCAA,83,79,NHL,36,34,true,true,897,48,188,71,2,2,2,2031:SHL Championship | 2035:NHL Championship
OPTIMIZER,G,QMJHL,89,85,NHL,36,34,true,false,882,0,0,126,2,0,0,
OPTIMIZER,G,WHL,89,78,NHL,38,35,true,false,875,0,0,195,2,0,0,
OPTIMIZER,LD,USHL,84,75,NHL,38,35,true,true,978,77,236,66,2,0,0,
OPTIMIZER,RD,NCAA,83,81,NHL,36,34,true,false,845,86,237,69,2,1,1,2037:NHL Championship
OPTIMIZER,C,LIIGA,83,81,NHL,36,34,true,true,968,290,409,0,1,0,0,
OPTIMIZER,C,USHL,82,78,NHL,36,34,true,true,899,217,350,68,2,1,1,2030:AHL Championship
OPTIMIZER,G,WHL,86,79,NHL,36,34,true,false,863,0,0,126,2,1,1,2043:NHL Championship
OPTIMIZER,RW,WHL,81,79,NHL,36,34,true,true,950,318,141,70,2,0,0,
OPTIMIZER,C,QMJHL,85,82,NHL,36,34,true,true,930,332,427,71,2,0,0,
OPTIMIZER,RW,NCAA,84,74,NHL,38,35,true,false,1062,548,234,65,2,0,0,
OPTIMIZER,RW,SHL,83,73,NHL,38,35,true,true,1052,554,212,0,1,0,0,
OPTIMIZER,LD,WHL,84,79,NHL,36,34,true,true,972,55,216,71,2,1,1,2040:NHL Championship
OPTIMIZER,C,OHL,84,79,NHL,36,34,true,true,991,351,464,71,2,0,0,
OPTIMIZER,LW,WHL,84,78,NHL,36,34,true,true,888,377,165,66,2,1,1,2040:NHL Championship
OPTIMIZER,RW,QMJHL,82,79,NHL,36,34,true,true,983,383,164,68,2,0,0,
OPTIMIZER,RD,WHL,84,79,NHL,36,34,true,true,1003,17,264,71,2,0,0,
OPTIMIZER,G,LIIGA,87,80,NHL,36,34,true,false,867,0,0,127,1,0,0,
OPTIMIZER,LD,WHL,82,78,NHL,36,34,true,true,919,73,215,68,2,2,2,2033:NHL Championship | 2035:NHL Championship
OPTIMIZER,G,WHL,89,84,NHL,36,34,true,false,845,0,0,129,2,2,2,2034:NHL Championship | 2038:NHL Championship
OPTIMIZER,G,LIIGA,88,82,NHL,36,34,true,false,888,0,0,118,1,0,0,
OPTIMIZER,LD,WHL,83,73,NHL,38,35,true,true,954,79,217,66,2,1,1,2030:AHL Championship
OPTIMIZER,C,USHL,84,81,NHL,36,34,true,true,1016,289,422,68,2,2,2,2027:USHL Championship | 2041:NHL Championship
OPTIMIZER,G,LIIGA,88,84,NHL,36,34,true,false,791,0,0,181,1,0,0,
OPTIMIZER,RD,NCAA,83,79,NHL,36,34,true,false,830,69,198,65,2,1,1,2042:NHL Championship
OPTIMIZER,RW,NCAA,81,78,NHL,36,34,true,true,855,235,120,64,2,0,0,
OPTIMIZER,C,USHL,82,80,NHL,36,34,true,false,824,162,315,66,2,0,0,
OPTIMIZER,LD,WHL,85,75,NHL,38,35,true,true,1054,70,305,65,2,0,0,
OPTIMIZER,LD,QMJHL,81,76,NHL,36,34,true,false,829,82,140,68,2,1,1,2035:NHL Championship
OPTIMIZER,G,LIIGA,88,82,NHL,36,34,true,false,887,0,0,120,1,0,0,
OPTIMIZER,LW,QMJHL,82,79,NHL,36,34,true,true,912,370,174,65,2,0,0,
OPTIMIZER,G,NCAA,88,83,NHL,36,34,true,false,823,0,0,193,2,0,0,
OPTIMIZER,C,OHL,86,77,NHL,38,35,true,true,1096,390,477,71,2,2,2,2028:OHL Championship | 2039:NHL Championship
OPTIMIZER,G,OHL,87,80,NHL,36,34,true,false,904,0,0,129,2,2,2,2026:OHL Championship | 2033:NHL Championship
OPTIMIZER,LW,QMJHL,83,77,NHL,36,34,true,true,994,419,155,69,2,0,0,
OPTIMIZER,RW,LIIGA,83,77,NHL,36,34,true,true,1009,516,225,0,1,0,0,
OPTIMIZER,LW,WHL,83,78,NHL,36,34,true,true,1003,361,157,66,2,1,1,2039:NHL Championship
OPTIMIZER,C,USHL,83,79,NHL,36,34,true,true,992,273,398,67,2,1,1,2033:NHL Championship
OPTIMIZER,G,USHL,88,79,NHL,38,35,true,false,950,0,0,119,2,0,0,
OPTIMIZER,LW,OHL,83,74,NHL,38,35,true,true,1082,499,217,69,2,2,2,2039:NHL Championship | 2043:NHL Championship
OPTIMIZER,LW,NCAA,84,78,NHL,36,34,true,true,908,444,207,70,2,0,0,
OPTIMIZER,RW,OHL,82,79,NHL,36,34,true,false,919,473,207,68,2,0,0,
OPTIMIZER,RD,WHL,82,78,NHL,36,34,true,false,824,95,187,65,2,0,0,
OPTIMIZER,RW,QMJHL,83,74,NHL,38,35,true,true,1086,501,213,67,2,2,2,2027:QMJHL Championship | 2042:NHL Championship
OPTIMIZER,RW,USHL,81,78,NHL,36,34,true,true,883,250,128,64,2,2,2,2037:NHL Championship | 2043:NHL Championship
OPTIMIZER,LW,LIIGA,81,77,NHL,36,34,true,true,887,261,133,0,1,2,2,2035:NHL Championship | 2042:NHL Championship
OPTIMIZER,G,USHL,89,84,NHL,36,34,true,false,843,0,0,126,2,0,0,
OPTIMIZER,RW,USHL,83,78,NHL,36,34,true,true,1032,428,170,0,2,1,1,2032:NHL Championship
OPTIMIZER,RD,NCAA,83,77,NHL,36,34,true,true,925,95,222,68,2,0,0,
OPTIMIZER,RD,NCAA,84,80,NHL,36,34,true,false,908,59,282,69,2,0,0,
OPTIMIZER,LW,QMJHL,83,77,NHL,36,34,true,true,1013,500,195,66,2,0,0,
OPTIMIZER,RD,NCAA,84,75,NHL,38,35,true,true,1063,68,290,69,2,0,0,
OPTIMIZER,RD,SHL,82,78,NHL,36,34,true,false,851,84,197,0,1,0,0,
OPTIMIZER,LW,SHL,83,77,NHL,36,34,true,true,1000,558,213,0,1,1,1,2035:NHL Championship
OPTIMIZER,C,NCAA,85,80,NHL,36,34,true,true,978,306,472,69,2,0,0,
OPTIMIZER,G,NCAA,88,84,NHL,36,34,true,false,855,0,0,128,2,1,1,2032:NHL Championship
OPTIMIZER,G,SHL,87,82,NHL,36,34,true,false,812,0,0,182,1,0,0,
OPTIMIZER,LW,QMJHL,82,79,NHL,36,34,true,true,902,354,183,70,2,0,0,
OPTIMIZER,C,NCAA,83,79,NHL,36,34,true,true,908,202,339,71,2,1,1,2039:NHL Championship
OPTIMIZER,LD,NCAA,84,78,NHL,36,34,true,true,998,51,261,70,2,0,0,
OPTIMIZER,RD,NCAA,85,79,NHL,36,34,true,true,991,44,208,66,2,2,2,2029:NCAA Championship | 2037:NHL Championship
BASELINE,LD,USHL,69,63,SHL,36,34,true,false,234,1,41,68,2,2,2,2029:USHL Championship | 2033:SHL Championship
BASELINE,LW,NCAA,73,69,NHL,36,34,true,false,797,222,197,69,2,0,0,
BASELINE,LW,QMJHL,77,72,NHL,36,34,true,false,768,217,130,68,2,0,0,
BASELINE,C,QMJHL,77,73,NHL,36,34,true,false,668,109,274,67,2,1,1,2038:NHL Championship
BASELINE,C,USHL,72,67,NHL,36,34,true,false,633,74,309,70,2,0,0,
BASELINE,LW,QMJHL,74,68,NHL,36,34,true,false,699,260,116,67,2,0,0,
BASELINE,RW,WHL,73,69,NHL,36,34,true,false,707,203,115,68,2,0,0,
BASELINE,RW,LIIGA,77,71,NHL,36,34,true,false,823,275,91,0,1,1,1,2038:NHL Championship
BASELINE,G,OHL,78,71,NHL,36,34,true,false,574,0,0,184,2,0,0,
BASELINE,RD,SHL,72,66,NHL,36,34,true,false,636,1,136,0,1,1,1,2038:NHL Championship
BASELINE,LW,NCAA,72,66,NHL,36,34,true,false,551,167,110,70,2,1,1,2041:NHL Championship
BASELINE,C,NCAA,76,70,NHL,36,34,true,false,812,193,262,64,2,1,1,2043:NHL Championship
BASELINE,RW,QMJHL,73,68,NHL,36,34,true,false,642,178,119,70,2,0,0,
BASELINE,RW,QMJHL,74,68,NHL,36,34,true,false,646,233,153,67,2,0,0,
BASELINE,RW,WHL,72,67,NHL,36,34,true,false,630,166,129,67,2,1,1,2028:WHL Championship
BASELINE,RD,OHL,69,61,SHL,36,34,true,false,243,7,54,66,2,0,0,
BASELINE,LW,OHL,75,69,NHL,36,34,true,false,697,219,101,68,2,3,3,2026:OHL Championship | 2036:NHL Championship | 2039:NHL Championship
BASELINE,C,USHL,73,69,NHL,36,34,true,false,703,60,326,66,2,1,1,2035:NHL Championship
BASELINE,LD,NCAA,75,68,NHL,36,34,true,false,870,4,203,64,2,1,1,2034:NHL Championship
BASELINE,G,QMJHL,73,68,AHL,36,34,true,false,181,0,0,561,2,0,0,
BASELINE,LW,LIIGA,76,72,NHL,36,34,true,false,748,147,174,0,1,0,0,
BASELINE,LD,SHL,70,64,SHL,36,34,true,false,389,11,65,0,1,2,2,2033:SHL Championship | 2039:NHL Championship
BASELINE,G,USHL,79,72,NHL,36,34,true,false,556,0,0,318,2,0,0,
BASELINE,C,NCAA,74,69,NHL,36,34,true,false,635,106,293,67,2,0,0,
BASELINE,C,QMJHL,72,66,NHL,36,34,true,false,559,81,206,66,2,0,0,
BASELINE,RW,OHL,74,69,NHL,36,34,true,false,808,225,173,65,2,0,0,
BASELINE,G,LIIGA,79,76,NHL,36,34,true,false,628,0,0,186,1,1,1,2035:AHL Championship
BASELINE,G,LIIGA,77,71,NHL,36,34,true,false,553,0,0,124,1,2,2,2032:SHL Championship | 2042:NHL Championship
BASELINE,G,SHL,78,72,NHL,36,34,true,true,693,0,0,186,1,0,0,
BASELINE,C,USHL,79,74,NHL,36,34,true,false,780,110,250,67,2,0,0,
BASELINE,LD,LIIGA,69,63,SHL,36,34,true,false,241,9,54,0,1,1,1,2041:NHL Championship
BASELINE,C,LIIGA,71,64,NHL,36,34,true,false,549,52,232,0,1,2,2,2038:NHL Championship | 2043:NHL Championship
BASELINE,LW,QMJHL,71,67,NHL,36,34,true,false,401,110,53,69,2,0,0,
BASELINE,C,SHL,74,67,NHL,36,34,true,false,630,77,304,0,1,0,0,
BASELINE,C,WHL,77,71,NHL,36,34,true,false,770,84,300,70,2,2,2,2028:WHL Championship | 2031:SHL Championship
BASELINE,RD,NCAA,76,70,NHL,36,34,true,false,692,30,174,71,2,1,1,2040:NHL Championship
BASELINE,RW,QMJHL,71,67,NHL,36,34,true,false,720,156,185,71,2,0,0,
BASELINE,LD,SHL,73,67,NHL,36,34,true,false,636,23,169,0,1,0,0,
BASELINE,C,QMJHL,72,67,NHL,36,34,true,false,633,76,280,71,2,0,0,
BASELINE,G,QMJHL,75,69,NHL,36,34,true,false,387,0,0,250,2,0,0,
BASELINE,C,USHL,75,71,NHL,36,34,true,false,606,81,357,67,2,2,2,2029:USHL Championship | 2033:SHL Championship
BASELINE,LD,USHL,72,66,NHL,36,34,true,false,714,22,150,69,2,0,0,
BASELINE,G,USHL,76,69,AHL,36,34,true,false,344,0,0,376,2,0,0,
BASELINE,C,WHL,75,70,NHL,36,34,true,false,695,85,320,67,2,0,0,
BASELINE,RD,USHL,72,67,NHL,36,34,true,false,722,35,198,66,2,0,0,
BASELINE,LD,SHL,73,67,NHL,36,34,true,false,710,4,141,0,1,0,0,
BASELINE,G,OHL,76,71,NHL,36,34,true,false,478,0,0,319,2,1,1,2038:AHL Championship
BASELINE,RD,LIIGA,70,64,SHL,36,34,true,false,405,8,90,0,1,0,0,
BASELINE,RW,QMJHL,74,69,NHL,36,34,true,false,716,213,178,67,2,0,0,
BASELINE,G,WHL,83,76,NHL,36,34,true,false,708,0,0,246,2,0,0,
BASELINE,G,QMJHL,78,72,NHL,36,34,true,false,715,0,0,182,2,1,1,2033:AHL Championship
BASELINE,RW,LIIGA,76,72,NHL,36,34,true,false,832,211,203,0,1,1,1,2029:SHL Championship
BASELINE,RW,OHL,74,69,NHL,36,34,true,false,805,263,176,65,2,0,0,
BASELINE,RD,NCAA,67,60,SHL,36,34,false,false,0,0,0,67,2,1,1,2027:NCAA Championship
BASELINE,RD,SHL,70,63,SHL,36,34,true,false,391,22,90,0,1,1,1,2041:NHL Championship
BASELINE,RW,SHL,73,67,NHL,36,34,true,false,715,242,122,0,1,0,0,
BASELINE,LW,LIIGA,71,66,NHL,36,34,true,false,544,160,78,0,1,1,1,2041:NHL Championship
BASELINE,RD,WHL,73,67,NHL,36,34,true,false,635,15,159,70,2,1,1,2039:NHL Championship
BASELINE,RD,USHL,70,63,SHL,36,34,true,false,473,7,96,71,2,0,0,
BASELINE,LD,WHL,74,67,NHL,36,34,true,false,713,25,169,71,2,0,0,
BASELINE,LD,LIIGA,70,64,SHL,36,34,true,false,395,20,91,0,1,1,1,2032:SHL Championship
BASELINE,G,USHL,78,71,NHL,36,34,true,false,634,0,0,247,2,0,0,
BASELINE,RW,USHL,73,67,NHL,36,34,true,false,714,149,193,70,2,0,0,
BASELINE,LD,LIIGA,71,65,SHL,36,34,true,false,405,7,89,0,1,0,0,
BASELINE,G,OHL,76,70,NHL,36,34,true,false,411,0,0,248,2,0,0,
BASELINE,C,QMJHL,75,69,NHL,36,34,true,false,859,164,294,64,2,1,1,2041:NHL Championship
BASELINE,G,QMJHL,78,72,NHL,36,34,true,false,565,0,0,251,2,1,1,2029:QMJHL Championship
BASELINE,RW,LIIGA,76,72,NHL,36,34,true,false,667,165,147,0,1,1,1,2035:NHL Championship
BASELINE,RW,SHL,70,66,NHL,36,34,true,false,389,120,68,0,1,1,1,2036:SHL Championship
BASELINE,RD,LIIGA,70,63,SHL,36,34,true,false,392,0,88,0,1,1,1,2029:SHL Championship
BASELINE,C,WHL,71,65,NHL,36,34,true,false,547,86,232,69,2,2,2,2032:SHL Championship | 2034:SHL Championship
BASELINE,RW,QMJHL,76,71,NHL,36,34,true,false,771,265,142,67,2,3,3,2029:QMJHL Championship | 2030:AHL Championship | 2041:NHL Championship
BASELINE,G,LIIGA,77,71,NHL,36,34,true,false,640,0,0,120,1,2,2,2027:SHL Championship | 2043:NHL Championship
BASELINE,C,QMJHL,73,68,NHL,36,34,true,false,650,94,298,65,2,0,0,
BASELINE,LW,OHL,75,70,NHL,36,34,true,false,696,162,115,68,2,1,1,2028:OHL Championship
BASELINE,G,SHL,72,64,AHL,36,34,true,false,60,0,0,431,1,0,0,
BASELINE,LW,SHL,71,64,NHL,36,34,true,false,551,136,126,0,1,0,0,
BASELINE,LD,QMJHL,71,65,SHL,36,34,true,false,396,9,101,70,2,0,0,
BASELINE,RD,LIIGA,72,67,NHL,36,34,true,false,641,35,182,0,1,0,0,
BASELINE,RW,LIIGA,75,70,NHL,36,34,true,false,784,187,190,0,1,2,2,2031:SHL Championship | 2034:NHL Championship
BASELINE,G,QMJHL,82,77,NHL,36,34,true,false,720,0,0,253,2,1,1,2029:QMJHL Championship
BASELINE,C,LIIGA,73,68,NHL,36,34,true,false,638,85,297,0,1,1,1,2037:NHL Championship
BASELINE,G,QMJHL,70,63,SHL,36,34,true,false,187,0,0,248,2,0,0,
BASELINE,RD,WHL,70,64,SHL,36,34,true,false,479,31,130,71,2,0,0,
BASELINE,RD,USHL,77,70,NHL,36,34,true,false,746,22,204,68,2,1,1,2036:NHL Championship
BASELINE,C,QMJHL,76,71,NHL,36,34,true,false,825,150,314,65,2,1,1,2041:NHL Championship
BASELINE,C,QMJHL,76,72,NHL,36,34,true,false,690,96,318,68,2,0,0,
BASELINE,RW,OHL,74,69,NHL,36,34,true,false,797,266,180,69,2,1,1,2027:OHL Championship
BASELINE,RD,WHL,72,65,NHL,36,34,true,false,468,14,136,71,2,0,0,
BASELINE,RD,NCAA,69,63,SHL,36,34,true,false,317,24,81,68,2,1,1,2030:AHL Championship
BASELINE,RW,QMJHL,76,71,NHL,36,34,true,false,776,235,139,70,2,0,0,
BASELINE,G,NCAA,73,69,AHL,36,34,true,false,194,0,0,561,2,0,0,
BASELINE,C,USHL,79,74,NHL,36,34,true,false,832,96,351,67,2,1,1,2041:NHL Championship
BASELINE,LD,NCAA,69,62,SHL,36,34,true,false,319,3,83,66,2,1,1,2040:NHL Championship
BASELINE,LW,USHL,74,69,NHL,36,34,true,false,874,311,174,64,2,0,0,
BASELINE,LW,WHL,75,70,NHL,36,34,true,false,858,249,124,65,2,0,0,
BASELINE,LD,WHL,72,67,NHL,36,34,true,false,643,8,115,66,2,2,2,2036:NHL Championship | 2037:NHL Championship
BASELINE,RD,QMJHL,70,64,SHL,36,34,true,false,312,0,57,66,2,0,0,
BASELINE,C,QMJHL,73,69,NHL,36,34,true,false,631,82,258,70,2,1,1,2043:NHL Championship
BASELINE,G,NCAA,80,74,NHL,36,34,true,false,628,0,0,125,2,2,2,2034:AHL Championship | 2043:NHL Championship
BASELINE,C,LIIGA,72,67,NHL,36,34,true,false,560,85,232,0,1,0,0,
BASELINE,RW,NCAA,76,71,NHL,36,34,true,false,747,238,109,66,2,2,2,2027:NCAA Championship | 2032:SHL Championship
BASELINE,LD,QMJHL,75,70,NHL,36,34,true,false,700,28,172,70,2,3,3,2026:QMJHL Championship | 2028:QMJHL Championship | 2038:NHL Championship
BASELINE,C,USHL,79,75,NHL,36,34,true,false,818,110,302,66,2,0,0,
BASELINE,LW,LIIGA,73,70,NHL,36,34,true,false,719,179,159,0,1,0,0,
BASELINE,G,QMJHL,73,67,NHL,36,34,true,false,119,0,0,643,2,2,2,2031:SHL Championship | 2039:AHL Championship
BASELINE,LD,SHL,72,65,NHL,36,34,true,false,635,19,162,0,1,0,0,
BASELINE,LD,USHL,73,67,NHL,36,34,true,false,488,22,168,68,2,1,1,2029:USHL Championship
BASELINE,LD,SHL,70,66,NHL,36,34,true,false,476,1,92,0,1,0,0,
BASELINE,RD,WHL,72,66,NHL,36,34,true,false,715,31,190,69,2,0,0,
BASELINE,C,LIIGA,74,69,NHL,36,34,true,false,715,137,317,0,1,0,0,
BASELINE,G,NCAA,75,68,AHL,36,34,true,false,267,0,0,303,2,0,0,
BASELINE,RW,LIIGA,72,67,NHL,36,34,true,false,477,155,90,0,1,1,1,2033:SHL Championship
BASELINE,RW,LIIGA,72,67,NHL,36,34,true,false,554,155,126,0,1,2,2,2033:SHL Championship | 2038:NHL Championship
BASELINE,G,WHL,78,72,NHL,36,34,true,false,481,0,0,311,2,1,1,2027:WHL Championship
BASELINE,RD,SHL,73,68,NHL,36,34,true,false,633,10,158,0,1,0,0,
BASELINE,RW,LIIGA,74,69,NHL,36,34,true,false,713,170,166,0,1,0,0,
BASELINE,RD,LIIGA,72,66,NHL,36,34,true,false,473,38,113,0,1,1,1,2039:NHL Championship
BASELINE,RD,USHL,72,67,NHL,36,34,true,false,716,33,169,65,2,0,0,
BASELINE,RD,NCAA,69,62,SHL,36,34,true,false,384,11,103,68,2,0,0,
BASELINE,G,SHL,73,67,AHL,36,34,true,false,126,0,0,374,1,0,0,
BASELINE,G,SHL,74,70,NHL,36,34,true,false,381,0,0,252,1,0,0,
BASELINE,RD,LIIGA,70,64,SHL,36,34,true,false,469,27,135,0,1,1,1,2041:NHL Championship
BASELINE,G,OHL,72,67,AHL,36,34,true,false,247,0,0,372,2,2,2,2031:SHL Championship | 2035:AHL Championship
BASELINE,RW,NCAA,75,71,NHL,36,34,true,false,765,197,132,67,2,0,0,
BASELINE,G,OHL,74,67,AHL,36,34,true,false,248,0,0,439,2,2,2,2027:OHL Championship | 2035:NHL Championship
BASELINE,LW,OHL,78,74,NHL,36,34,true,false,835,261,108,69,2,0,0,
BASELINE,RW,QMJHL,74,69,NHL,36,34,true,false,710,191,193,71,2,0,0,
BASELINE,LD,WHL,73,66,NHL,36,34,true,false,642,22,160,71,2,0,0,
BASELINE,LD,LIIGA,68,64,SHL,36,34,true,false,309,12,65,0,1,1,1,2027:SHL Championship
BASELINE,RW,LIIGA,72,67,NHL,36,34,true,false,557,124,98,0,1,0,0,
BASELINE,C,LIIGA,74,69,NHL,36,34,true,false,717,144,219,0,1,0,0,
BASELINE,LW,LIIGA,76,70,NHL,36,34,true,false,672,229,85,0,1,1,1,2041:NHL Championship
BASELINE,LW,USHL,77,71,NHL,36,34,true,false,782,227,180,67,2,0,0,
BASELINE,RD,WHL,70,64,NHL,36,34,true,false,564,24,132,68,2,0,0,
BASELINE,LW,QMJHL,73,68,NHL,36,34,true,false,639,192,162,71,2,0,0,
BASELINE,C,WHL,72,66,NHL,36,34,true,false,634,46,345,65,2,0,0,
BASELINE,RW,USHL,74,69,NHL,36,34,true,false,781,277,139,70,2,3,3,2030:AHL Championship | 2032:SHL Championship | 2036:NHL Championship
BASELINE,C,WHL,70,66,NHL,36,34,true,false,466,56,164,66,2,1,1,2039:NHL Championship
BASELINE,RD,OHL,74,68,NHL,36,34,true,true,945,28,251,67,2,1,1,2031:SHL Championship
BASELINE,RD,OHL,74,68,NHL,36,34,true,false,715,32,201,65,2,0,0,
BASELINE,RW,NCAA,74,69,NHL,36,34,true,false,712,259,151,71,2,0,0,
BASELINE,C,QMJHL,74,69,NHL,36,34,true,false,626,83,362,65,2,1,1,2032:SHL Championship
BASELINE,C,WHL,71,64,SHL,36,34,true,false,562,74,228,67,2,0,0,
BASELINE,RD,OHL,74,70,NHL,36,34,true,false,637,38,153,69,2,0,0,
BASELINE,C,QMJHL,71,64,SHL,36,34,true,false,468,61,169,66,2,2,2,2039:NHL Championship | 2041:NHL Championship
BASELINE,RD,WHL,73,67,NHL,36,34,true,false,709,36,178,65,2,2,2,2029:WHL Championship | 2042:NHL Championship
BASELINE,RD,NCAA,70,64,SHL,36,34,true,false,476,39,140,68,2,2,2,2027:NCAA Championship | 2028:NCAA Championship
BASELINE,LD,QMJHL,74,70,NHL,36,34,true,false,703,21,235,65,2,0,0,
BASELINE,RW,NCAA,71,65,SHL,36,34,true,false,476,133,61,68,2,0,0,
BASELINE,LW,NCAA,75,70,NHL,36,34,true,false,692,218,129,67,2,2,2,2026:NCAA Championship | 2030:AHL Championship
BASELINE,G,LIIGA,79,73,NHL,36,34,true,false,626,0,0,128,1,0,0,
BASELINE,C,SHL,72,66,NHL,36,34,true,false,716,87,328,0,1,0,0,
BASELINE,C,SHL,73,68,NHL,36,34,true,false,644,76,226,0,1,0,0,
BASELINE,G,NCAA,79,74,NHL,36,34,true,false,701,0,0,121,2,2,2,2026:NCAA Championship | 2040:NHL Championship
BASELINE,LW,WHL,76,71,NHL,36,34,true,false,745,241,104,65,2,0,0,
BASELINE,RW,WHL,74,69,NHL,36,34,true,false,714,208,127,65,2,0,0,
BASELINE,G,OHL,72,65,AHL,36,34,true,false,311,0,0,303,2,0,0,
BASELINE,RW,QMJHL,75,71,NHL,36,34,true,false,619,171,151,70,2,1,1,2028:QMJHL Championship
BASELINE,LD,WHL,71,64,NHL,36,34,true,false,411,18,82,70,2,2,2,2029:WHL Championship | 2035:SHL Championship
BASELINE,RD,OHL,72,67,NHL,36,34,true,false,712,13,165,68,2,0,0,
BASELINE,G,QMJHL,81,74,NHL,36,34,true,false,797,0,0,192,2,0,0,
BASELINE,RW,QMJHL,77,71,NHL,36,34,true,false,754,220,151,69,2,0,0,
BASELINE,C,LIIGA,73,67,NHL,36,34,true,false,710,79,271,0,1,1,1,2035:NHL Championship
BASELINE,G,OHL,81,74,NHL,36,34,true,false,785,0,0,193,2,0,0,
BASELINE,RD,SHL,69,63,SHL,36,34,true,false,393,17,104,0,1,2,2,2029:SHL Championship | 2034:SHL Championship
BASELINE,RD,OHL,72,65,NHL,36,34,true,false,636,5,158,71,2,0,0,
BASELINE,RW,USHL,70,65,NHL,36,34,true,false,555,137,82,65,2,1,1,2042:NHL Championship
BASELINE,LD,USHL,72,67,NHL,36,34,true,false,559,28,139,65,2,1,1,2041:NHL Championship
BASELINE,G,SHL,74,67,NHL,36,34,true,false,359,0,0,242,1,0,0,
BASELINE,LD,SHL,72,66,NHL,36,34,true,false,640,52,179,0,1,0,0,
BASELINE,C,NCAA,73,68,NHL,36,34,true,false,552,59,249,68,2,1,1,2027:NCAA Championship
BASELINE,G,WHL,79,72,NHL,36,34,true,false,701,0,0,122,2,0,0,
BASELINE,LD,QMJHL,72,66,NHL,36,34,true,false,627,27,164,68,2,2,2,2031:SHL Championship | 2033:SHL Championship
BASELINE,LD,NCAA,72,65,NHL,36,34,true,false,637,16,161,71,2,0,0,
BASELINE,LW,USHL,74,69,NHL,36,34,true,false,710,228,158,65,2,1,1,2039:NHL Championship
BASELINE,C,WHL,73,69,NHL,36,34,true,false,713,83,348,68,2,1,1,2042:NHL Championship
BASELINE,RD,LIIGA,73,66,NHL,36,34,true,false,724,52,208,0,1,1,1,2037:NHL Championship
BASELINE,C,QMJHL,71,67,NHL,36,34,true,false,627,79,216,70,2,0,0,
BASELINE,LD,USHL,73,65,NHL,36,34,true,false,640,12,137,71,2,1,1,2029:USHL Championship
BASELINE,C,OHL,75,70,NHL,36,34,true,false,704,97,323,70,2,0,0,
BASELINE,LW,QMJHL,71,67,NHL,36,34,true,false,714,207,128,68,2,0,0,
BASELINE,RD,QMJHL,76,70,NHL,36,34,true,false,843,27,190,71,2,0,0,
BASELINE,G,OHL,76,70,AHL,36,34,true,true,558,0,0,323,2,1,1,2039:NHL Championship
BASELINE,C,NCAA,73,66,NHL,36,34,true,false,632,68,294,65,2,0,0,
BASELINE,LW,SHL,71,67,NHL,36,34,true,false,477,137,129,0,1,3,3,2034:SHL Championship | 2037:SHL Championship | 2043:NHL Championship
BASELINE,LD,NCAA,72,65,NHL,36,34,true,false,641,13,153,68,2,0,0,
BASELINE,G,USHL,77,73,NHL,36,34,true,false,703,0,0,189,2,0,0,
BASELINE,LW,LIIGA,70,64,NHL,36,34,true,false,554,154,109,0,1,1,1,2040:NHL Championship
BASELINE,G,USHL,77,70,AHL,36,34,true,false,553,0,0,309,2,1,1,2027:USHL Championship
BASELINE,RD,SHL,71,64,SHL,36,34,true,false,476,13,93,0,1,0,0,
BASELINE,LD,NCAA,68,63,SHL,36,34,true,false,238,6,49,65,2,0,0,
BASELINE,RD,USHL,73,66,NHL,36,34,true,false,556,14,159,65,2,1,1,2043:NHL Championship
BASELINE,LD,SHL,73,65,NHL,36,34,true,false,553,36,129,0,1,0,0,
BASELINE,RD,SHL,71,64,NHL,36,34,true,false,631,3,98,0,1,0,0,
BASELINE,RW,SHL,78,73,NHL,36,34,true,false,665,219,105,0,1,1,1,2037:NHL Championship
BASELINE,RD,USHL,70,64,SHL,36,34,true,false,554,7,114,64,2,0,0,
BASELINE,LD,SHL,72,65,NHL,36,34,true,false,709,15,145,0,1,2,2,2036:NHL Championship | 2043:NHL Championship
BASELINE,RD,OHL,71,64,NHL,36,34,true,false,707,0,141,71,2,0,0,
BASELINE,G,USHL,77,73,NHL,36,34,true,false,628,0,0,243,2,1,1,2036:AHL Championship
BASELINE,RD,LIIGA,72,65,NHL,36,34,true,false,554,41,133,0,1,1,1,2032:SHL Championship
BASELINE,C,WHL,69,64,SHL,36,34,true,false,399,22,206,69,2,0,0,
BASELINE,RW,WHL,76,71,NHL,36,34,true,false,698,243,99,70,2,2,2,2040:NHL Championship | 2041:NHL Championship
BASELINE,RW,NCAA,76,70,NHL,36,34,true,false,767,236,101,66,2,0,0,
BASELINE,LW,NCAA,74,69,NHL,36,34,true,false,814,280,134,67,2,1,1,2026:NCAA Championship
BASELINE,G,SHL,75,69,NHL,36,34,true,false,387,0,0,317,1,0,0,
BASELINE,RW,QMJHL,77,72,NHL,36,34,true,false,770,250,189,67,2,0,0,
BASELINE,RD,NCAA,72,65,NHL,36,34,true,false,641,40,194,70,2,0,0,
BASELINE,G,QMJHL,79,72,NHL,36,34,true,false,504,0,0,248,2,1,1,2031:SHL Championship
BASELINE,C,LIIGA,74,71,NHL,36,34,true,false,706,123,297,0,1,1,1,2034:SHL Championship
BASELINE,RW,LIIGA,73,67,NHL,36,34,true,false,555,191,71,0,1,0,0,
BASELINE,RD,WHL,70,64,SHL,36,34,true,false,396,27,78,68,2,0,0,
BASELINE,RD,OHL,73,66,NHL,36,34,true,false,631,29,140,66,2,0,0,
BASELINE,C,LIIGA,71,65,NHL,36,34,true,false,464,45,185,0,1,0,0,
BASELINE,LW,NCAA,78,73,NHL,36,34,true,false,823,231,125,69,2,0,0,
BASELINE,RD,QMJHL,75,69,NHL,36,34,true,false,700,29,171,65,2,0,0,
BASELINE,LW,LIIGA,72,66,NHL,36,34,true,false,548,146,90,0,1,0,0,
BASELINE,LD,SHL,70,64,SHL,36,34,true,false,392,12,88,0,1,0,0,
BASELINE,LW,SHL,70,64,SHL,36,34,true,false,391,101,55,0,1,1,1,2030:SHL Championship
BASELINE,RW,WHL,74,68,NHL,36,34,true,false,716,229,137,66,2,2,2,2027:WHL Championship | 2032:SHL Championship
BASELINE,LD,SHL,72,66,NHL,36,34,true,false,555,7,157,0,1,1,1,2035:SHL Championship
BASELINE,RW,QMJHL,73,67,NHL,36,34,true,false,785,202,168,65,2,0,0,
BASELINE,C,NCAA,75,70,NHL,36,34,true,false,683,102,283,68,2,2,2,2034:SHL Championship | 2042:NHL Championship
BASELINE,LD,LIIGA,69,64,SHL,36,34,true,false,321,23,55,0,1,0,0,
BASELINE,LD,LIIGA,70,65,NHL,36,34,true,false,475,14,135,0,1,0,0,
BASELINE,LW,WHL,74,68,NHL,36,34,true,false,704,200,184,65,2,0,0,
BASELINE,RD,LIIGA,70,64,SHL,36,34,true,false,311,20,76,0,1,1,1,2039:NHL Championship
BASELINE,C,OHL,74,69,NHL,36,34,true,false,795,108,288,69,2,1,1,2034:NHL Championship
BASELINE,RD,QMJHL,71,65,NHL,36,34,true,false,638,43,203,70,2,1,1,2041:NHL Championship
BASELINE,LW,QMJHL,72,66,NHL,36,34,true,false,549,126,104,66,2,1,1,2032:SHL Championship
BASELINE,RD,SHL,69,64,SHL,36,34,true,false,393,0,87,0,1,1,1,2027:SHL Championship
BASELINE,C,WHL,71,66,NHL,36,34,true,false,479,44,136,69,2,0,0,
BASELINE,LW,OHL,75,73,NHL,36,34,true,false,861,262,152,66,2,1,1,2037:NHL Championship
BASELINE,C,QMJHL,73,67,NHL,36,34,true,false,718,128,329,66,2,1,1,2028:QMJHL Championship
BASELINE,RD,USHL,71,65,NHL,36,34,true,false,558,33,136,69,2,0,0,
BASELINE,RW,SHL,73,68,NHL,36,34,true,false,801,268,139,0,1,0,0,
BASELINE,RW,SHL,77,72,NHL,36,34,true,false,763,234,166,0,1,0,0,
BASELINE,G,SHL,76,68,AHL,36,34,true,false,333,0,0,308,1,0,0,
BASELINE,G,NCAA,76,68,NHL,36,34,true,false,386,0,0,310,2,1,1,2041:NHL Championship
BASELINE,C,OHL,74,70,NHL,36,34,true,false,625,63,388,65,2,1,1,2041:NHL Championship
BASELINE,RD,SHL,75,69,NHL,36,34,true,false,780,5,199,0,1,1,1,2028:SHL Championship
BASELINE,G,OHL,75,68,AHL,36,34,true,false,400,0,0,318,2,0,0,
BASELINE,RD,USHL,70,64,SHL,36,34,true,false,474,21,142,68,2,1,1,2041:NHL Championship
BASELINE,RW,QMJHL,73,67,NHL,36,34,true,false,549,169,139,66,2,0,0,
BASELINE,G,NCAA,78,72,NHL,36,34,true,false,558,0,0,323,2,0,0,
BASELINE,LW,USHL,74,69,NHL,36,34,true,false,789,233,161,65,2,2,2,2031:SHL Championship | 2042:NHL Championship
BASELINE,LW,WHL,74,68,NHL,36,34,true,false,868,259,181,65,2,2,2,2034:NHL Championship | 2037:NHL Championship
BASELINE,LW,WHL,74,68,NHL,36,34,true,false,641,196,113,67,2,1,1,2035:SHL Championship
BASELINE,LD,WHL,71,66,NHL,36,34,true,false,548,45,127,71,2,0,0,
BASELINE,G,SHL,75,70,NHL,36,34,true,false,339,0,0,376,1,1,1,2028:SHL Championship
BASELINE,RD,OHL,74,68,NHL,36,34,true,false,716,40,174,68,2,0,0,
BASELINE,RD,USHL,72,67,NHL,36,34,true,false,700,23,140,67,2,0,0,
BASELINE,C,LIIGA,74,69,NHL,36,34,true,false,556,86,229,0,1,0,0,
BASELINE,LW,OHL,72,67,NHL,36,34,true,false,869,295,131,70,2,0,0,
BASELINE,RD,NCAA,75,70,NHL,36,34,true,false,597,9,131,69,2,0,0,
BASELINE,C,SHL,70,65,NHL,36,34,true,false,464,51,185,0,1,1,1,2030:SHL Championship
BASELINE,RW,NCAA,72,67,NHL,36,34,true,false,636,159,109,69,2,0,0,
BASELINE,G,NCAA,79,74,NHL,36,34,true,false,492,0,0,175,2,0,0,
BASELINE,RD,SHL,71,65,NHL,36,34,true,false,633,12,150,0,1,0,0,
BASELINE,RW,USHL,70,65,SHL,36,34,true,false,480,133,98,70,2,0,0,
BASELINE,LW,OHL,75,69,NHL,36,34,true,false,863,270,180,66,2,0,0,
BASELINE,RW,WHL,74,70,NHL,36,34,true,false,629,249,139,67,2,1,1,2042:NHL Championship
BASELINE,LD,QMJHL,70,64,SHL,36,34,true,false,471,35,103,69,2,1,1,2033:SHL Championship
BASELINE,C,NCAA,73,67,NHL,36,34,true,false,622,94,312,71,2,0,0,
BASELINE,G,LIIGA,77,71,NHL,36,34,true,false,569,0,0,128,1,1,1,2032:SHL Championship
BASELINE,G,QMJHL,76,70,NHL,36,34,true,false,482,0,0,248,2,0,0,
BASELINE,C,LIIGA,73,68,NHL,36,34,true,false,558,70,283,0,1,0,0,
BASELINE,RD,LIIGA,72,66,NHL,36,34,true,false,560,15,130,0,1,1,1,2043:NHL Championship
BASELINE,C,LIIGA,73,68,NHL,36,34,true,false,630,110,232,0,1,0,0,
BASELINE,LD,OHL,71,64,SHL,36,34,true,false,561,17,133,66,2,0,0,
BASELINE,LW,WHL,73,69,NHL,36,34,true,false,869,316,127,71,2,0,0,
BASELINE,LD,NCAA,73,66,NHL,36,34,true,false,702,30,203,68,2,2,2,2026:NCAA Championship | 2034:SHL Championship
BASELINE,RD,OHL,72,66,NHL,36,34,true,false,559,22,161,69,2,0,0,
BASELINE,LD,QMJHL,73,67,NHL,36,34,true,false,716,1,166,65,2,1,1,2036:NHL Championship
BASELINE,LD,QMJHL,72,67,NHL,36,34,true,false,800,14,181,65,2,1,1,2040:NHL Championship
BASELINE,LD,WHL,74,68,NHL,36,34,true,false,711,33,314,70,2,1,1,2032:SHL Championship
BASELINE,RD,SHL,70,64,SHL,36,34,true,false,400,14,79,0,1,0,0,
BASELINE,RW,WHL,77,71,NHL,36,34,true,false,817,207,159,65,2,0,0,
BASELINE,RD,WHL,74,68,NHL,36,34,true,false,698,47,167,69,2,0,0,
BASELINE,RW,NCAA,75,70,NHL,36,34,true,false,674,189,100,71,2,0,0,
BASELINE,RW,QMJHL,78,73,NHL,36,34,true,false,844,244,139,71,2,0,0,
BASELINE,RD,NCAA,71,66,NHL,36,34,true,false,401,27,94,70,2,0,0,
BASELINE,LD,SHL,71,65,NHL,36,34,true,false,563,22,142,0,1,0,0,
BASELINE,RW,USHL,76,72,NHL,36,34,true,false,678,199,135,68,2,2,2,2029:USHL Championship | 2037:NHL Championship
BASELINE,LD,USHL,72,67,NHL,36,34,true,false,563,8,133,67,2,1,1,2043:NHL Championship
BASELINE,LW,WHL,72,68,NHL,36,34,true,false,702,239,147,65,2,0,0,
BASELINE,LD,QMJHL,74,69,NHL,36,34,true,false,648,6,169,66,2,0,0,
BASELINE,LD,USHL,71,66,NHL,36,34,true,false,569,11,145,70,2,0,0,
BASELINE,RD,SHL,75,69,NHL,36,34,true,false,707,4,244,0,1,2,2,2028:SHL Championship | 2040:NHL Championship
BASELINE,RD,OHL,75,71,NHL,36,34,true,false,708,14,123,64,2,0,0,
BASELINE,LW,QMJHL,80,74,NHL,36,34,true,true,893,326,100,67,2,0,0,
BASELINE,C,SHL,72,67,NHL,36,34,true,false,549,96,184,0,1,1,1,2033:SHL Championship
BASELINE,RD,LIIGA,71,65,NHL,36,34,true,false,552,41,120,0,1,1,1,2033:SHL Championship
BASELINE,RD,SHL,72,66,NHL,36,34,true,false,552,4,131,0,1,0,0,
BASELINE,C,NCAA,75,70,NHL,36,34,true,false,686,123,278,67,2,0,0,
BASELINE,RD,LIIGA,68,61,SHL,36,34,true,false,157,6,30,0,1,0,0,
BASELINE,LW,NCAA,74,70,NHL,36,34,true,false,717,229,137,65,2,1,1,2042:NHL Championship
BASELINE,LW,USHL,74,68,NHL,36,34,true,false,620,194,117,70,2,1,1,2035:SHL Championship
BASELINE,LW,LIIGA,73,70,NHL,36,34,true,false,710,209,163,0,1,1,1,2026:LIIGA Championship
BASELINE,LW,USHL,72,67,NHL,36,34,true,false,632,211,76,70,2,0,0,
BASELINE,C,NCAA,75,69,NHL,36,34,true,false,770,98,303,71,2,0,0,
BASELINE,LW,WHL,75,69,NHL,36,34,true,false,790,224,115,69,2,0,0,
BASELINE,LD,SHL,70,63,SHL,36,34,true,false,319,8,71,0,1,1,1,2029:SHL Championship
BASELINE,LW,USHL,72,68,NHL,36,34,true,false,653,197,93,70,2,1,1,2029:USHL Championship
BASELINE,G,LIIGA,70,65,NHL,36,34,true,false,255,0,0,182,1,0,0,
BASELINE,G,QMJHL,72,65,AHL,36,34,true,false,67,0,0,495,2,0,0,
BASELINE,RD,QMJHL,71,65,NHL,36,34,true,false,556,20,152,67,2,0,0,
BASELINE,C,SHL,72,66,NHL,36,34,true,false,633,95,275,0,1,0,0,
BASELINE,C,LIIGA,69,64,SHL,36,34,true,false,471,76,147,0,1,0,0,
BASELINE,RD,OHL,70,65,SHL,36,34,true,false,632,26,150,69,2,0,0,
BASELINE,LD,LIIGA,72,66,NHL,36,34,true,false,631,40,170,0,1,1,1,2030:SHL Championship
BASELINE,LD,LIIGA,72,66,NHL,36,34,true,false,637,6,172,0,1,1,1,2033:SHL Championship
BASELINE,LD,SHL,72,66,NHL,36,34,true,false,639,23,190,0,1,1,1,2033:SHL Championship
BASELINE,LD,QMJHL,75,70,NHL,36,34,true,false,778,21,154,68,2,0,0,
BASELINE,LD,QMJHL,73,66,NHL,36,34,true,false,801,4,195,67,2,0,0,
BASELINE,LD,OHL,74,69,NHL,36,34,true,false,717,18,196,66,2,1,1,2040:NHL Championship
BASELINE,G,WHL,76,68,NHL,36,34,true,false,478,0,0,323,2,0,0,
BASELINE,LW,SHL,78,72,NHL,36,34,true,false,824,216,131,0,1,0,0,
BASELINE,LD,USHL,74,69,NHL,36,34,true,false,708,27,179,71,2,1,1,2040:NHL Championship
BASELINE,C,USHL,75,69,NHL,36,34,true,false,700,112,242,66,2,1,1,2030:AHL Championship
BASELINE,RD,NCAA,72,65,NHL,36,34,true,false,639,22,167,66,2,0,0,
BASELINE,G,USHL,76,70,AHL,36,34,true,false,475,0,0,306,2,1,1,2037:AHL Championship
BASELINE,RW,OHL,77,72,NHL,36,34,true,false,672,184,151,71,2,0,0,
BASELINE,RW,SHL,76,70,NHL,36,34,true,false,684,188,148,0,1,0,0,
BASELINE,LD,WHL,69,63,SHL,36,34,true,false,317,9,85,69,2,0,0,
BASELINE,G,LIIGA,70,63,SHL,36,34,true,false,122,0,0,252,1,0,0,
BASELINE,RD,SHL,70,64,NHL,36,34,true,false,472,21,85,0,1,0,0,
BASELINE,LW,WHL,72,67,NHL,36,34,true,false,621,200,136,68,2,0,0,
BASELINE,RD,QMJHL,72,67,NHL,36,34,true,false,569,13,148,68,2,1,1,2030:AHL Championship
BASELINE,C,LIIGA,75,69,NHL,36,34,true,false,609,96,235,0,1,0,0,
BASELINE,RD,LIIGA,70,64,SHL,36,34,true,false,403,18,100,0,1,1,1,2026:LIIGA Championship
BASELINE,RD,LIIGA,72,68,NHL,36,34,true,false,474,15,128,0,1,2,2,2030:SHL Championship | 2036:SHL Championship
BASELINE,G,QMJHL,74,69,AHL,36,34,true,false,447,0,0,258,2,0,0,
BASELINE,LD,SHL,72,66,NHL,36,34,true,false,549,27,166,0,1,1,1,2042:NHL Championship
BASELINE,RD,NCAA,71,65,NHL,36,34,true,false,547,39,171,69,2,2,2,2036:SHL Championship | 2037:NHL Championship
BASELINE,G,NCAA,81,73,NHL,36,34,true,false,795,0,0,177,2,0,0,
BASELINE,RD,OHL,70,65,NHL,36,34,true,false,397,21,95,67,2,0,0,
BASELINE,G,OHL,80,74,NHL,36,34,true,false,688,0,0,191,2,0,0,
BASELINE,LD,SHL,70,63,SHL,36,34,true,false,327,14,85,0,1,3,3,2031:SHL Championship | 2038:SHL Championship | 2043:SHL Championship
BASELINE,LD,LIIGA,69,63,SHL,36,34,true,false,319,27,73,0,1,0,0,
BASELINE,LW,QMJHL,71,66,NHL,36,34,true,false,551,147,142,69,2,0,0,
BASELINE,LW,NCAA,71,65,NHL,36,34,true,false,627,186,67,66,2,2,2,2039:NHL Championship | 2041:NHL Championship
BASELINE,G,OHL,76,70,NHL,36,34,true,false,619,0,0,249,2,0,0,
BASELINE,G,WHL,76,68,NHL,36,34,true,false,474,0,0,263,2,0,0,
BASELINE,RD,USHL,73,67,NHL,36,34,true,false,641,12,224,68,2,0,0,
BASELINE,G,USHL,79,73,NHL,36,34,true,false,630,0,0,258,2,1,1,2039:NHL Championship
BASELINE,RW,OHL,72,67,NHL,36,34,true,false,630,148,163,70,2,0,0,
BASELINE,C,USHL,74,69,NHL,36,34,true,false,630,79,283,69,2,1,1,2042:NHL Championship
BASELINE,C,WHL,68,64,SHL,36,34,true,false,237,13,80,67,2,1,1,2027:WHL Championship
BASELINE,RD,LIIGA,72,65,NHL,36,34,true,false,633,12,201,0,1,1,1,2035:SHL Championship
BASELINE,LD,QMJHL,75,69,NHL,36,34,true,false,783,15,234,65,2,0,0,
BASELINE,C,LIIGA,73,69,NHL,36,34,true,false,566,101,242,0,1,1,1,2040:NHL Championship
BASELINE,G,QMJHL,78,73,NHL,36,34,true,false,645,0,0,190,2,1,1,2041:NHL Championship
BASELINE,C,SHL,70,64,SHL,36,34,true,false,556,63,244,0,1,1,1,2033:SHL Championship
BASELINE,LW,USHL,79,74,NHL,36,34,true,false,751,227,146,66,2,0,0,
BASELINE,C,WHL,76,72,NHL,36,34,true,false,760,63,328,67,2,1,1,2036:NHL Championship
BASELINE,C,LIIGA,70,65,NHL,36,34,true,false,544,89,197,0,1,1,1,2038:NHL Championship
BASELINE,LD,USHL,73,66,NHL,36,34,true,false,640,4,108,69,2,1,1,2026:USHL Championship
BASELINE,RW,USHL,75,72,NHL,36,34,true,false,761,226,133,67,2,2,2,2035:NHL Championship | 2036:NHL Championship
BASELINE,LW,NCAA,72,67,NHL,36,34,true,false,718,185,145,66,2,0,0,
BASELINE,C,SHL,75,71,NHL,36,34,true,false,827,91,388,0,1,1,1,2035:NHL Championship
BASELINE,C,WHL,77,71,NHL,36,34,true,false,748,118,328,65,2,1,1,2037:NHL Championship
BASELINE,G,NCAA,75,70,NHL,36,34,true,false,337,0,0,322,2,0,0,
BASELINE,RD,SHL,73,67,NHL,36,34,true,false,797,22,127,0,1,0,0,
BASELINE,RW,NCAA,76,71,NHL,36,34,true,false,838,281,130,70,2,0,0,
BASELINE,RW,OHL,75,69,NHL,36,34,true,false,778,248,125,67,2,0,0,
BASELINE,LW,SHL,73,67,NHL,36,34,true,false,646,149,164,0,1,1,1,2042:NHL Championship
BASELINE,RD,QMJHL,71,65,NHL,36,34,true,false,564,12,123,66,2,0,0,
BASELINE,RD,OHL,75,68,NHL,36,34,true,false,770,55,275,67,2,0,0,
BASELINE,G,USHL,75,69,NHL,36,34,true,false,270,0,0,498,2,0,0,
BASELINE,LD,WHL,72,66,NHL,36,34,true,false,706,36,232,68,2,0,0,
BASELINE,LD,OHL,72,66,NHL,36,34,true,false,632,4,120,71,2,0,0,
BASELINE,RD,OHL,75,68,NHL,36,34,true,false,765,25,184,65,2,2,2,2033:SHL Championship | 2039:NHL Championship
BASELINE,RW,WHL,74,70,NHL,36,34,true,false,626,226,152,69,2,0,0,
BASELINE,G,NCAA,73,68,NHL,36,34,true,false,322,0,0,307,2,1,1,2038:NHL Championship
BASELINE,C,SHL,74,69,NHL,36,34,true,false,719,122,302,0,1,0,0,
BASELINE,G,WHL,78,72,NHL,36,34,true,false,691,0,0,122,2,0,0,
BASELINE,C,WHL,74,69,NHL,36,34,true,false,718,85,340,64,2,2,2,2026:WHL Championship | 2035:NHL Championship
BASELINE,LD,USHL,73,66,NHL,36,34,true,false,556,12,121,71,2,1,1,2036:SHL Championship
BASELINE,C,WHL,74,69,NHL,36,34,true,false,720,121,385,71,2,3,3,2026:WHL Championship | 2040:NHL Championship | 2041:NHL Championship
BASELINE,C,NCAA,74,68,NHL,36,34,true,false,799,95,402,71,2,0,0,
BASELINE,C,NCAA,73,67,NHL,36,34,true,false,799,99,351,65,2,3,3,2027:NCAA Championship | 2028:NCAA Championship | 2029:NCAA Championship
BASELINE,RW,SHL,73,68,NHL,36,34,true,false,712,213,170,0,1,1,1,2027:SHL Championship
BASELINE,RW,OHL,73,68,NHL,36,34,true,false,784,208,201,67,2,0,0,
BASELINE,G,SHL,78,72,AHL,36,34,true,false,414,0,0,254,1,1,1,2032:SHL Championship
BASELINE,RW,OHL,74,69,NHL,36,34,true,false,882,271,192,66,2,2,2,2029:OHL Championship | 2037:NHL Championship
BASELINE,RW,NCAA,71,66,NHL,36,34,true,false,714,195,114,66,2,0,0,
BASELINE,RW,LIIGA,78,72,NHL,36,34,true,false,833,240,139,0,1,0,0,
BASELINE,LW,QMJHL,75,70,NHL,36,34,true,false,789,245,164,67,2,0,0,
BASELINE,RW,QMJHL,75,71,NHL,36,34,true,false,852,222,221,67,2,3,3,2028:QMJHL Championship | 2035:NHL Championship | 2038:NHL Championship
BASELINE,LW,QMJHL,75,69,NHL,36,34,true,false,780,240,169,66,2,0,0,
BASELINE,RW,LIIGA,71,65,NHL,36,34,true,false,552,127,99,0,1,1,1,2041:NHL Championship
BASELINE,G,OHL,74,70,AHL,36,34,true,false,255,0,0,446,2,0,0,
BASELINE,G,OHL,74,68,NHL,36,34,true,false,191,0,0,563,2,1,1,2027:OHL Championship
BASELINE,RW,OHL,76,72,NHL,36,34,true,false,834,239,150,70,2,1,1,2038:NHL Championship
BASELINE,LW,SHL,71,66,NHL,36,34,true,false,638,201,93,0,1,1,1,2030:SHL Championship
BASELINE,LW,USHL,72,65,NHL,36,34,true,false,554,171,113,69,2,1,1,2027:USHL Championship
BASELINE,RD,LIIGA,69,63,SHL,36,34,true,false,392,16,75,0,1,4,4,2026:LIIGA Championship | 2031:SHL Championship | 2032:SHL Championship | 2041:NHL Championship
BASELINE,RW,WHL,78,71,NHL,36,34,true,true,913,337,144,65,2,1,1,2042:NHL Championship
BASELINE,LD,NCAA,77,72,NHL,36,34,true,false,810,34,146,70,2,0,0,
BASELINE,LW,LIIGA,72,67,NHL,36,34,true,false,726,220,114,0,1,1,1,2029:SHL Championship
BASELINE,LW,OHL,75,69,NHL,36,34,true,false,792,264,210,70,2,1,1,2033:SHL Championship
BASELINE,LD,QMJHL,72,65,NHL,36,34,true,false,637,7,165,67,2,0,0,
BASELINE,LD,OHL,71,64,SHL,36,34,true,false,477,15,81,66,2,0,0,
BASELINE,C,SHL,73,68,NHL,36,34,true,false,714,135,328,0,1,1,1,2037:NHL Championship
BASELINE,C,WHL,75,71,NHL,36,34,true,false,709,85,305,69,2,0,0,
BASELINE,LD,NCAA,70,64,SHL,36,34,true,false,399,13,100,69,2,0,0,
BASELINE,G,LIIGA,75,70,NHL,36,34,true,false,312,0,0,184,1,1,1,2036:AHL Championship
BASELINE,LD,NCAA,72,67,NHL,36,34,true,false,707,12,150,66,2,0,0,
BASELINE,G,WHL,75,70,NHL,36,34,true,false,469,0,0,305,2,1,1,2041:NHL Championship
BASELINE,LD,WHL,73,67,NHL,36,34,true,false,636,4,125,69,2,0,0,
BASELINE,RD,SHL,72,65,NHL,36,34,true,false,557,39,217,0,1,1,1,2034:SHL Championship
BASELINE,RW,NCAA,72,68,NHL,36,34,true,false,558,183,111,66,2,0,0,
BASELINE,RD,QMJHL,69,63,SHL,36,34,true,false,396,34,104,67,2,2,2,2026:QMJHL Championship | 2028:QMJHL Championship
BASELINE,G,USHL,76,70,NHL,36,34,true,false,614,0,0,191,2,1,1,2042:NHL Championship
BASELINE,G,WHL,75,70,AHL,36,34,true,false,323,0,0,368,2,0,0,
BASELINE,G,USHL,77,71,NHL,36,34,true,false,593,0,0,189,2,1,1,2026:USHL Championship
BASELINE,C,USHL,76,72,NHL,36,34,true,false,844,112,372,66,2,0,0,
BASELINE,RD,OHL,77,71,NHL,36,34,true,false,765,0,196,66,2,0,0,
BASELINE,G,QMJHL,80,75,NHL,36,34,true,true,777,0,0,194,2,0,0,
BASELINE,LD,NCAA,68,62,SHL,36,34,true,false,162,2,36,71,2,0,0,
BASELINE,G,SHL,72,65,AHL,36,34,true,false,123,0,0,419,1,0,0,
BASELINE,RD,WHL,70,63,SHL,36,34,true,false,398,3,86,67,2,1,1,2043:SHL Championship
BASELINE,RW,WHL,72,66,NHL,36,34,true,false,633,197,135,66,2,0,0,
BASELINE,LW,OHL,76,72,NHL,36,34,true,true,912,205,179,69,2,0,0,
BASELINE,LD,QMJHL,75,67,NHL,36,34,true,false,853,5,238,65,2,0,0,
BASELINE,RD,USHL,76,69,NHL,36,34,true,false,759,43,203,66,2,2,2,2028:USHL Championship | 2035:NHL Championship
BASELINE,RD,SHL,74,69,NHL,36,34,true,false,708,22,194,0,1,0,0,
BASELINE,G,SHL,76,68,NHL,36,34,true,false,536,0,0,248,1,1,1,2038:NHL Championship
BASELINE,RW,NCAA,75,68,NHL,36,34,true,false,771,259,175,69,2,0,0,
BASELINE,LD,OHL,70,65,NHL,36,34,true,false,628,39,131,65,2,2,2,2033:SHL Championship | 2043:NHL Championship
BASELINE,LW,WHL,73,69,NHL,36,34,true,false,707,222,182,69,2,0,0,
BASELINE,RW,NCAA,75,70,NHL,36,34,true,false,779,233,149,69,2,1,1,2028:NCAA Championship
BASELINE,RD,USHL,73,66,NHL,36,34,true,false,788,23,219,66,2,1,1,2026:USHL Championship
BASELINE,C,LIIGA,74,70,NHL,36,34,true,false,623,143,272,0,1,1,1,2028:SHL Championship
BASELINE,RW,USHL,73,67,NHL,36,34,true,false,715,216,156,69,2,0,0,
BASELINE,RD,WHL,72,66,NHL,36,34,true,false,723,24,189,68,2,1,1,2030:AHL Championship
BASELINE,C,SHL,75,70,NHL,36,34,true,false,708,119,283,0,1,1,1,2035:NHL Championship
BASELINE,RD,NCAA,74,68,NHL,36,34,true,false,729,23,208,69,2,0,0,
BASELINE,C,USHL,75,70,NHL,36,34,true,false,769,76,353,65,2,0,0,
BASELINE,RW,USHL,74,68,NHL,36,34,true,false,703,237,141,66,2,2,2,2027:USHL Championship | 2031:SHL Championship
BASELINE,G,USHL,80,75,NHL,36,34,true,false,728,0,0,121,2,0,0,
BASELINE,G,USHL,77,69,NHL,36,34,true,false,710,0,0,193,2,1,1,2032:AHL Championship
BASELINE,LD,LIIGA,73,68,NHL,36,34,true,false,638,29,141,0,1,0,0,
BASELINE,RW,SHL,72,68,NHL,36,34,true,false,464,149,72,0,1,2,2,2031:SHL Championship | 2043:NHL Championship
BASELINE,RW,NCAA,74,68,NHL,36,34,true,false,644,183,138,68,2,1,1,2041:NHL Championship
BASELINE,RW,USHL,71,65,NHL,36,34,true,false,639,177,118,69,2,1,1,2043:NHL Championship
BASELINE,LW,NCAA,71,67,NHL,36,34,true,false,561,161,84,70,2,1,1,2038:NHL Championship
BASELINE,C,OHL,71,65,NHL,36,34,true,false,550,71,290,70,2,1,1,2032:SHL Championship
BASELINE,LD,WHL,72,66,NHL,36,34,true,false,543,24,109,70,2,1,1,2028:WHL Championship
BASELINE,C,SHL,70,66,NHL,36,34,true,false,557,95,230,0,1,1,1,2034:SHL Championship
BASELINE,C,SHL,73,68,NHL,36,34,true,false,640,106,285,0,1,1,1,2031:SHL Championship
BASELINE,LW,LIIGA,73,66,NHL,36,34,true,false,641,179,122,0,1,0,0,
BASELINE,LD,NCAA,76,70,NHL,36,34,true,false,751,39,301,64,2,0,0,
BASELINE,C,SHL,75,70,NHL,36,34,true,false,691,105,280,0,1,3,3,2031:SHL Championship | 2036:NHL Championship | 2039:NHL Championship
BASELINE,LW,LIIGA,74,67,NHL,36,34,true,false,703,253,106,0,1,0,0,
BASELINE,RD,LIIGA,76,70,NHL,36,34,true,false,597,8,166,0,1,1,1,2038:NHL Championship
BASELINE,LW,OHL,76,71,NHL,36,34,true,false,847,224,173,68,2,1,1,2042:NHL Championship
BASELINE,G,LIIGA,79,72,NHL,36,34,true,false,740,0,0,59,1,0,0,
BASELINE,G,OHL,77,71,NHL,36,34,true,false,700,0,0,125,2,0,0,
BASELINE,RD,OHL,73,67,NHL,36,34,true,false,801,22,186,66,2,0,0,
BASELINE,LD,LIIGA,71,65,NHL,36,34,true,false,553,34,132,0,1,0,0,
BASELINE,G,QMJHL,83,77,NHL,36,34,true,false,827,0,0,126,2,0,0,
BASELINE,LW,WHL,72,66,NHL,36,34,true,false,638,171,155,71,2,0,0,
BASELINE,LD,WHL,72,66,NHL,36,34,true,false,562,4,143,71,2,0,0,
BASELINE,C,USHL,71,66,NHL,36,34,true,false,635,53,263,66,2,0,0,
BASELINE,G,QMJHL,76,69,AHL,36,34,true,false,420,0,0,299,2,1,1,2040:NHL Championship
BASELINE,RD,USHL,70,64,SHL,36,34,true,false,320,19,82,67,2,1,1,2043:SHL Championship
BASELINE,G,USHL,74,68,NHL,36,34,true,false,425,0,0,310,2,1,1,2027:USHL Championship
BASELINE,LD,SHL,70,63,SHL,36,34,true,false,403,16,84,0,1,2,2,2026:SHL Championship | 2028:SHL Championship
BASELINE,C,SHL,72,67,NHL,36,34,true,false,559,62,233,0,1,1,1,2036:SHL Championship
BASELINE,RD,SHL,72,66,NHL,36,34,true,false,554,47,123,0,1,0,0,
BASELINE,G,SHL,74,68,AHL,36,34,true,false,323,0,0,255,1,0,0,
BASELINE,RD,LIIGA,69,63,SHL,36,34,true,false,317,13,85,0,1,0,0,
BASELINE,RD,USHL,73,68,NHL,36,34,true,false,858,4,197,64,2,0,0,
BASELINE,G,WHL,78,72,AHL,36,34,true,false,500,0,0,372,2,0,0,
BASELINE,LD,OHL,70,64,SHL,36,34,true,false,239,4,42,67,2,0,0,
BASELINE,RD,WHL,71,67,NHL,36,34,true,false,697,18,170,66,2,0,0,
BASELINE,C,WHL,69,63,SHL,36,34,true,false,318,12,134,70,2,1,1,2041:NHL Championship
BASELINE,LD,QMJHL,73,67,NHL,36,34,true,false,791,31,179,69,2,0,0,
BASELINE,RW,NCAA,72,68,NHL,36,34,true,false,630,145,155,71,2,2,2,2034:SHL Championship | 2042:NHL Championship
BASELINE,LW,WHL,76,72,NHL,36,34,true,false,774,240,123,66,2,2,2,2035:NHL Championship | 2037:NHL Championship
BASELINE,LW,LIIGA,74,69,NHL,36,34,true,false,624,189,141,0,1,0,0,
BASELINE,C,LIIGA,72,67,NHL,36,34,true,false,466,83,211,0,1,2,2,2031:SHL Championship | 2042:NHL Championship
BASELINE,RW,LIIGA,70,64,SHL,36,34,true,false,397,102,62,0,1,0,0,
BASELINE,RD,WHL,73,67,NHL,36,34,true,false,777,22,185,65,2,1,1,2041:NHL Championship
BASELINE,LD,SHL,74,69,NHL,36,34,true,false,631,0,197,0,1,0,0,
BASELINE,G,USHL,79,74,NHL,36,34,true,false,641,0,0,195,2,1,1,2032:SHL Championship
BASELINE,C,WHL,75,70,NHL,36,34,true,false,775,122,373,71,2,1,1,2027:WHL Championship
BASELINE,LD,SHL,72,65,NHL,36,34,true,false,640,10,143,0,1,0,0,
BASELINE,LW,USHL,73,68,NHL,36,34,true,false,713,196,161,68,2,0,0,
BASELINE,LW,LIIGA,72,67,NHL,36,34,true,false,563,160,95,0,1,1,1,2038:NHL Championship
BASELINE,C,OHL,73,68,NHL,36,34,true,false,732,55,329,68,2,1,1,2034:SHL Championship
BASELINE,G,NCAA,77,71,NHL,36,34,true,false,556,0,0,301,2,1,1,2037:NHL Championship
BASELINE,G,WHL,79,72,NHL,36,34,true,false,564,0,0,242,2,0,0,
BASELINE,LD,NCAA,68,62,SHL,36,34,true,false,163,7,41,65,2,0,0,
BASELINE,RW,OHL,75,69,NHL,36,34,true,false,799,282,150,66,2,0,0,
BASELINE,RW,SHL,71,66,NHL,36,34,true,false,634,157,128,0,1,0,0,
BASELINE,LD,NCAA,75,69,NHL,36,34,true,false,677,27,155,71,2,0,0,
BASELINE,RD,WHL,71,66,NHL,36,34,true,false,553,35,118,69,2,0,0,
BASELINE,RD,SHL,71,65,NHL,36,34,true,false,479,11,166,0,1,0,0,
BASELINE,G,NCAA,78,72,NHL,36,34,true,false,690,0,0,130,2,0,0,
BASELINE,LD,LIIGA,75,70,NHL,36,34,true,false,631,0,173,0,1,1,1,2034:SHL Championship
BASELINE,C,OHL,72,68,NHL,36,34,true,false,796,102,322,69,2,1,1,2034:NHL Championship
BASELINE,RW,NCAA,76,71,NHL,36,34,true,true,921,296,152,70,2,1,1,2029:NCAA Championship
BASELINE,RD,SHL,72,68,NHL,36,34,true,false,620,0,152,0,1,0,0,
BASELINE,G,USHL,78,71,NHL,36,34,true,false,545,0,0,183,2,0,0,
BASELINE,C,NCAA,78,74,NHL,36,34,true,false,836,148,254,65,2,0,0,
BASELINE,G,SHL,76,68,NHL,36,34,true,false,496,0,0,249,1,0,0,
BASELINE,LD,OHL,71,64,NHL,36,34,true,false,557,0,123,67,2,1,1,2043:NHL Championship
BASELINE,C,NCAA,75,69,NHL,36,34,true,false,697,89,397,65,2,0,0,
BASELINE,G,OHL,76,70,NHL,36,34,true,false,533,0,0,242,2,1,1,2036:NHL Championship
BASELINE,LD,WHL,74,68,NHL,36,34,true,false,802,33,237,67,2,1,1,2039:NHL Championship
BASELINE,G,WHL,74,70,AHL,36,34,true,false,245,0,0,360,2,1,1,2040:NHL Championship
BASELINE,RD,WHL,73,67,NHL,36,34,true,false,877,12,200,70,2,0,0,
BASELINE,RD,QMJHL,72,66,NHL,36,34,true,false,555,23,135,71,2,0,0,
BASELINE,LW,SHL,70,66,NHL,36,34,true,false,478,124,108,0,1,0,0,
BASELINE,RD,USHL,73,66,NHL,36,34,true,false,646,54,250,71,2,2,2,2033:SHL Championship | 2043:NHL Championship
BASELINE,C,USHL,73,68,NHL,36,34,true,false,636,83,289,65,2,0,0,
BASELINE,G,LIIGA,77,72,NHL,36,34,true,false,571,0,0,246,1,0,0,
BASELINE,C,WHL,75,69,NHL,36,34,true,false,701,122,298,68,2,0,0,
BASELINE,RD,SHL,75,68,NHL,36,34,true,false,851,18,184,0,1,0,0,
BASELINE,C,LIIGA,77,72,NHL,36,34,true,false,672,94,287,0,1,2,2,2038:NHL Championship | 2039:NHL Championship
BASELINE,RW,LIIGA,72,66,NHL,36,34,true,false,710,225,96,0,1,1,1,2039:NHL Championship
BASELINE,G,SHL,80,73,NHL,36,34,true,false,568,0,0,324,1,0,0,
BASELINE,G,LIIGA,76,68,NHL,36,34,true,false,612,0,0,123,1,0,0,
BASELINE,C,QMJHL,75,72,NHL,36,34,true,false,788,96,326,65,2,2,2,2027:QMJHL Championship | 2042:NHL Championship
BASELINE,RW,LIIGA,74,68,NHL,36,34,true,false,633,221,110,0,1,0,0,
BASELINE,G,USHL,75,69,AHL,36,34,true,false,328,0,0,313,2,0,0,
BASELINE,RW,WHL,75,69,NHL,36,34,true,false,715,233,142,69,2,2,2,2040:NHL Championship | 2043:NHL Championship
BASELINE,RW,WHL,73,68,NHL,36,34,true,false,719,207,165,68,2,0,0,
BASELINE,RD,NCAA,72,66,NHL,36,34,true,false,565,27,185,69,2,0,0,
BASELINE,RW,NCAA,76,71,NHL,36,34,true,false,855,248,138,69,2,0,0,
BASELINE,LW,OHL,76,72,NHL,36,34,true,false,766,226,184,71,2,1,1,2036:NHL Championship
BASELINE,LW,WHL,72,68,NHL,36,34,true,false,638,199,77,69,2,2,2,2031:SHL Championship | 2039:NHL Championship
BASELINE,LW,NCAA,76,72,NHL,36,34,true,false,758,232,105,68,2,0,0,
BASELINE,C,LIIGA,72,67,NHL,36,34,true,false,640,81,274,0,1,1,1,2026:LIIGA Championship
BASELINE,RD,USHL,76,69,NHL,36,34,true,false,756,27,178,69,2,1,1,2036:NHL Championship
BASELINE,RW,WHL,75,70,NHL,36,34,true,false,618,213,124,69,2,1,1,2040:NHL Championship
BASELINE,RD,QMJHL,72,66,NHL,36,34,true,false,563,27,209,65,2,0,0,
BASELINE,C,SHL,71,65,NHL,36,34,true,false,476,41,177,0,1,0,0,
BASELINE,RW,WHL,75,69,NHL,36,34,true,false,779,258,201,66,2,3,3,2028:WHL Championship | 2034:NHL Championship | 2040:NHL Championship
BASELINE,C,WHL,76,70,NHL,36,34,true,false,771,132,367,71,2,1,1,2039:NHL Championship
BASELINE,LW,QMJHL,72,67,NHL,36,34,true,false,554,158,87,70,2,0,0,
BASELINE,LD,OHL,73,68,NHL,36,34,true,false,630,39,174,66,2,0,0,
BASELINE,C,NCAA,70,65,NHL,36,34,true,false,395,54,178,68,2,1,1,2038:SHL Championship
BASELINE,RD,QMJHL,71,66,NHL,36,34,true,false,629,17,153,67,2,0,0,
BASELINE,LW,SHL,73,67,NHL,36,34,true,false,630,205,129,0,1,2,2,2034:SHL Championship | 2041:NHL Championship
BASELINE,G,WHL,71,66,AHL,36,34,true,false,131,0,0,369,2,0,0,
BASELINE,LW,USHL,76,71,NHL,36,34,true,false,826,225,128,68,2,0,0,
BASELINE,G,QMJHL,73,67,AHL,36,34,true,false,64,0,0,625,2,0,0,
BASELINE,LD,WHL,74,67,NHL,36,34,true,false,638,20,148,69,2,0,0,
BASELINE,RD,NCAA,72,66,NHL,36,34,true,false,644,22,161,65,2,0,0,
BASELINE,LD,OHL,74,67,NHL,36,34,true,false,708,13,161,65,2,1,1,2034:SHL Championship
BASELINE,LW,SHL,74,70,NHL,36,34,true,false,637,251,134,0,1,1,1,2029:SHL Championship
BASELINE,LW,QMJHL,74,70,NHL,36,34,true,false,789,203,265,70,2,1,1,2039:NHL Championship
BASELINE,RD,OHL,75,69,NHL,36,34,true,false,619,39,129,69,2,0,0,
BASELINE,RW,OHL,76,71,NHL,36,34,true,false,771,241,149,66,2,2,2,2027:OHL Championship | 2042:NHL Championship
BASELINE,C,USHL,72,66,NHL,36,34,true,false,690,48,258,68,2,0,0,
BASELINE,LD,LIIGA,67,61,SHL,36,34,false,false,0,0,0,0,1,0,0,
BASELINE,RD,WHL,68,62,SHL,36,34,true,false,313,15,83,67,2,1,1,2030:AHL Championship
BASELINE,LW,LIIGA,73,68,NHL,36,34,true,false,550,167,103,0,1,1,1,2028:SHL Championship
BASELINE,LW,OHL,74,71,NHL,36,34,true,false,805,260,157,71,2,1,1,2031:SHL Championship
BASELINE,RW,WHL,71,66,NHL,36,34,true,false,723,227,98,71,2,3,3,2032:SHL Championship | 2033:SHL Championship | 2036:NHL Championship
BASELINE,RD,QMJHL,70,65,NHL,36,34,true,false,556,27,105,70,2,1,1,2035:SHL Championship
BASELINE,G,NCAA,76,69,AHL,36,34,true,false,457,0,0,371,2,0,0,
BASELINE,LD,SHL,73,66,NHL,36,34,true,false,632,22,171,0,1,0,0,
BASELINE,LW,LIIGA,71,65,NHL,36,34,true,false,475,113,87,0,1,0,0,
BASELINE,LW,LIIGA,76,70,NHL,36,34,true,false,532,153,97,0,1,1,1,2032:SHL Championship
BASELINE,RW,QMJHL,74,69,NHL,36,34,true,false,718,277,117,69,2,0,0,
BASELINE,LD,NCAA,75,69,NHL,36,34,true,false,758,17,230,64,2,1,1,2037:NHL Championship
BASELINE,LW,OHL,73,67,NHL,36,34,true,false,715,170,155,64,2,1,1,2029:OHL Championship
BASELINE,RD,SHL,72,66,NHL,36,34,true,false,476,0,88,0,1,0,0,
BASELINE,C,QMJHL,73,68,NHL,36,34,true,false,548,63,209,67,2,0,0,
BASELINE,G,OHL,76,70,NHL,36,34,true,false,406,0,0,384,2,0,0,
BASELINE,LD,OHL,70,64,SHL,36,34,true,false,485,21,113,67,2,0,0,
BASELINE,RW,USHL,75,71,NHL,36,34,true,false,549,172,102,67,2,0,0,
BASELINE,C,USHL,75,68,NHL,36,34,true,false,864,106,357,71,2,1,1,2038:NHL Championship
BASELINE,LD,USHL,71,68,NHL,36,34,true,false,554,12,129,66,2,0,0,
BASELINE,LW,USHL,75,71,NHL,36,34,true,false,695,282,123,70,2,0,0,
BASELINE,C,SHL,71,67,NHL,36,34,true,false,476,72,197,0,1,0,0,
BASELINE,RD,QMJHL,72,66,NHL,36,34,true,false,718,26,125,67,2,2,2,2030:AHL Championship | 2043:NHL Championship
BASELINE,LW,QMJHL,74,68,NHL,36,34,true,false,715,248,129,70,2,0,0,
BASELINE,RD,OHL,72,65,NHL,36,34,true,false,635,38,161,71,2,1,1,2038:NHL Championship
BASELINE,LD,LIIGA,70,65,NHL,36,34,true,false,632,26,149,0,1,1,1,2031:SHL Championship
BASELINE,RW,OHL,71,65,NHL,36,34,true,false,556,149,104,67,2,1,1,2034:SHL Championship
BASELINE,LD,LIIGA,70,63,SHL,36,34,true,false,395,7,104,0,1,0,0,
BASELINE,LW,USHL,73,68,NHL,36,34,true,false,700,207,129,66,2,0,0,
BASELINE,RD,LIIGA,73,68,NHL,36,34,true,false,721,15,180,0,1,2,2,2029:SHL Championship | 2042:NHL Championship
BASELINE,LD,SHL,76,70,NHL,36,34,true,false,762,6,115,0,1,0,0,
BASELINE,LW,SHL,72,66,NHL,36,34,true,false,543,149,123,0,1,1,1,2035:SHL Championship
BASELINE,LW,SHL,75,70,NHL,36,34,true,false,776,277,145,0,1,0,0,
BASELINE,RW,WHL,76,70,NHL,36,34,true,false,829,196,203,67,2,0,0,
BASELINE,RD,SHL,71,64,SHL,36,34,true,false,397,0,96,0,1,1,1,2037:SHL Championship
BASELINE,RD,QMJHL,72,66,NHL,36,34,true,false,633,16,150,69,2,0,0,
BASELINE,G,SHL,80,73,NHL,36,34,true,false,659,0,0,128,1,0,0,
BASELINE,LW,WHL,81,75,NHL,36,34,true,true,904,275,143,70,2,0,0,
BASELINE,RD,OHL,68,62,SHL,36,34,true,false,238,12,57,68,2,0,0,
BASELINE,LW,QMJHL,73,67,NHL,36,34,true,false,635,183,91,66,2,0,0,
BASELINE,LW,LIIGA,71,66,NHL,36,34,true,false,557,206,100,0,1,0,0,
BASELINE,C,SHL,71,67,NHL,36,34,true,false,565,80,276,0,1,2,2,2027:SHL Championship | 2031:SHL Championship
BASELINE,RW,LIIGA,76,70,NHL,36,34,true,false,599,210,62,0,1,0,0,
BASELINE,LW,WHL,72,67,NHL,36,34,true,false,548,119,141,71,2,0,0,
BASELINE,RD,USHL,74,70,NHL,36,34,true,false,718,40,195,71,2,0,0,
BASELINE,LW,SHL,71,67,NHL,36,34,true,false,553,145,73,0,1,0,0,
BASELINE,LW,WHL,73,67,NHL,36,34,true,false,621,132,208,69,2,1,1,2038:NHL Championship
BASELINE,RD,QMJHL,70,63,SHL,36,34,true,false,478,16,138,70,2,0,0,
BASELINE,G,NCAA,79,72,NHL,36,34,true,true,770,0,0,120,2,2,2,2031:SHL Championship | 2037:NHL Championship
BASELINE,RD,QMJHL,75,68,NHL,36,34,true,false,627,47,145,65,2,1,1,2034:SHL Championship
BASELINE,C,NCAA,71,66,NHL,36,34,true,false,638,90,278,65,2,1,1,2040:NHL Championship
BASELINE,G,NCAA,76,70,AHL,36,34,true,false,396,0,0,383,2,1,1,2033:AHL Championship
BASELINE,RW,USHL,74,69,NHL,36,34,true,false,549,195,101,68,2,1,1,2031:SHL Championship
BASELINE,LW,LIIGA,76,70,NHL,36,34,true,false,708,196,158,0,1,0,0,
BASELINE,LW,SHL,75,70,NHL,36,34,true,false,682,191,158,0,1,0,0,
BASELINE,RD,QMJHL,71,65,NHL,36,34,true,false,554,12,136,66,2,1,1,2032:SHL Championship
BASELINE,RD,LIIGA,72,65,NHL,36,34,true,false,549,16,132,0,1,0,0,
BASELINE,LW,QMJHL,74,69,NHL,36,34,true,false,799,221,234,69,2,1,1,2027:QMJHL Championship
BASELINE,G,OHL,79,74,NHL,36,34,true,false,556,0,0,255,2,0,0,
BASELINE,G,QMJHL,73,67,AHL,36,34,true,false,255,0,0,317,2,0,0,
BASELINE,G,NCAA,81,77,NHL,36,34,true,false,709,0,0,232,2,1,1,2038:NHL Championship
BASELINE,C,NCAA,75,69,NHL,36,34,true,false,685,112,245,65,2,1,1,2034:SHL Championship
BASELINE,LD,LIIGA,69,63,SHL,36,34,true,false,399,11,67,0,1,0,0,
BASELINE,C,SHL,71,65,NHL,36,34,true,false,551,33,297,0,1,1,1,2030:SHL Championship
BASELINE,RD,SHL,72,66,NHL,36,34,true,false,476,13,122,0,1,1,1,2030:SHL Championship
BASELINE,RD,LIIGA,71,65,NHL,36,34,true,false,637,12,172,0,1,0,0,
BASELINE,LW,USHL,67,61,SHL,36,34,false,false,0,0,0,69,2,1,1,2037:SHL Championship
BASELINE,LD,QMJHL,73,66,NHL,36,34,true,false,716,11,180,71,2,1,1,2035:NHL Championship
BASELINE,LW,LIIGA,71,66,NHL,36,34,true,false,633,183,124,0,1,0,0,
BASELINE,RD,USHL,70,64,NHL,36,34,true,false,570,18,124,67,2,1,1,2038:NHL Championship
BASELINE,G,OHL,76,71,NHL,36,34,true,false,519,0,0,256,2,0,0,
BASELINE,RD,SHL,71,66,NHL,36,34,true,false,566,25,111,0,1,0,0,
BASELINE,RW,WHL,77,71,NHL,36,34,true,false,827,258,124,70,2,0,0,
BASELINE,LW,OHL,73,69,NHL,36,34,true,false,714,195,168,70,2,0,0,
BASELINE,RD,USHL,73,66,NHL,36,34,true,false,634,5,166,67,2,2,2,2027:USHL Championship | 2043:NHL Championship
BASELINE,RW,SHL,73,67,NHL,36,34,true,false,637,191,104,0,1,1,1,2027:SHL Championship
BASELINE,LW,QMJHL,73,68,NHL,36,34,true,false,560,202,134,67,2,1,1,2036:SHL Championship
BASELINE,RD,WHL,74,67,NHL,36,34,true,false,650,42,153,65,2,0,0,
BASELINE,LD,USHL,74,68,NHL,36,34,true,false,791,9,205,67,2,1,1,2034:NHL Championship
BASELINE,RD,NCAA,73,67,NHL,36,34,true,false,469,8,70,68,2,1,1,2031:SHL Championship
BASELINE,C,QMJHL,73,69,NHL,36,34,true,false,637,89,280,68,2,1,1,2040:NHL Championship
BASELINE,RW,SHL,76,69,NHL,36,34,true,false,782,244,104,0,1,0,0,
BASELINE,G,LIIGA,79,74,NHL,36,34,true,false,606,0,0,127,1,1,1,2032:SHL Championship
BASELINE,LW,WHL,73,68,NHL,36,34,true,false,631,174,168,71,2,2,2,2029:WHL Championship | 2031:SHL Championship
BASELINE,RW,OHL,76,70,NHL,36,34,true,false,608,194,96,69,2,0,0,
BASELINE,RW,WHL,76,71,NHL,36,34,true,true,934,321,162,65,2,1,1,2037:NHL Championship
BASELINE,RD,LIIGA,71,64,SHL,36,34,true,false,481,23,143,0,1,0,0,
BASELINE,LD,USHL,73,68,NHL,36,34,true,false,636,50,239,69,2,0,0,
BASELINE,LW,WHL,74,69,NHL,36,34,true,false,787,239,141,68,2,0,0,
BASELINE,G,WHL,81,73,NHL,36,34,true,false,780,0,0,192,2,1,1,2027:WHL Championship
BASELINE,LD,WHL,73,66,NHL,36,34,true,false,804,14,198,70,2,0,0,
BASELINE,RD,SHL,71,65,NHL,36,34,true,false,639,14,148,0,1,0,0,
BASELINE,LW,QMJHL,76,73,NHL,36,34,true,false,669,163,156,71,2,0,0,
BASELINE,LD,NCAA,72,68,NHL,36,34,true,false,552,10,138,71,2,1,1,2041:NHL Championship
BASELINE,C,LIIGA,70,64,NHL,36,34,true,false,561,46,225,0,1,0,0,
BASELINE,RD,SHL,73,67,NHL,36,34,true,false,628,25,115,0,1,0,0,
BASELINE,RD,WHL,72,66,NHL,36,34,true,false,560,15,124,65,2,0,0,
BASELINE,LW,LIIGA,74,69,NHL,36,34,true,false,648,246,79,0,1,0,0,
BASELINE,C,OHL,76,70,NHL,36,34,true,false,700,130,289,66,2,0,0,
BASELINE,C,WHL,75,71,NHL,36,34,true,false,708,118,342,71,2,0,0,
BASELINE,LW,LIIGA,73,68,NHL,36,34,true,false,635,202,113,0,1,0,0,
BASELINE,G,LIIGA,74,68,NHL,36,34,true,false,241,0,0,372,1,1,1,2028:SHL Championship
BASELINE,C,QMJHL,76,72,NHL,36,34,true,false,689,137,241,67,2,0,0,
BASELINE,RD,SHL,73,67,NHL,36,34,true,false,637,9,151,0,1,1,1,2040:NHL Championship
BASELINE,C,SHL,76,71,NHL,36,34,true,false,682,127,252,0,1,0,0,
BASELINE,LD,WHL,72,66,NHL,36,34,true,false,791,38,190,70,2,0,0,
BASELINE,LD,SHL,68,62,SHL,36,34,true,false,153,6,36,0,1,0,0,
BASELINE,LD,OHL,71,64,SHL,36,34,true,false,568,51,160,70,2,0,0,
BASELINE,G,OHL,77,69,NHL,36,34,true,false,542,0,0,317,2,0,0,
BASELINE,RW,LIIGA,73,67,NHL,36,34,true,false,717,222,152,0,1,0,0,
BASELINE,G,OHL,75,68,AHL,36,34,true,false,257,0,0,312,2,0,0,
BASELINE,LD,NCAA,72,66,NHL,36,34,true,false,559,23,141,67,2,2,2,2031:SHL Championship | 2032:SHL Championship
BASELINE,RD,SHL,72,66,NHL,36,34,true,false,563,3,157,0,1,2,2,2034:SHL Championship | 2041:NHL Championship
BASELINE,LD,WHL,70,63,SHL,36,34,true,false,397,1,91,65,2,0,0,
BASELINE,LW,OHL,72,67,NHL,36,34,true,false,553,121,96,65,2,0,0,
BASELINE,RW,LIIGA,73,68,NHL,36,34,true,false,565,119,163,0,1,0,0,
BASELINE,LD,SHL,70,64,SHL,36,34,true,false,490,16,146,0,1,2,2,2036:SHL Championship | 2040:NHL Championship
BASELINE,G,NCAA,77,70,AHL,36,34,true,false,480,0,0,252,2,0,0,
BASELINE,C,SHL,71,67,NHL,36,34,true,false,552,50,299,0,1,1,1,2042:NHL Championship
BASELINE,G,NCAA,75,69,AHL,36,34,true,false,349,0,0,435,2,1,1,2033:AHL Championship
BASELINE,LD,USHL,73,66,NHL,36,34,true,false,556,4,180,65,2,1,1,2030:AHL Championship
BASELINE,LW,QMJHL,76,70,NHL,36,34,true,false,692,236,117,71,2,1,1,2040:NHL Championship
BASELINE,LW,NCAA,74,68,NHL,36,34,true,false,705,224,173,69,2,0,0,
BASELINE,G,WHL,77,70,NHL,36,34,true,false,560,0,0,246,2,0,0,
BASELINE,G,NCAA,77,71,NHL,36,34,true,false,550,0,0,257,2,1,1,2036:AHL Championship
BASELINE,RD,QMJHL,71,64,SHL,36,34,true,false,467,19,95,71,2,1,1,2037:NHL Championship
BASELINE,RW,WHL,75,68,NHL,36,34,true,false,639,217,98,65,2,0,0,
BASELINE,LD,USHL,68,62,SHL,36,34,true,false,161,13,21,66,2,1,1,2034:SHL Championship
BASELINE,G,WHL,77,71,AHL,36,34,true,true,485,0,0,390,2,0,0,
BASELINE,RD,WHL,70,64,SHL,36,34,true,false,474,10,141,69,2,0,0,
BASELINE,LW,USHL,74,68,NHL,36,34,true,false,801,236,151,70,2,0,0,
BASELINE,LW,USHL,75,70,NHL,36,34,true,false,773,210,152,66,2,0,0,
BASELINE,RW,LIIGA,73,69,NHL,36,34,true,false,711,187,125,0,1,2,2,2032:SHL Championship | 2039:NHL Championship
BASELINE,LD,QMJHL,72,66,NHL,36,34,true,false,636,28,139,65,2,0,0,
BASELINE,RD,SHL,73,66,NHL,36,34,true,false,557,15,166,0,1,0,0,
BASELINE,G,LIIGA,74,69,AHL,36,34,true,false,193,0,0,421,1,1,1,2034:AHL Championship
BASELINE,LD,WHL,73,67,NHL,36,34,true,false,708,43,157,66,2,1,1,2043:NHL Championship
BASELINE,RD,WHL,72,67,NHL,36,34,true,false,556,16,118,71,2,0,0,
BASELINE,C,SHL,78,73,NHL,36,34,true,false,682,91,274,0,1,0,0,
BASELINE,RD,NCAA,74,68,NHL,36,34,true,false,617,12,167,65,2,1,1,2035:SHL Championship
BASELINE,C,NCAA,75,70,NHL,36,34,true,false,773,79,385,68,2,0,0,
BASELINE,RD,QMJHL,71,65,NHL,36,34,true,false,393,3,97,71,2,0,0,
BASELINE,RD,OHL,70,63,SHL,36,34,true,false,399,5,61,71,2,0,0,
BASELINE,RW,NCAA,76,72,NHL,36,34,true,true,921,296,162,71,2,1,1,2038:NHL Championship
BASELINE,LW,SHL,69,64,SHL,36,34,true,false,404,108,68,0,1,1,1,2035:SHL Championship
BASELINE,LW,USHL,76,72,NHL,36,34,true,false,855,259,141,70,2,0,0,
BASELINE,RD,WHL,71,65,NHL,36,34,true,false,635,23,133,71,2,0,0,
BASELINE,RD,OHL,72,65,NHL,36,34,true,false,716,37,158,65,2,0,0,
BASELINE,LW,USHL,76,71,NHL,36,34,true,false,750,185,151,65,2,1,1,2041:NHL Championship
BASELINE,G,OHL,76,69,NHL,36,34,true,false,657,0,0,131,2,0,0,
BASELINE,LW,WHL,74,69,NHL,36,34,true,false,878,234,160,65,2,0,0,
BASELINE,RW,OHL,75,70,NHL,36,34,true,false,687,204,154,69,2,1,1,2030:AHL Championship
BASELINE,C,QMJHL,72,67,NHL,36,34,true,false,552,52,230,68,2,0,0,
BASELINE,LD,USHL,72,65,NHL,36,34,true,false,482,17,88,70,2,0,0,
BASELINE,C,QMJHL,74,69,NHL,36,34,true,false,796,126,442,68,2,0,0,
BASELINE,RD,OHL,74,67,NHL,36,34,true,false,619,22,178,68,2,0,0,
BASELINE,G,OHL,79,72,NHL,36,34,true,false,702,0,0,249,2,0,0,
BASELINE,LD,QMJHL,72,67,NHL,36,34,true,false,476,13,116,69,2,0,0,
BASELINE,G,WHL,73,66,AHL,36,34,true,false,125,0,0,509,2,0,0,
BASELINE,G,USHL,75,67,AHL,36,34,true,false,387,0,0,413,2,1,1,2042:NHL Championship
BASELINE,C,USHL,73,67,NHL,36,34,true,false,630,90,298,69,2,3,3,2038:NHL Championship | 2040:NHL Championship | 2042:NHL Championship
BASELINE,C,USHL,75,70,NHL,36,34,true,false,745,88,347,68,2,0,0,
BASELINE,RD,SHL,72,66,NHL,36,34,true,false,474,23,138,0,1,1,1,2031:SHL Championship
BASELINE,G,USHL,80,73,NHL,36,34,true,false,503,0,0,369,2,0,0,
BASELINE,RW,NCAA,72,65,NHL,36,34,true,false,649,170,123,69,2,2,2,2038:NHL Championship | 2043:NHL Championship
BASELINE,G,QMJHL,75,71,NHL,36,34,true,false,325,0,0,182,2,1,1,2034:SHL Championship
BASELINE,G,WHL,77,74,NHL,36,34,true,false,482,0,0,254,2,0,0,
BASELINE,LD,SHL,70,64,NHL,36,34,true,false,482,41,161,0,1,0,0,
BASELINE,LW,OHL,75,72,NHL,36,34,true,false,696,189,115,65,2,0,0,
BASELINE,LD,WHL,71,64,SHL,36,34,true,false,565,3,146,69,2,0,0,
BASELINE,RW,NCAA,71,67,NHL,36,34,true,false,563,123,131,68,2,0,0,
BASELINE,C,QMJHL,76,71,NHL,36,34,true,false,753,85,401,69,2,2,2,2026:QMJHL Championship | 2036:NHL Championship
BASELINE,LW,WHL,77,71,NHL,36,34,true,false,842,270,105,66,2,2,2,2037:NHL Championship | 2041:NHL Championship
BASELINE,RD,OHL,69,63,SHL,36,34,true,false,482,11,148,67,2,0,0,
BASELINE,C,USHL,71,64,NHL,36,34,true,false,555,50,255,69,2,0,0,
BASELINE,RW,SHL,73,68,NHL,36,34,true,false,645,192,133,0,1,0,0,
BASELINE,C,QMJHL,74,67,NHL,36,34,true,false,709,120,323,67,2,0,0,
BASELINE,RD,QMJHL,71,65,NHL,36,34,true,false,631,34,179,67,2,0,0,
BASELINE,C,QMJHL,74,68,NHL,36,34,true,false,706,98,372,70,2,0,0,
BASELINE,RD,NCAA,71,65,NHL,36,34,true,false,625,4,131,69,2,0,0,
BASELINE,LW,WHL,72,66,NHL,36,34,true,false,565,156,83,69,2,1,1,2043:NHL Championship
BASELINE,LW,USHL,71,65,NHL,36,34,true,false,638,135,110,69,2,1,1,2027:USHL Championship
BASELINE,RW,NCAA,75,72,NHL,36,34,true,false,700,221,127,68,2,0,0,
BASELINE,C,USHL,73,68,NHL,36,34,true,false,641,88,239,66,2,0,0,
BASELINE,C,SHL,72,67,NHL,36,34,true,false,620,79,221,0,1,0,0,
BASELINE,LD,LIIGA,71,64,SHL,36,34,true,false,564,19,193,0,1,0,0,
BASELINE,C,USHL,73,68,NHL,36,34,true,false,712,95,403,71,2,0,0,
BASELINE,LW,SHL,71,65,NHL,36,34,true,false,561,194,77,0,1,0,0,
BASELINE,C,OHL,71,66,NHL,36,34,true,false,557,53,296,69,2,0,0,
BASELINE,LW,USHL,72,69,NHL,36,34,true,false,791,214,150,71,2,0,0,
BASELINE,RW,QMJHL,75,70,NHL,36,34,true,false,751,223,106,66,2,2,2,2028:QMJHL Championship | 2043:NHL Championship
BASELINE,C,OHL,73,67,NHL,36,34,true,false,709,73,371,70,2,0,0,
BASELINE,LW,SHL,74,70,NHL,36,34,true,false,640,198,224,0,1,1,1,2028:SHL Championship
BASELINE,C,SHL,73,68,NHL,36,34,true,false,803,148,312,0,1,1,1,2040:NHL Championship
BASELINE,LW,SHL,77,72,NHL,36,34,true,false,690,262,102,0,1,0,0,
BASELINE,LW,USHL,71,66,NHL,36,34,true,false,635,192,114,68,2,2,2,2032:SHL Championship | 2036:NHL Championship
BASELINE,LW,WHL,76,72,NHL,36,34,true,false,664,211,92,65,2,0,0,
BASELINE,LW,QMJHL,75,68,NHL,36,34,true,false,712,200,167,68,2,0,0,
BASELINE,LW,OHL,71,64,NHL,36,34,true,false,639,158,107,65,2,0,0,
BASELINE,C,LIIGA,75,70,NHL,36,34,true,false,628,138,221,0,1,0,0,
BASELINE,G,NCAA,72,66,NHL,36,34,true,false,315,0,0,189,2,1,1,2036:SHL Championship
BASELINE,RW,SHL,72,67,NHL,36,34,true,false,644,218,134,0,1,1,1,2041:NHL Championship
BASELINE,G,WHL,74,69,NHL,36,34,true,false,245,0,0,493,2,1,1,2041:AHL Championship
BASELINE,LW,WHL,72,67,NHL,36,34,true,false,553,133,140,65,2,2,2,2027:WHL Championship | 2041:NHL Championship
BASELINE,RD,QMJHL,70,63,SHL,36,34,true,false,562,21,119,66,2,0,0,
BASELINE,C,USHL,74,69,NHL,36,34,true,false,794,68,376,71,2,1,1,2029:USHL Championship
BASELINE,RD,USHL,74,68,NHL,36,34,true,false,713,34,160,67,2,0,0,
BASELINE,RD,LIIGA,72,66,NHL,36,34,true,false,467,16,96,0,1,0,0,
BASELINE,RW,OHL,75,69,NHL,36,34,true,false,632,193,155,67,2,0,0,
BASELINE,LD,LIIGA,75,68,NHL,36,34,true,false,691,11,181,0,1,0,0,
BASELINE,LD,WHL,73,68,NHL,36,34,true,false,788,39,226,68,2,0,0,
BASELINE,RD,LIIGA,72,67,NHL,36,34,true,false,554,15,112,0,1,3,3,2028:SHL Championship | 2030:SHL Championship | 2032:SHL Championship
BASELINE,RD,NCAA,71,65,NHL,36,34,true,false,634,30,193,69,2,0,0,
BASELINE,RD,NCAA,73,66,NHL,36,34,true,false,708,39,212,71,2,1,1,2028:NCAA Championship
BASELINE,RW,NCAA,73,67,NHL,36,34,true,false,640,166,193,66,2,1,1,2033:SHL Championship
BASELINE,C,WHL,72,66,NHL,36,34,true,false,640,59,305,66,2,1,1,2027:WHL Championship
BASELINE,G,USHL,74,70,AHL,36,34,true,false,125,0,0,443,2,1,1,2041:AHL Championship
BASELINE,RD,WHL,71,64,SHL,36,34,true,false,478,32,148,69,2,0,0,
BASELINE,LW,QMJHL,71,65,NHL,36,34,true,false,462,126,64,66,2,1,1,2028:QMJHL Championship
BASELINE,G,USHL,81,74,NHL,36,34,true,false,654,0,0,186,2,0,0,
BASELINE,LD,USHL,74,69,NHL,36,34,true,false,791,5,219,68,2,1,1,2028:USHL Championship
BASELINE,LD,SHL,73,68,NHL,36,34,true,false,559,20,192,0,1,0,0,
BASELINE,C,LIIGA,71,66,NHL,36,34,true,false,474,60,155,0,1,1,1,2031:SHL Championship
BASELINE,LD,USHL,74,70,NHL,36,34,true,false,867,0,194,68,2,0,0,
BASELINE,LD,NCAA,70,63,SHL,36,34,true,false,319,13,85,66,2,0,0,
BASELINE,RD,OHL,72,65,NHL,36,34,true,false,478,2,123,70,2,0,0,
BASELINE,C,WHL,76,71,NHL,36,34,true,false,622,88,301,70,2,0,0,
BASELINE,C,USHL,75,70,NHL,36,34,true,false,769,93,277,68,2,0,0,
BASELINE,RD,USHL,70,63,SHL,36,34,true,false,481,25,104,71,2,0,0,
BASELINE,LD,OHL,72,66,NHL,36,34,true,false,551,9,109,66,2,0,0,
BASELINE,G,SHL,79,76,NHL,36,34,true,false,499,0,0,245,1,0,0,
BASELINE,RW,QMJHL,75,70,NHL,36,34,true,false,760,197,151,66,2,0,0,
BASELINE,RD,SHL,71,64,SHL,36,34,true,false,484,4,99,0,1,0,0,
BASELINE,LW,SHL,72,67,NHL,36,34,true,false,561,145,97,0,1,0,0,
BASELINE,C,OHL,74,70,NHL,36,34,true,false,708,136,324,71,2,0,0,
BASELINE,RW,LIIGA,76,71,NHL,36,34,true,false,761,194,167,0,1,0,0,
BASELINE,LW,SHL,72,68,NHL,36,34,true,false,477,174,60,0,1,0,0,
BASELINE,C,SHL,74,70,NHL,36,34,true,false,794,126,293,0,1,0,0,
BASELINE,RD,WHL,70,65,NHL,36,34,true,false,480,16,129,70,2,0,0,
BASELINE,LW,OHL,73,69,NHL,36,34,true,false,631,164,150,68,2,1,1,2033:SHL Championship
BASELINE,RD,QMJHL,72,67,NHL,36,34,true,false,724,16,153,69,2,1,1,2032:SHL Championship
BASELINE,LW,SHL,75,69,NHL,36,34,true,false,610,244,71,0,1,1,1,2034:SHL Championship
BASELINE,G,USHL,79,72,NHL,36,34,true,false,701,0,0,191,2,1,1,2039:NHL Championship
BASELINE,LW,OHL,73,68,NHL,36,34,true,false,632,184,144,71,2,1,1,2040:NHL Championship
BASELINE,LD,USHL,72,65,NHL,36,34,true,false,722,44,148,68,2,0,0,
BASELINE,C,LIIGA,73,67,NHL,36,34,true,false,639,106,280,0,1,0,0,
BASELINE,G,LIIGA,75,71,AHL,36,34,true,false,328,0,0,252,1,0,0,
BASELINE,LD,QMJHL,75,69,NHL,36,34,true,false,698,26,169,65,2,0,0,
BASELINE,RD,OHL,71,65,NHL,36,34,true,false,558,11,118,67,2,0,0,
BASELINE,C,WHL,79,76,NHL,36,34,true,false,818,135,297,65,2,1,1,2036:NHL Championship
BASELINE,G,NCAA,74,67,AHL,36,34,true,false,127,0,0,438,2,1,1,2032:SHL Championship
BASELINE,RW,QMJHL,73,68,NHL,36,34,true,false,638,206,120,66,2,1,1,2037:NHL Championship
BASELINE,RW,WHL,73,69,NHL,36,34,true,false,636,214,94,65,2,1,1,2026:WHL Championship
BASELINE,RW,WHL,73,70,NHL,36,34,true,false,790,267,169,65,2,0,0,
BASELINE,G,SHL,73,65,AHL,36,34,true,false,192,0,0,438,1,1,1,2042:AHL Championship
BASELINE,G,SHL,71,65,NHL,36,34,true,false,124,0,0,245,1,0,0,
BASELINE,C,LIIGA,72,67,NHL,36,34,true,false,477,86,204,0,1,0,0,
BASELINE,G,QMJHL,75,68,AHL,36,34,true,false,313,0,0,434,2,0,0,
BASELINE,G,LIIGA,74,68,NHL,36,34,true,false,251,0,0,253,1,0,0,
BASELINE,LW,WHL,73,68,NHL,36,34,true,false,714,247,169,67,2,1,1,2029:WHL Championship
BASELINE,RD,NCAA,73,66,NHL,36,34,true,false,553,26,178,67,2,0,0,
BASELINE,LW,WHL,74,69,NHL,36,34,true,false,722,312,100,66,2,0,0,
BASELINE,RD,OHL,74,67,NHL,36,34,true,false,790,16,190,68,2,0,0,
BASELINE,C,OHL,75,69,NHL,36,34,true,false,781,145,236,65,2,0,0,
BASELINE,C,USHL,70,64,SHL,36,34,true,false,395,44,172,68,2,0,0,
BASELINE,G,LIIGA,76,70,AHL,36,34,true,false,399,0,0,261,1,0,0,
BASELINE,C,WHL,74,69,NHL,36,34,true,false,801,128,340,66,2,0,0,
BASELINE,LW,LIIGA,76,70,NHL,36,34,true,false,617,185,109,0,1,1,1,2034:SHL Championship
BASELINE,RW,WHL,72,67,NHL,36,34,true,false,640,170,105,69,2,3,3,2029:WHL Championship | 2037:NHL Championship | 2040:NHL Championship
BASELINE,G,NCAA,76,70,AHL,36,34,true,false,641,0,0,244,2,0,0,
BASELINE,RW,SHL,70,66,NHL,36,34,true,false,553,86,144,0,1,2,2,2027:SHL Championship | 2039:NHL Championship
BASELINE,LD,SHL,71,65,NHL,36,34,true,false,563,30,121,0,1,1,1,2036:SHL Championship
BASELINE,LD,LIIGA,72,67,NHL,36,34,true,false,558,9,150,0,1,0,0,
BASELINE,G,WHL,78,71,NHL,36,34,true,false,613,0,0,185,2,0,0,
BASELINE,G,SHL,74,69,AHL,36,34,true,false,198,0,0,361,1,0,0,
BASELINE,LD,QMJHL,71,64,SHL,36,34,true,false,553,27,136,65,2,0,0,
BASELINE,RW,USHL,73,69,NHL,36,34,true,false,790,225,173,66,2,0,0,
BASELINE,C,QMJHL,75,70,NHL,36,34,true,false,765,137,266,67,2,0,0,
BASELINE,G,LIIGA,78,71,NHL,36,34,true,false,509,0,0,241,1,0,0,
BASELINE,LW,QMJHL,75,69,NHL,36,34,true,false,713,207,178,68,2,0,0,
BASELINE,RD,QMJHL,73,68,NHL,36,34,true,false,710,3,148,69,2,0,0,
BASELINE,LW,SHL,71,66,NHL,36,34,true,false,636,152,136,0,1,2,2,2032:SHL Championship | 2036:NHL Championship
BASELINE,RD,QMJHL,72,67,NHL,36,34,true,false,695,39,182,65,2,0,0,
BASELINE,LW,SHL,73,69,NHL,36,34,true,false,636,226,115,0,1,2,2,2036:NHL Championship | 2043:NHL Championship
BASELINE,LW,LIIGA,71,65,NHL,36,34,true,false,552,157,119,0,1,1,1,2026:LIIGA Championship
BASELINE,RW,WHL,71,65,NHL,36,34,true,false,637,178,81,71,2,0,0,
BASELINE,LD,WHL,74,68,NHL,36,34,true,false,626,27,156,71,2,1,1,2038:NHL Championship
BASELINE,LW,QMJHL,74,69,NHL,36,34,true,false,791,248,210,69,2,2,2,2031:SHL Championship | 2043:NHL Championship
BASELINE,LW,USHL,76,71,NHL,36,34,true,false,685,189,114,71,2,2,2,2026:USHL Championship | 2037:NHL Championship
BASELINE,G,SHL,76,68,AHL,36,34,true,false,70,0,0,498,1,0,0,
BASELINE,RD,SHL,69,63,SHL,36,34,true,false,239,13,46,0,1,0,0,
BASELINE,RD,NCAA,70,64,SHL,36,34,true,false,396,19,101,69,2,0,0,
BASELINE,RW,OHL,73,69,NHL,36,34,true,false,790,229,149,65,2,0,0,
BASELINE,RD,OHL,72,67,NHL,36,34,true,false,706,46,154,70,2,0,0,
BASELINE,G,OHL,76,70,AHL,36,34,true,false,331,0,0,301,2,1,1,2040:AHL Championship
BASELINE,RD,NCAA,74,68,NHL,36,34,true,false,705,45,186,67,2,1,1,2043:NHL Championship
BASELINE,G,NCAA,76,69,NHL,36,34,true,false,515,0,0,249,2,0,0,
BASELINE,LD,USHL,72,65,NHL,36,34,true,false,642,45,142,69,2,0,0,
BASELINE,RD,QMJHL,72,66,NHL,36,34,true,false,804,42,220,70,2,0,0,
BASELINE,RW,WHL,77,72,NHL,36,34,true,false,768,239,168,69,2,0,0,
BASELINE,RD,OHL,73,68,NHL,36,34,true,false,552,17,118,69,2,0,0,
BASELINE,RD,WHL,75,70,NHL,36,34,true,false,717,41,275,66,2,1,1,2027:WHL Championship
BASELINE,RW,LIIGA,74,68,NHL,36,34,true,false,717,254,116,0,1,0,0,
BASELINE,RW,SHL,73,68,NHL,36,34,true,false,642,183,119,0,1,1,1,2040:NHL Championship
BASELINE,G,LIIGA,78,70,AHL,36,34,true,false,443,0,0,371,1,3,3,2029:SHL Championship | 2035:AHL Championship | 2041:NHL Championship
BASELINE,C,NCAA,72,69,NHL,36,34,true,false,637,79,301,66,2,0,0,
BASELINE,LD,LIIGA,74,68,NHL,36,34,true,false,705,32,175,0,1,0,0,
BASELINE,RW,USHL,73,67,NHL,36,34,true,false,641,196,129,69,2,0,0,
BASELINE,LW,SHL,71,66,NHL,36,34,true,false,550,168,120,0,1,0,0,
BASELINE,LD,USHL,73,67,NHL,36,34,true,false,783,53,192,67,2,1,1,2037:NHL Championship
BASELINE,RW,QMJHL,77,72,NHL,36,34,true,false,841,232,153,66,2,0,0,
BASELINE,RW,OHL,76,72,NHL,36,34,true,false,843,298,160,64,2,1,1,2026:OHL Championship
BASELINE,C,OHL,75,71,NHL,36,34,true,false,697,112,337,68,2,1,1,2034:SHL Championship
BASELINE,LD,WHL,74,68,NHL,36,34,true,false,872,15,252,68,2,1,1,2040:NHL Championship
BASELINE,LW,NCAA,74,68,NHL,36,34,true,false,789,229,168,66,2,0,0,
BASELINE,LD,USHL,71,65,NHL,36,34,true,false,624,31,151,64,2,1,1,2027:USHL Championship
BASELINE,C,NCAA,73,68,NHL,36,34,true,false,726,85,342,69,2,1,1,2042:NHL Championship
BASELINE,RD,USHL,71,66,NHL,36,34,true,false,716,31,172,67,2,1,1,2036:NHL Championship
BASELINE,G,WHL,76,70,NHL,36,34,true,false,460,0,0,312,2,1,1,2029:WHL Championship
BASELINE,LW,SHL,73,70,NHL,36,34,true,false,635,194,103,0,1,0,0,
BASELINE,RW,NCAA,81,76,NHL,36,34,true,false,833,269,157,71,2,1,1,2035:NHL Championship
BASELINE,RD,NCAA,75,69,NHL,36,34,true,false,620,12,161,71,2,1,1,2043:NHL Championship
BASELINE,G,OHL,77,71,NHL,36,34,true,false,500,0,0,310,2,0,0,
BASELINE,LW,WHL,74,68,NHL,36,34,true,false,643,222,108,66,2,0,0,
BASELINE,RD,OHL,73,67,NHL,36,34,true,false,712,7,205,70,2,0,0,
BASELINE,LD,QMJHL,74,68,NHL,36,34,true,false,628,10,136,71,2,1,1,2031:SHL Championship
BASELINE,C,QMJHL,75,69,NHL,36,34,true,false,786,163,303,65,2,0,0,
BASELINE,LW,USHL,78,73,NHL,36,34,true,false,829,227,180,64,2,1,1,2028:USHL Championship
BASELINE,LW,QMJHL,78,72,NHL,36,34,true,false,850,297,135,71,2,1,1,2040:NHL Championship
BASELINE,LD,LIIGA,72,66,NHL,36,34,true,false,557,11,110,0,1,1,1,2034:SHL Championship
BASELINE,RW,USHL,77,73,NHL,36,34,true,false,619,211,101,71,2,0,0,
BASELINE,LD,NCAA,71,65,NHL,36,34,true,false,550,17,149,64,2,0,0,
BASELINE,RD,USHL,71,66,SHL,36,34,true,false,396,20,113,68,2,2,2,2037:SHL Championship | 2043:SHL Championship
BASELINE,RD,USHL,70,63,SHL,36,34,true,false,476,23,117,68,2,0,0,
BASELINE,LD,SHL,70,63,SHL,36,34,true,false,393,8,93,0,1,0,0,
BASELINE,RD,SHL,70,64,SHL,36,34,true,false,553,13,159,0,1,0,0,
BASELINE,RD,SHL,70,64,NHL,36,34,true,false,557,50,139,0,1,0,0,
BASELINE,LD,QMJHL,72,67,NHL,36,34,true,false,786,11,208,65,2,1,1,2034:NHL Championship
BASELINE,G,OHL,80,75,NHL,36,34,true,false,623,0,0,182,2,0,0,
BASELINE,LW,OHL,78,73,NHL,36,34,true,false,723,231,124,71,2,0,0,
BASELINE,RD,SHL,73,66,NHL,36,34,true,false,628,20,238,0,1,0,0,
BASELINE,G,SHL,78,72,NHL,36,34,true,false,705,0,0,63,1,0,0,
BASELINE,C,SHL,76,72,NHL,36,34,true,false,755,114,368,0,1,1,1,2040:NHL Championship
BASELINE,RW,SHL,76,70,NHL,36,34,true,false,707,244,123,0,1,0,0,
BASELINE,LW,SHL,72,67,NHL,36,34,true,false,706,209,111,0,1,0,0,
BASELINE,G,SHL,72,67,NHL,36,34,true,false,68,0,0,488,1,0,0,
BASELINE,RW,NCAA,73,69,NHL,36,34,true,false,628,231,88,68,2,2,2,2026:NCAA Championship | 2029:NCAA Championship
BASELINE,RD,QMJHL,75,68,NHL,36,34,true,false,788,4,186,67,2,0,0,
BASELINE,RD,QMJHL,70,64,SHL,36,34,true,false,474,21,110,69,2,1,1,2038:NHL Championship
BASELINE,G,LIIGA,74,69,AHL,36,34,true,false,122,0,0,327,1,1,1,2031:SHL Championship
BASELINE,LW,QMJHL,76,73,NHL,36,34,true,false,767,217,105,69,2,0,0,
BASELINE,LD,SHL,70,65,NHL,36,34,true,false,548,5,123,0,1,1,1,2039:NHL Championship
BASELINE,LD,WHL,70,64,SHL,36,34,true,false,470,0,119,71,2,0,0,
BASELINE,LD,NCAA,75,69,NHL,36,34,true,false,706,9,168,70,2,0,0,
BASELINE,LW,OHL,77,72,NHL,36,34,true,false,682,202,147,71,2,2,2,2027:OHL Championship | 2032:SHL Championship
BASELINE,C,USHL,74,70,NHL,36,34,true,false,632,101,270,65,2,1,1,2038:NHL Championship
BASELINE,G,USHL,72,65,AHL,36,34,true,false,248,0,0,373,2,1,1,2032:SHL Championship
BASELINE,C,NCAA,74,70,NHL,36,34,true,false,717,99,365,66,2,0,0,
BASELINE,G,USHL,78,72,NHL,36,34,true,false,436,0,0,444,2,0,0,
BASELINE,LD,NCAA,72,65,NHL,36,34,true,false,638,32,191,69,2,1,1,2043:NHL Championship
BASELINE,LD,WHL,70,64,SHL,36,34,true,false,395,22,92,66,2,2,2,2035:SHL Championship | 2038:NHL Championship
BASELINE,RD,LIIGA,71,65,NHL,36,34,true,false,565,11,136,0,1,0,0,
BASELINE,LD,OHL,72,66,NHL,36,34,true,false,629,51,215,71,2,0,0,
BASELINE,RW,SHL,74,68,NHL,36,34,true,false,708,216,133,0,1,0,0,
BASELINE,G,LIIGA,75,68,AHL,36,34,true,false,401,0,0,320,1,0,0,
BASELINE,C,WHL,76,71,NHL,36,34,true,false,698,85,352,68,2,1,1,2035:NHL Championship
BASELINE,RW,SHL,80,76,NHL,36,34,true,true,892,318,127,0,1,0,0,
BASELINE,C,OHL,78,72,NHL,36,34,true,false,758,90,327,68,2,0,0,
BASELINE,RD,QMJHL,72,66,NHL,36,34,true,false,635,49,163,66,2,2,2,2031:SHL Championship | 2043:NHL Championship
BASELINE,RW,WHL,75,69,NHL,36,34,true,false,773,213,134,69,2,1,1,2038:NHL Championship
BASELINE,C,SHL,70,64,SHL,36,34,true,false,323,12,135,0,1,1,1,2034:SHL Championship
BASELINE,RW,LIIGA,71,66,NHL,36,34,true,false,478,112,94,0,1,2,2,2028:SHL Championship | 2042:NHL Championship
BASELINE,C,USHL,71,65,NHL,36,34,true,false,566,62,280,68,2,0,0,
BASELINE,LD,QMJHL,69,63,SHL,36,34,true,false,393,19,87,70,2,0,0,
BASELINE,LD,NCAA,73,67,NHL,36,34,true,false,712,41,205,65,2,0,0,
BASELINE,LD,OHL,74,68,NHL,36,34,true,false,779,16,287,64,2,1,1,2028:OHL Championship
BASELINE,G,QMJHL,74,68,AHL,36,34,true,false,126,0,0,518,2,0,0,
BASELINE,C,QMJHL,76,71,NHL,36,34,true,false,779,61,305,70,2,2,2,2030:AHL Championship | 2033:SHL Championship
BASELINE,G,NCAA,71,65,AHL,36,34,true,false,199,0,0,376,2,0,0,
BASELINE,C,OHL,73,67,NHL,36,34,true,false,701,108,345,64,2,0,0,
BASELINE,LD,USHL,71,65,NHL,36,34,true,false,554,26,136,65,2,0,0,
BASELINE,LW,NCAA,70,65,NHL,36,34,true,false,555,157,101,68,2,0,0,
BASELINE,RW,WHL,74,69,NHL,36,34,true,false,711,202,96,66,2,0,0,
BASELINE,LW,LIIGA,76,70,NHL,36,34,true,false,766,292,106,0,1,1,1,2035:NHL Championship
BASELINE,C,USHL,75,68,NHL,36,34,true,false,782,116,361,71,2,2,2,2031:SHL Championship | 2040:NHL Championship
BASELINE,LD,USHL,73,68,NHL,36,34,true,false,776,38,190,65,2,1,1,2029:USHL Championship
BASELINE,RD,LIIGA,72,65,NHL,36,34,true,false,802,14,184,0,1,1,1,2027:SHL Championship
BASELINE,LD,SHL,70,63,SHL,36,34,true,false,396,12,118,0,1,1,1,2035:SHL Championship
BASELINE,RD,WHL,70,65,NHL,36,34,true,false,467,5,102,65,2,0,0,
BASELINE,LD,WHL,72,66,NHL,36,34,true,false,639,19,183,68,2,0,0,
BASELINE,RD,OHL,74,67,NHL,36,34,true,false,708,35,282,69,2,3,3,2027:OHL Championship | 2033:SHL Championship | 2037:NHL Championship
BASELINE,LD,OHL,72,66,NHL,36,34,true,false,545,45,110,71,2,1,1,2034:SHL Championship
BASELINE,RW,WHL,75,70,NHL,36,34,true,false,835,245,93,69,2,0,0,
BASELINE,LW,NCAA,73,67,NHL,36,34,true,false,721,193,178,70,2,1,1,2026:NCAA Championship
BASELINE,RD,SHL,70,64,NHL,36,34,true,false,395,19,67,0,1,2,2,2034:SHL Championship | 2040:NHL Championship
BASELINE,RD,LIIGA,72,66,NHL,36,34,true,false,632,40,192,0,1,2,2,2029:SHL Championship | 2040:NHL Championship
BASELINE,RW,WHL,77,72,NHL,36,34,true,false,843,284,128,66,2,0,0,
BASELINE,G,LIIGA,75,69,NHL,36,34,true,false,465,0,0,181,1,0,0,
BASELINE,LW,QMJHL,77,73,NHL,36,34,true,false,764,249,122,65,2,0,0,
BASELINE,G,NCAA,76,69,NHL,36,34,true,false,654,0,0,66,2,1,1,2028:NCAA Championship
BASELINE,G,OHL,83,75,NHL,36,34,true,false,714,0,0,248,2,0,0,
BASELINE,G,QMJHL,81,73,NHL,36,34,true,true,691,0,0,179,2,0,0,
BASELINE,C,QMJHL,72,67,NHL,36,34,true,false,723,116,287,69,2,1,1,2040:NHL Championship
BASELINE,G,LIIGA,79,72,NHL,36,34,true,false,698,0,0,125,1,2,2,2039:NHL Championship | 2041:NHL Championship
BASELINE,G,SHL,76,70,NHL,36,34,true,false,379,0,0,127,1,0,0,
BASELINE,LW,WHL,76,70,NHL,36,34,true,false,850,210,186,70,2,0,0,
BASELINE,LW,NCAA,76,70,NHL,36,34,true,false,865,273,183,69,2,1,1,2033:NHL Championship
BASELINE,LD,SHL,68,62,SHL,36,34,true,false,237,5,67,0,1,0,0,
BASELINE,RD,QMJHL,76,71,NHL,36,34,true,false,675,20,148,66,2,2,2,2032:SHL Championship | 2040:NHL Championship
BASELINE,RD,QMJHL,76,69,NHL,36,34,true,false,689,24,192,67,2,0,0,
BASELINE,RD,QMJHL,72,65,NHL,36,34,true,false,553,11,140,69,2,0,0,
BASELINE,G,LIIGA,80,72,NHL,36,34,true,false,637,0,0,178,1,1,1,2042:NHL Championship
BASELINE,RD,USHL,72,66,NHL,36,34,true,false,627,3,138,71,2,2,2,2036:NHL Championship | 2037:NHL Championship
BASELINE,G,OHL,73,66,AHL,36,34,true,false,186,0,0,304,2,0,0,
BASELINE,C,SHL,71,66,NHL,36,34,true,false,478,47,229,0,1,1,1,2039:NHL Championship
BASELINE,RW,WHL,77,72,NHL,36,34,true,false,747,256,111,71,2,2,2,2027:WHL Championship | 2041:NHL Championship
BASELINE,C,SHL,75,70,NHL,36,34,true,false,716,94,385,0,1,0,0,
BASELINE,C,SHL,70,65,NHL,36,34,true,false,467,36,224,0,1,0,0,
BASELINE,LW,SHL,72,67,NHL,36,34,true,false,629,208,106,0,1,1,1,2031:SHL Championship
BASELINE,RD,LIIGA,70,64,SHL,36,34,true,false,317,10,60,0,1,2,2,2029:SHL Championship | 2036:SHL Championship
BASELINE,LD,WHL,73,66,NHL,36,34,true,false,718,20,220,68,2,0,0,
BASELINE,RD,OHL,72,67,NHL,36,34,true,false,548,26,121,66,2,0,0,
BASELINE,G,QMJHL,79,73,NHL,36,34,true,false,425,0,0,314,2,0,0,
BASELINE,RW,NCAA,76,71,NHL,36,34,true,false,763,231,125,67,2,0,0,
BASELINE,LW,LIIGA,74,69,NHL,36,34,true,false,727,211,165,0,1,0,0,
BASELINE,RW,OHL,72,66,NHL,36,34,true,false,714,206,115,71,2,0,0,
BASELINE,C,QMJHL,75,69,NHL,36,34,true,false,787,106,390,68,2,1,1,2040:NHL Championship
BASELINE,G,OHL,77,71,NHL,36,34,true,false,486,0,0,258,2,1,1,2040:NHL Championship
BASELINE,C,NCAA,74,68,NHL,36,34,true,false,787,105,324,70,2,1,1,2039:NHL Championship
BASELINE,RW,WHL,77,71,NHL,36,34,true,false,852,241,139,69,2,1,1,2034:NHL Championship
BASELINE,RD,SHL,68,63,SHL,36,34,true,false,315,5,67,0,1,1,1,2031:SHL Championship
BASELINE,C,NCAA,71,65,NHL,36,34,true,false,717,67,235,67,2,1,1,2036:NHL Championship
BASELINE,G,LIIGA,72,67,AHL,36,34,true,false,126,0,0,435,1,0,0,
BASELINE,G,LIIGA,78,71,NHL,36,34,true,false,432,0,0,251,1,1,1,2043:NHL Championship
BASELINE,C,WHL,74,68,NHL,36,34,true,false,730,89,371,68,2,0,0,
BASELINE,C,QMJHL,75,70,NHL,36,34,true,false,681,119,280,66,2,0,0,
BASELINE,G,USHL,74,69,NHL,36,34,true,false,245,0,0,425,2,0,0,
BASELINE,LW,QMJHL,78,74,NHL,36,34,true,false,811,237,145,71,2,0,0,
BASELINE,LW,WHL,72,67,NHL,36,34,true,false,627,141,107,68,2,1,1,2027:WHL Championship
BASELINE,LW,WHL,72,66,NHL,36,34,true,false,710,211,125,70,2,2,2,2032:SHL Championship | 2041:NHL Championship
BASELINE,LW,QMJHL,73,69,NHL,36,34,true,false,716,246,107,68,2,1,1,2042:NHL Championship
CHAOS,G,QMJHL,66,59,SHL,36,34,false,false,0,0,0,63,2,0,0,
CHAOS,RD,QMJHL,68,61,SHL,36,34,true,false,239,0,47,67,2,0,0,
CHAOS,C,NCAA,67,61,SHL,36,34,false,false,0,0,0,67,2,1,1,2029:NCAA Championship
CHAOS,C,WHL,67,61,SHL,36,34,false,false,0,0,0,67,2,1,1,2031:SHL Championship
CHAOS,C,LIIGA,67,61,SHL,36,34,false,false,0,0,0,0,1,0,0,
CHAOS,G,WHL,70,62,SHL,36,34,true,false,66,0,0,374,2,2,2,2032:SHL Championship | 2039:AHL Championship
CHAOS,RW,WHL,67,61,SHL,36,34,false,false,0,0,0,70,2,0,0,
CHAOS,RD,WHL,66,58,SHL,36,34,false,false,0,0,0,68,2,2,2,2039:SHL Championship | 2040:SHL Championship
CHAOS,C,WHL,70,65,NHL,36,34,true,false,465,44,198,66,2,0,0,
CHAOS,G,QMJHL,66,59,SHL,36,34,false,false,0,0,0,58,2,1,1,2031:SHL Championship
CHAOS,RD,QMJHL,68,60,SHL,36,34,true,false,81,0,16,67,2,0,0,
CHAOS,LD,OHL,65,57,SHL,36,34,false,false,0,0,0,65,2,0,0,
CHAOS,LD,QMJHL,67,59,SHL,36,34,false,false,0,0,0,65,2,0,0,
CHAOS,G,NCAA,69,61,SHL,36,34,true,false,182,0,0,183,2,0,0,
CHAOS,RW,LIIGA,67,61,SHL,36,34,false,false,0,0,0,0,1,0,0,
CHAOS,RD,SHL,67,59,SHL,36,34,false,false,0,0,0,0,1,0,0,
CHAOS,LW,NCAA,68,62,SHL,36,34,true,false,321,95,34,68,2,2,2,2030:AHL Championship | 2037:SHL Championship
CHAOS,G,NCAA,71,64,SHL,36,34,true,false,191,0,0,373,2,1,1,2040:NHL Championship
CHAOS,LD,QMJHL,65,57,SHL,36,34,false,false,0,0,0,69,2,1,1,2032:SHL Championship
CHAOS,LD,QMJHL,65,57,SHL,36,34,false,false,0,0,0,69,2,0,0,
CHAOS,RD,WHL,65,57,SHL,36,34,false,false,0,0,0,69,2,1,1,2032:SHL Championship
CHAOS,G,SHL,69,62,SHL,36,34,true,false,60,0,0,371,1,0,0,
CHAOS,RD,QMJHL,66,59,SHL,36,34,false,false,0,0,0,68,2,1,1,2032:SHL Championship
CHAOS,RD,OHL,66,58,SHL,36,34,false,false,0,0,0,67,2,0,0,
CHAOS,RD,LIIGA,65,57,SHL,36,34,false,false,0,0,0,0,1,1,1,2030:SHL Championship
CHAOS,C,QMJHL,69,63,SHL,36,34,true,false,309,41,95,66,2,0,0,
CHAOS,RW,LIIGA,67,61,SHL,36,34,false,false,0,0,0,0,1,1,1,2030:SHL Championship
CHAOS,LW,NCAA,69,61,SHL,36,34,true,false,245,75,45,69,2,0,0,
CHAOS,RD,USHL,64,56,SHL,36,34,false,false,0,0,0,65,2,0,0,
CHAOS,RD,SHL,64,58,SHL,36,34,false,false,0,0,0,0,1,0,0,
CHAOS,LW,NCAA,70,63,SHL,36,34,true,false,397,115,60,67,2,0,0,
CHAOS,G,OHL,71,63,SHL,36,34,true,false,239,0,0,246,2,0,0,
CHAOS,C,WHL,70,64,SHL,36,34,true,false,404,57,143,65,2,0,0,
CHAOS,LD,OHL,67,60,SHL,36,34,false,false,0,0,0,70,2,1,1,2035:SHL Championship
CHAOS,RW,QMJHL,71,66,NHL,36,34,true,false,623,213,120,70,2,0,0,
CHAOS,G,USHL,71,63,SHL,36,34,true,false,135,0,0,439,2,2,2,2028:USHL Championship | 2035:AHL Championship
CHAOS,RD,USHL,68,61,SHL,36,34,true,false,82,0,13,65,2,0,0,
CHAOS,LD,SHL,65,57,SHL,36,34,false,false,0,0,0,0,1,0,0,
CHAOS,RD,SHL,65,57,SHL,36,34,false,false,0,0,0,0,1,1,1,2026:SHL Championship
CHAOS,RD,WHL,67,60,SHL,36,34,false,false,0,0,0,65,2,3,3,2036:SHL Championship | 2038:SHL Championship | 2040:SHL Championship
CHAOS,RW,QMJHL,67,61,SHL,36,34,false,false,0,0,0,68,2,0,0,
CHAOS,RW,NCAA,69,63,SHL,36,34,true,false,322,92,42,69,2,0,0,
CHAOS,LD,SHL,66,59,SHL,36,34,false,false,0,0,0,0,1,0,0,
CHAOS,C,SHL,67,60,SHL,36,34,false,false,0,0,0,0,1,1,1,2028:SHL Championship
CHAOS,C,LIIGA,65,59,SHL,36,34,false,false,0,0,0,0,1,1,1,2026:LIIGA Championship
CHAOS,LW,NCAA,69,63,SHL,36,34,true,false,396,89,69,67,2,1,1,2029:NCAA Championship
CHAOS,LD,LIIGA,64,56,SHL,36,34,false,false,0,0,0,0,1,1,1,2032:SHL Championship
CHAOS,LW,OHL,67,62,SHL,36,34,false,false,0,0,0,66,2,0,0,
CHAOS,RW,OHL,68,62,SHL,36,34,true,false,154,39,25,71,2,0,0,
CHAOS,LW,LIIGA,68,61,SHL,36,34,true,false,79,28,13,0,1,0,0,
CHAOS,LD,NCAA,67,59,SHL,36,34,false,false,0,0,0,65,2,0,0,
CHAOS,C,OHL,67,61,SHL,36,34,false,false,0,0,0,70,2,1,1,2038:SHL Championship
CHAOS,C,QMJHL,69,62,SHL,36,34,true,false,406,54,155,68,2,0,0,
CHAOS,C,SHL,67,62,SHL,36,34,false,false,0,0,0,0,1,0,0,
CHAOS,RW,WHL,69,61,SHL,36,34,true,false,237,39,37,70,2,0,0,
CHAOS,RW,SHL,66,59,SHL,36,34,false,false,0,0,0,0,1,0,0,
CHAOS,RD,NCAA,63,56,SHL,36,34,false,false,0,0,0,69,2,1,1,2027:NCAA Championship
CHAOS,C,LIIGA,67,60,SHL,36,34,false,false,0,0,0,0,1,0,0,
CHAOS,C,USHL,69,62,SHL,36,34,true,false,236,27,90,66,2,1,1,2033:SHL Championship
CHAOS,RD,NCAA,67,61,SHL,36,34,false,false,0,0,0,70,2,0,0,
CHAOS,RW,QMJHL,69,63,SHL,36,34,true,false,553,152,79,67,2,1,1,2039:NHL Championship
CHAOS,RD,WHL,66,59,SHL,36,34,false,false,0,0,0,65,2,1,1,2030:AHL Championship
CHAOS,LW,QMJHL,69,62,SHL,36,34,true,false,398,107,71,70,2,1,1,2029:QMJHL Championship
CHAOS,G,WHL,69,61,SHL,36,34,true,false,58,0,0,190,2,0,0,
CHAOS,LD,WHL,67,60,SHL,36,34,false,false,0,0,0,69,2,0,0,
CHAOS,RD,LIIGA,64,57,SHL,36,34,false,false,0,0,0,0,1,1,1,2028:SHL Championship
CHAOS,RD,USHL,67,60,SHL,36,34,false,false,0,0,0,67,2,1,1,2041:SHL Championship
CHAOS,RW,QMJHL,65,59,SHL,36,34,false,false,0,0,0,67,2,0,0,
CHAOS,RW,QMJHL,70,64,SHL,36,34,true,false,405,128,70,65,2,1,1,2036:SHL Championship
CHAOS,RW,NCAA,68,62,SHL,36,34,true,false,238,68,33,68,2,1,1,2035:SHL Championship
CHAOS,LW,OHL,68,62,SHL,36,34,true,false,237,77,38,67,2,0,0,
CHAOS,LD,OHL,65,58,SHL,36,34,false,false,0,0,0,71,2,1,1,2039:SHL Championship
CHAOS,RD,OHL,65,56,SHL,36,34,false,false,0,0,0,69,2,0,0,
CHAOS,C,LIIGA,66,59,SHL,36,34,false,false,0,0,0,0,1,1,1,2032:SHL Championship
CHAOS,G,WHL,65,57,SHL,36,34,false,false,0,0,0,62,2,1,1,2037:SHL Championship
CHAOS,RW,SHL,65,59,SHL,36,34,false,false,0,0,0,0,1,0,0,
CHAOS,C,USHL,67,60,SHL,36,34,false,false,0,0,0,69,2,0,0,
CHAOS,C,USHL,69,63,SHL,36,34,true,false,310,43,111,67,2,0,0,
CHAOS,RD,NCAA,67,59,SHL,36,34,false,false,0,0,0,64,2,1,1,2042:SHL Championship
CHAOS,RW,QMJHL,68,61,SHL,36,34,true,false,155,38,28,65,2,0,0,
CHAOS,RD,OHL,66,58,SHL,36,34,false,false,0,0,0,68,2,0,0,
CHAOS,RW,QMJHL,68,62,SHL,36,34,true,false,156,52,29,69,2,1,1,2038:SHL Championship
CHAOS,LW,OHL,70,63,SHL,36,34,true,false,472,138,69,68,2,0,0,
CHAOS,RW,SHL,69,62,SHL,36,34,true,false,400,127,57,0,1,2,2,2030:SHL Championship | 2035:SHL Championship
CHAOS,G,SHL,70,62,SHL,36,34,true,false,58,0,0,250,1,1,1,2027:SHL Championship
CHAOS,RD,LIIGA,66,59,SHL,36,34,false,false,0,0,0,0,1,0,0,
CHAOS,RD,USHL,67,59,SHL,36,34,false,false,0,0,0,69,2,1,1,2038:SHL Championship
CHAOS,C,USHL,68,62,SHL,36,34,true,false,402,33,142,65,2,1,1,2029:USHL Championship
CHAOS,RW,OHL,68,61,SHL,36,34,true,false,79,24,15,71,2,1,1,2033:SHL Championship
CHAOS,RW,LIIGA,68,61,SHL,36,34,true,false,242,58,39,0,1,0,0,
CHAOS,RW,LIIGA,66,61,SHL,36,34,false,false,0,0,0,0,1,1,1,2043:SHL Championship
CHAOS,LD,SHL,64,57,SHL,36,34,false,false,0,0,0,0,1,0,0,
CHAOS,RD,LIIGA,66,58,SHL,36,34,false,false,0,0,0,0,1,0,0,
CHAOS,LW,OHL,71,65,NHL,36,34,true,false,554,139,118,70,2,0,0,
CHAOS,RW,USHL,67,61,SHL,36,34,false,false,0,0,0,67,2,1,1,2035:SHL Championship
CHAOS,RD,NCAA,66,58,SHL,36,34,false,false,0,0,0,69,2,0,0,
CHAOS,G,WHL,68,61,SHL,36,34,true,false,63,0,0,197,2,0,0,
CHAOS,RD,QMJHL,67,59,SHL,36,34,false,false,0,0,0,65,2,1,1,2030:AHL Championship
CHAOS,G,USHL,69,62,SHL,36,34,true,false,124,0,0,251,2,0,0,
CHAOS,RD,WHL,67,60,SHL,36,34,false,false,0,0,0,71,2,0,0,
CHAOS,RD,LIIGA,64,58,SHL,36,34,false,false,0,0,0,0,1,1,1,2043:SHL Championship
CHAOS,LD,LIIGA,65,58,SHL,36,34,false,false,0,0,0,0,1,1,1,2027:SHL Championship
CHAOS,RD,QMJHL,66,58,SHL,36,34,false,false,0,0,0,67,2,1,1,2026:QMJHL Championship
CHAOS,LD,OHL,67,60,SHL,36,34,false,false,0,0,0,69,2,0,0,
CHAOS,LD,NCAA,68,60,SHL,36,34,true,false,162,1,26,64,2,0,0,
CHAOS,RW,SHL,65,58,SHL,36,34,false,false,0,0,0,0,1,1,1,2031:SHL Championship
CHAOS,LD,SHL,65,58,SHL,36,34,false,false,0,0,0,0,1,3,3,2033:SHL Championship | 2035:SHL Championship | 2040:SHL Championship
CHAOS,RD,OHL,68,61,SHL,36,34,true,false,158,3,39,70,2,3,3,2028:OHL Championship | 2031:SHL Championship | 2034:SHL Championship
CHAOS,C,SHL,68,61,SHL,36,34,true,false,233,40,87,0,1,0,0,
CHAOS,RD,LIIGA,65,58,SHL,36,34,false,false,0,0,0,0,1,0,0,
CHAOS,LW,OHL,70,64,SHL,36,34,true,false,466,123,86,71,2,1,1,2042:NHL Championship
CHAOS,RW,USHL,67,61,SHL,36,34,false,false,0,0,0,66,2,0,0,
CHAOS,LW,QMJHL,68,62,SHL,36,34,true,false,154,37,23,65,2,0,0,
CHAOS,LD,WHL,66,59,SHL,36,34,false,false,0,0,0,70,2,0,0,
CHAOS,LD,OHL,65,57,SHL,36,34,false,false,0,0,0,66,2,2,2,2027:OHL Championship | 2042:SHL Championship
CHAOS,RW,NCAA,69,62,SHL,36,34,true,false,319,91,41,66,2,0,0,
CHAOS,G,LIIGA,66,59,SHL,36,34,false,false,0,0,0,0,1,0,0,
CHAOS,C,SHL,64,58,SHL,36,34,false,false,0,0,0,0,1,0,0,
CHAOS,G,WHL,68,61,SHL,36,34,true,false,58,0,0,184,2,1,1,2039:NHL Championship
CHAOS,LD,WHL,66,59,SHL,36,34,false,false,0,0,0,68,2,0,0,
CHAOS,C,WHL,68,61,SHL,36,34,true,false,231,19,88,68,2,1,1,2027:WHL Championship
CHAOS,LW,NCAA,67,61,SHL,36,34,false,false,0,0,0,68,2,0,0,
CHAOS,LW,NCAA,68,62,SHL,36,34,true,false,233,62,27,67,2,2,2,2037:SHL Championship | 2043:SHL Championship
CHAOS,RW,QMJHL,66,60,SHL,36,34,false,false,0,0,0,67,2,0,0,
CHAOS,RD,WHL,64,57,SHL,36,34,false,false,0,0,0,71,2,0,0,
CHAOS,LW,WHL,67,59,SHL,36,34,false,false,0,0,0,66,2,1,1,2028:WHL Championship
CHAOS,C,SHL,65,59,SHL,36,34,false,false,0,0,0,0,1,1,1,2037:SHL Championship
CHAOS,RW,QMJHL,68,61,SHL,36,34,true,false,161,36,20,65,2,1,1,2039:SHL Championship
CHAOS,G,SHL,67,61,SHL,36,34,false,false,0,0,0,0,1,1,1,2030:SHL Championship
CHAOS,G,NCAA,69,61,SHL,36,34,false,false,0,0,0,305,2,0,0,
CHAOS,LW,NCAA,70,64,SHL,36,34,true,false,476,140,63,66,2,1,1,2035:SHL Championship
CHAOS,LD,USHL,68,61,SHL,36,34,true,false,162,3,38,68,2,1,1,2029:USHL Championship
CHAOS,C,QMJHL,69,62,SHL,36,34,true,false,388,65,130,66,2,0,0,
CHAOS,G,OHL,69,61,SHL,36,34,true,false,58,0,0,305,2,0,0,
CHAOS,LW,USHL,70,64,SHL,36,34,true,false,477,159,60,71,2,0,0,
CHAOS,LW,LIIGA,67,60,SHL,36,34,false,false,0,0,0,0,1,0,0,
CHAOS,RW,WHL,69,63,SHL,36,34,true,false,401,129,73,70,2,0,0,
CHAOS,G,LIIGA,66,59,SHL,36,34,false,false,0,0,0,0,1,1,1,2036:SHL Championship
CHAOS,RD,WHL,65,58,SHL,36,34,false,false,0,0,0,69,2,1,1,2037:SHL Championship
CHAOS,LW,WHL,69,62,SHL,36,34,true,false,401,133,76,71,2,1,1,2035:SHL Championship
CHAOS,RD,QMJHL,66,60,SHL,36,34,false,false,0,0,0,65,2,0,0,
CHAOS,LD,WHL,67,60,SHL,36,34,false,false,0,0,0,70,2,0,0,
CHAOS,RD,QMJHL,67,61,SHL,36,34,false,false,0,0,0,66,2,1,1,2042:SHL Championship
CHAOS,RD,LIIGA,64,56,SHL,36,34,false,false,0,0,0,0,1,0,0,
CHAOS,LD,QMJHL,67,61,SHL,36,34,false,false,0,0,0,67,2,0,0,
CHAOS,RW,USHL,67,60,SHL,36,34,false,false,0,0,0,65,2,1,1,2029:USHL Championship
CHAOS,C,QMJHL,68,62,SHL,36,34,true,false,155,23,54,71,2,1,1,2043:SHL Championship
CHAOS,RD,NCAA,66,58,SHL,36,34,false,false,0,0,0,65,2,1,1,2036:SHL Championship
CHAOS,RD,WHL,66,59,SHL,36,34,false,false,0,0,0,71,2,3,3,2033:SHL Championship | 2039:SHL Championship | 2040:SHL Championship
CHAOS,RD,NCAA,66,59,SHL,36,34,false,false,0,0,0,70,2,2,2,2031:SHL Championship | 2042:SHL Championship
CHAOS,RW,USHL,69,64,SHL,36,34,true,false,395,154,44,71,2,1,1,2030:AHL Championship
CHAOS,G,OHL,69,62,SHL,36,34,true,false,62,0,0,255,2,0,0,
CHAOS,RD,SHL,64,56,SHL,36,34,false,false,0,0,0,0,1,3,3,2026:SHL Championship | 2040:SHL Championship | 2043:SHL Championship
CHAOS,RD,NCAA,67,59,SHL,36,34,false,false,0,0,0,69,2,1,1,2035:SHL Championship
CHAOS,G,SHL,68,60,SHL,36,34,false,false,0,0,0,59,1,2,2,2032:SHL Championship | 2041:AHL Championship
CHAOS,RW,OHL,66,61,SHL,36,34,false,false,0,0,0,71,2,0,0,
CHAOS,LW,WHL,68,63,SHL,36,34,true,false,316,79,63,67,2,1,1,2036:SHL Championship
CHAOS,LW,USHL,69,64,SHL,36,34,true,false,386,100,52,70,2,1,1,2033:SHL Championship
CHAOS,LW,USHL,68,62,SHL,36,34,true,false,242,51,53,70,2,0,0,
CHAOS,LD,NCAA,66,56,SHL,36,34,false,false,0,0,0,71,2,0,0,
CHAOS,RD,WHL,66,58,SHL,36,34,false,false,0,0,0,67,2,1,1,2027:WHL Championship
CHAOS,LW,WHL,69,62,SHL,36,34,true,false,322,85,49,68,2,0,0,
CHAOS,RD,USHL,66,58,SHL,36,34,false,false,0,0,0,67,2,1,1,2027:USHL Championship
CHAOS,RD,WHL,65,58,SHL,36,34,false,false,0,0,0,66,2,1,1,2030:AHL Championship
CHAOS,C,NCAA,67,61,SHL,36,34,false,false,0,0,0,67,2,0,0,
CHAOS,LW,NCAA,66,59,SHL,36,34,false,false,0,0,0,71,2,1,1,2035:SHL Championship
CHAOS,RW,USHL,69,63,SHL,36,34,true,false,323,94,54,71,2,0,0,
CHAOS,RW,LIIGA,68,61,SHL,36,34,true,false,154,44,29,0,1,1,1,2041:NHL Championship
CHAOS,G,OHL,70,63,SHL,36,34,true,false,124,0,0,324,2,0,0,
CHAOS,LW,NCAA,67,61,SHL,36,34,false,false,0,0,0,71,2,0,0,
CHAOS,LD,USHL,66,58,SHL,36,34,false,false,0,0,0,71,2,0,0,
CHAOS,G,SHL,68,60,SHL,36,34,false,false,0,0,0,131,1,0,0,
CHAOS,LW,OHL,69,63,SHL,36,34,true,false,392,98,52,66,2,0,0,
CHAOS,RD,USHL,66,59,SHL,36,34,false,false,0,0,0,71,2,0,0,
CHAOS,C,OHL,69,63,SHL,36,34,true,false,391,71,135,66,2,1,1,2038:NHL Championship
CHAOS,RD,OHL,64,58,SHL,36,34,false,false,0,0,0,67,2,0,0,
CHAOS,RD,NCAA,65,57,SHL,36,34,false,false,0,0,0,68,2,2,2,2039:SHL Championship | 2040:SHL Championship
CHAOS,C,QMJHL,69,63,SHL,36,34,true,false,391,60,172,71,2,0,0,
CHAOS,C,SHL,66,58,SHL,36,34,false,false,0,0,0,0,1,2,2,2030:SHL Championship | 2033:SHL Championship
CHAOS,RD,NCAA,66,58,SHL,36,34,false,false,0,0,0,70,2,0,0,
CHAOS,C,USHL,70,64,SHL,36,34,true,false,478,81,228,71,2,0,0,
CHAOS,RD,OHL,66,59,SHL,36,34,false,false,0,0,0,71,2,0,0,
CHAOS,RW,WHL,68,62,SHL,36,34,true,false,158,41,21,64,2,2,2,2033:SHL Championship | 2041:NHL Championship
CHAOS,RW,QMJHL,68,61,SHL,36,34,true,false,237,68,36,68,2,0,0,
CHAOS,LW,USHL,67,59,SHL,36,34,false,false,0,0,0,69,2,0,0,
CHAOS,LD,LIIGA,66,58,SHL,36,34,false,false,0,0,0,0,1,0,0,
CHAOS,RD,WHL,66,59,SHL,36,34,false,false,0,0,0,68,2,0,0,
CHAOS,C,USHL,69,63,SHL,36,34,true,false,399,56,128,71,2,0,0,
CHAOS,C,QMJHL,66,59,SHL,36,34,false,false,0,0,0,69,2,0,0,
CHAOS,C,OHL,68,62,SHL,36,34,true,false,245,39,114,68,2,0,0,
CHAOS,C,LIIGA,64,59,SHL,36,34,false,false,0,0,0,0,1,1,1,2036:SHL Championship
CHAOS,C,QMJHL,69,63,SHL,36,34,true,false,326,47,131,67,2,0,0,
CHAOS,LW,LIIGA,70,64,SHL,36,34,true,false,403,133,86,0,1,0,0,
CHAOS,LD,QMJHL,66,60,SHL,36,34,false,false,0,0,0,71,2,1,1,2030:AHL Championship
CHAOS,LD,QMJHL,67,60,SHL,36,34,false,false,0,0,0,65,2,0,0,
CHAOS,C,NCAA,65,58,SHL,36,34,false,false,0,0,0,65,2,1,1,2031:SHL Championship
CHAOS,LD,SHL,65,57,SHL,36,34,false,false,0,0,0,0,1,2,2,2029:SHL Championship | 2040:SHL Championship
CHAOS,C,QMJHL,67,61,SHL,36,34,false,false,0,0,0,68,2,0,0,
CHAOS,RD,SHL,65,59,SHL,36,34,false,false,0,0,0,0,1,0,0,
CHAOS,C,QMJHL,67,60,SHL,36,34,false,false,0,0,0,67,2,0,0,
CHAOS,RW,NCAA,68,61,SHL,36,34,true,false,82,19,12,65,2,0,0,
CHAOS,LD,NCAA,67,60,SHL,36,34,false,false,0,0,0,65,2,0,0,
CHAOS,RD,QMJHL,67,60,SHL,36,34,false,false,0,0,0,68,2,1,1,2042:SHL Championship
CHAOS,G,SHL,67,60,SHL,36,34,false,false,0,0,0,0,1,1,1,2036:SHL Championship
CHAOS,C,OHL,67,61,SHL,36,34,false,false,0,0,0,66,2,1,1,2042:SHL Championship
CHAOS,LW,SHL,66,60,SHL,36,34,false,false,0,0,0,0,1,1,1,2035:SHL Championship
CHAOS,G,WHL,68,61,SHL,36,34,false,false,0,0,0,239,2,2,2,2027:WHL Championship | 2037:SHL Championship
CHAOS,RD,WHL,66,59,SHL,36,34,false,false,0,0,0,71,2,2,2,2027:WHL Championship | 2043:SHL Championship
CHAOS,RD,OHL,66,59,SHL,36,34,false,false,0,0,0,69,2,0,0,
CHAOS,LW,USHL,66,59,SHL,36,34,false,false,0,0,0,69,2,0,0,
CHAOS,G,QMJHL,65,56,SHL,36,34,false,false,0,0,0,58,2,1,1,2030:AHL Championship
CHAOS,LW,QMJHL,63,57,SHL,36,34,false,false,0,0,0,69,2,0,0,
CHAOS,C,OHL,68,62,SHL,36,34,true,false,309,46,136,67,2,1,1,2027:OHL Championship
CHAOS,RW,WHL,70,63,SHL,36,34,true,false,487,133,79,65,2,2,2,2026:WHL Championship | 2042:NHL Championship
CHAOS,LD,OHL,63,55,SHL,36,34,false,false,0,0,0,69,2,1,1,2037:SHL Championship
CHAOS,LD,OHL,66,58,SHL,36,34,false,false,0,0,0,68,2,0,0,
CHAOS,LW,LIIGA,65,60,SHL,36,34,false,false,0,0,0,0,1,0,0,
CHAOS,C,WHL,67,61,SHL,36,34,false,false,0,0,0,65,2,0,0,
CHAOS,G,NCAA,68,60,SHL,36,34,true,false,133,0,0,62,2,0,0,
CHAOS,RD,QMJHL,64,57,SHL,36,34,false,false,0,0,0,69,2,1,1,2040:SHL Championship
CHAOS,LD,NCAA,66,60,SHL,36,34,false,false,0,0,0,69,2,0,0,
CHAOS,G,OHL,68,59,SHL,36,34,false,false,0,0,0,127,2,0,0,
CHAOS,G,OHL,67,60,SHL,36,34,false,false,0,0,0,61,2,2,2,2035:SHL Championship | 2037:SHL Championship
CHAOS,LW,SHL,68,61,SHL,36,34,true,false,157,48,27,0,1,1,1,2027:SHL Championship
CHAOS,LW,USHL,67,60,SHL,36,34,false,false,0,0,0,69,2,0,0,
CHAOS,LD,SHL,65,58,SHL,36,34,false,false,0,0,0,0,1,2,2,2042:SHL Championship | 2043:SHL Championship
CHAOS,LW,WHL,67,60,SHL,36,34,false,false,0,0,0,65,2,0,0,
CHAOS,LD,USHL,66,58,SHL,36,34,false,false,0,0,0,66,2,0,0,
CHAOS,RD,WHL,65,57,SHL,36,34,false,false,0,0,0,69,2,1,1,2043:SHL Championship
CHAOS,RD,USHL,64,58,SHL,36,34,false,false,0,0,0,67,2,1,1,2029:USHL Championship
CHAOS,C,QMJHL,68,62,SHL,36,34,true,false,323,24,132,70,2,0,0,
CHAOS,LW,QMJHL,68,62,SHL,36,34,true,false,162,31,21,69,2,1,1,2038:SHL Championship
CHAOS,RW,USHL,70,64,SHL,36,34,true,false,473,143,80,67,2,1,1,2031:SHL Championship
CHAOS,LD,SHL,65,58,SHL,36,34,false,false,0,0,0,0,1,0,0,
CHAOS,RW,QMJHL,69,62,SHL,36,34,true,false,316,70,60,65,2,1,1,2031:SHL Championship
CHAOS,RW,USHL,67,60,SHL,36,34,false,false,0,0,0,70,2,0,0,
CHAOS,RD,SHL,67,60,SHL,36,34,false,false,0,0,0,0,1,0,0,
CHAOS,C,LIIGA,66,60,SHL,36,34,false,false,0,0,0,0,1,0,0,
CHAOS,C,WHL,70,63,SHL,36,34,true,false,481,76,168,70,2,0,0,
CHAOS,G,USHL,68,60,SHL,36,34,true,false,61,0,0,191,2,0,0,
CHAOS,RW,OHL,68,62,SHL,36,34,true,false,164,46,28,65,2,0,0,
CHAOS,RW,QMJHL,70,63,SHL,36,34,true,false,391,88,65,69,2,1,1,2043:SHL Championship
CHAOS,LD,NCAA,64,57,SHL,36,34,false,false,0,0,0,65,2,0,0,
CHAOS,LW,QMJHL,66,60,SHL,36,34,false,false,0,0,0,69,2,0,0,
CHAOS,LW,SHL,68,62,SHL,36,34,true,false,242,76,28,0,1,0,0,
CHAOS,LW,OHL,69,62,SHL,36,34,true,false,322,78,39,65,2,0,0,
CHAOS,RD,OHL,66,58,SHL,36,34,false,false,0,0,0,69,2,2,2,2028:OHL Championship | 2042:SHL Championship
CHAOS,RD,SHL,65,57,SHL,36,34,false,false,0,0,0,0,1,3,3,2026:SHL Championship | 2032:SHL Championship | 2043:SHL Championship
CHAOS,G,WHL,67,59,SHL,36,34,false,false,0,0,0,65,2,2,2,2034:SHL Championship | 2035:SHL Championship
CHAOS,RW,WHL,69,63,SHL,36,34,true,false,477,134,54,70,2,1,1,2029:WHL Championship
CHAOS,LD,QMJHL,66,59,SHL,36,34,false,false,0,0,0,70,2,0,0,
CHAOS,G,LIIGA,67,60,SHL,36,34,false,false,0,0,0,0,1,2,2,2026:LIIGA Championship | 2028:SHL Championship
CHAOS,C,SHL,64,58,SHL,36,34,false,false,0,0,0,0,1,0,0,
CHAOS,LW,SHL,68,62,SHL,36,34,true,false,319,101,55,0,1,0,0,
CHAOS,RW,OHL,68,61,SHL,36,34,true,false,83,22,14,65,2,1,1,2028:OHL Championship
CHAOS,G,SHL,67,60,SHL,36,34,false,false,0,0,0,0,1,1,1,2037:SHL Championship
CHAOS,G,LIIGA,67,60,SHL,36,34,false,false,0,0,0,0,1,2,2,2028:SHL Championship | 2041:SHL Championship
CHAOS,RW,QMJHL,67,59,SHL,36,34,false,false,0,0,0,67,2,0,0,
CHAOS,LD,WHL,66,59,SHL,36,34,false,false,0,0,0,70,2,0,0,
CHAOS,C,QMJHL,69,63,SHL,36,34,true,false,323,34,140,67,2,0,0,
CHAOS,G,OHL,69,62,SHL,36,34,true,false,191,0,0,246,2,0,0,
CHAOS,RD,OHL,67,60,SHL,36,34,false,false,0,0,0,71,2,1,1,2043:SHL Championship
CHAOS,LD,LIIGA,67,59,SHL,36,34,false,false,0,0,0,0,1,2,2,2029:SHL Championship | 2039:SHL Championship
CHAOS,LW,WHL,68,62,SHL,36,34,true,false,232,54,39,69,2,2,2,2036:SHL Championship | 2040:NHL Championship
CHAOS,LW,NCAA,65,60,SHL,36,34,false,false,0,0,0,69,2,0,0,
CHAOS,LW,WHL,68,62,SHL,36,34,true,false,323,92,62,65,2,0,0,
CHAOS,G,USHL,70,61,SHL,36,34,true,false,126,0,0,324,2,1,1,2036:SHL Championship
CHAOS,LW,NCAA,69,62,SHL,36,34,true,false,477,158,57,66,2,0,0,
CHAOS,RW,SHL,67,59,SHL,36,34,false,false,0,0,0,0,1,1,1,2029:SHL Championship
CHAOS,LW,NCAA,67,60,SHL,36,34,false,false,0,0,0,71,2,0,0,
CHAOS,RW,NCAA,69,63,SHL,36,34,true,false,486,148,59,66,2,1,1,2043:SHL Championship
CHAOS,RD,SHL,66,57,SHL,36,34,false,false,0,0,0,0,1,0,0,
CHAOS,RW,OHL,67,60,SHL,36,34,false,false,0,0,0,71,2,2,2,2027:OHL Championship | 2028:OHL Championship
CHAOS,RD,USHL,64,57,SHL,36,34,false,false,0,0,0,66,2,0,0,
CHAOS,G,QMJHL,71,63,SHL,36,34,true,false,118,0,0,367,2,1,1,2038:AHL Championship
CHAOS,G,WHL,67,60,SHL,36,34,false,false,0,0,0,58,2,0,0,
CHAOS,C,NCAA,65,59,SHL,36,34,false,false,0,0,0,65,2,0,0,
CHAOS,C,WHL,66,60,SHL,36,34,false,false,0,0,0,70,2,1,1,2036:SHL Championship
CHAOS,C,QMJHL,68,62,SHL,36,34,true,false,236,26,71,69,2,0,0,
CHAOS,LD,USHL,65,58,SHL,36,34,false,false,0,0,0,68,2,3,3,2038:SHL Championship | 2039:SHL Championship | 2043:SHL Championship
CHAOS,RW,QMJHL,66,59,SHL,36,34,false,false,0,0,0,64,2,0,0,
CHAOS,RD,USHL,67,60,SHL,36,34,false,false,0,0,0,68,2,1,1,2043:SHL Championship
CHAOS,RW,WHL,69,63,SHL,36,34,true,false,393,85,62,71,2,0,0,
CHAOS,G,USHL,68,61,SHL,36,34,false,false,0,0,0,247,2,1,1,2036:SHL Championship
CHAOS,LD,SHL,67,60,SHL,36,34,false,false,0,0,0,0,1,0,0,
CHAOS,RW,NCAA,69,62,SHL,36,34,true,false,309,103,55,67,2,0,0,
CHAOS,RW,OHL,68,61,SHL,36,34,true,false,161,49,35,71,2,1,1,2030:AHL Championship
CHAOS,LD,QMJHL,66,58,SHL,36,34,false,false,0,0,0,67,2,2,2,2029:QMJHL Championship | 2035:SHL Championship
CHAOS,RW,WHL,69,63,SHL,36,34,true,false,483,146,56,69,2,2,2,2030:AHL Championship | 2038:NHL Championship
CHAOS,C,QMJHL,68,62,SHL,36,34,true,false,157,15,76,67,2,1,1,2040:NHL Championship
CHAOS,RW,WHL,70,63,SHL,36,34,true,false,401,140,58,70,2,0,0,
CHAOS,RW,OHL,67,60,SHL,36,34,false,false,0,0,0,69,2,0,0,
CHAOS,C,NCAA,64,57,SHL,36,34,false,false,0,0,0,69,2,0,0,
CHAOS,RD,WHL,66,60,SHL,36,34,false,false,0,0,0,67,2,0,0,
CHAOS,G,LIIGA,69,62,SHL,36,34,true,false,66,0,0,311,1,1,1,2030:SHL Championship
CHAOS,RW,WHL,69,63,SHL,36,34,true,false,318,70,62,66,2,0,0,
CHAOS,G,SHL,66,58,SHL,36,34,false,false,0,0,0,0,1,1,1,2028:SHL Championship
CHAOS,C,QMJHL,70,64,SHL,36,34,true,false,559,68,222,66,2,0,0,
CHAOS,RD,OHL,67,60,SHL,36,34,false,false,0,0,0,65,2,2,2,2033:SHL Championship | 2039:SHL Championship
CHAOS,C,QMJHL,66,59,SHL,36,34,false,false,0,0,0,65,2,0,0,
CHAOS,RD,QMJHL,67,60,SHL,36,34,false,false,0,0,0,65,2,1,1,2037:SHL Championship
CHAOS,RD,LIIGA,63,56,SHL,36,34,false,false,0,0,0,0,1,0,0,
CHAOS,RD,OHL,67,59,SHL,36,34,false,false,0,0,0,67,2,0,0,
CHAOS,RW,LIIGA,67,61,SHL,36,34,false,false,0,0,0,0,1,1,1,2037:SHL Championship
CHAOS,G,SHL,67,59,SHL,36,34,false,false,0,0,0,0,1,0,0,
CHAOS,LD,USHL,68,60,SHL,36,34,true,false,241,4,38,71,2,1,1,2042:SHL Championship
CHAOS,G,USHL,69,60,SHL,36,34,true,false,65,0,0,253,2,0,0,
CHAOS,RD,OHL,68,60,SHL,36,34,true,false,78,1,14,70,2,0,0,
CHAOS,G,USHL,69,62,SHL,36,34,true,false,59,0,0,246,2,0,0,
CHAOS,RW,NCAA,69,63,SHL,36,34,true,false,322,96,35,65,2,0,0,
CHAOS,LW,WHL,69,62,SHL,36,34,true,false,411,113,69,69,2,2,2,2028:WHL Championship | 2038:NHL Championship
CHAOS,RW,LIIGA,65,59,SHL,36,34,false,false,0,0,0,0,1,0,0,
CHAOS,C,OHL,67,60,SHL,36,34,false,false,0,0,0,71,2,1,1,2038:SHL Championship
CHAOS,G,QMJHL,68,59,SHL,36,34,false,false,0,0,0,196,2,0,0,
CHAOS,LW,WHL,70,63,SHL,36,34,true,false,552,161,99,67,2,2,2,2026:WHL Championship | 2037:NHL Championship
CHAOS,LW,SHL,69,62,SHL,36,34,true,false,403,105,82,0,1,1,1,2039:NHL Championship
CHAOS,RD,LIIGA,64,57,SHL,36,34,false,false,0,0,0,0,1,0,0,
CHAOS,LW,WHL,70,63,SHL,36,34,true,false,398,114,77,71,2,0,0,
CHAOS,LD,OHL,68,60,SHL,36,34,true,false,155,0,31,70,2,1,1,2026:OHL Championship
CHAOS,G,WHL,69,61,SHL,36,34,true,false,63,0,0,249,2,0,0,
CHAOS,LW,QMJHL,68,60,SHL,36,34,true,false,76,22,13,70,2,1,1,2026:QMJHL Championship
CHAOS,LW,OHL,67,61,SHL,36,34,false,false,0,0,0,65,2,1,1,2033:SHL Championship
CHAOS,RW,QMJHL,68,62,SHL,36,34,true,false,152,51,16,71,2,2,2,2026:QMJHL Championship | 2032:SHL Championship
CHAOS,RD,LIIGA,64,56,SHL,36,34,false,false,0,0,0,0,1,0,0,
CHAOS,G,WHL,69,61,SHL,36,34,false,false,0,0,0,369,2,0,0,
CHAOS,RD,NCAA,65,57,SHL,36,34,false,false,0,0,0,68,2,0,0,
CHAOS,RW,SHL,67,61,SHL,36,34,false,false,0,0,0,0,1,1,1,2039:SHL Championship
CHAOS,C,LIIGA,65,59,SHL,36,34,false,false,0,0,0,0,1,0,0,
CHAOS,RW,SHL,66,59,SHL,36,34,false,false,0,0,0,0,1,2,2,2037:SHL Championship | 2043:SHL Championship
CHAOS,LW,LIIGA,67,60,SHL,36,34,false,false,0,0,0,0,1,0,0,
CHAOS,C,USHL,67,61,SHL,36,34,false,false,0,0,0,70,2,0,0,
CHAOS,RW,WHL,70,64,SHL,36,34,true,false,391,137,51,66,2,1,1,2027:WHL Championship
CHAOS,RD,OHL,67,60,SHL,36,34,false,false,0,0,0,71,2,0,0,
CHAOS,G,USHL,68,60,SHL,36,34,true,false,62,0,0,258,2,0,0,
CHAOS,C,QMJHL,70,62,SHL,36,34,true,false,467,40,188,68,2,1,1,2034:SHL Championship
CHAOS,G,USHL,66,58,SHL,36,34,false,false,0,0,0,62,2,1,1,2027:USHL Championship
CHAOS,LW,LIIGA,66,59,SHL,36,34,false,false,0,0,0,0,1,0,0,
CHAOS,C,OHL,67,60,SHL,36,34,false,false,0,0,0,67,2,2,2,2030:AHL Championship | 2042:SHL Championship
CHAOS,LD,SHL,65,57,SHL,36,34,false,false,0,0,0,0,1,0,0,
CHAOS,RW,USHL,70,63,SHL,36,34,true,false,389,135,41,71,2,0,0,
CHAOS,LD,USHL,68,60,SHL,36,34,true,false,79,5,20,68,2,0,0,
CHAOS,RW,QMJHL,67,61,SHL,36,34,false,false,0,0,0,67,2,0,0,
CHAOS,RW,SHL,69,62,SHL,36,34,true,false,315,90,37,0,1,0,0,
CHAOS,LW,OHL,68,61,SHL,36,34,true,false,156,39,20,68,2,0,0,
CHAOS,LD,QMJHL,65,56,SHL,36,34,false,false,0,0,0,71,2,0,0,
CHAOS,LW,LIIGA,68,63,SHL,36,34,true,false,238,64,43,0,1,1,1,2030:SHL Championship
CHAOS,G,OHL,68,60,SHL,36,34,false,false,0,0,0,182,2,0,0,
CHAOS,RD,QMJHL,67,60,SHL,36,34,false,false,0,0,0,66,2,0,0,
CHAOS,G,USHL,70,62,SHL,36,34,false,false,0,0,0,375,2,0,0,
CHAOS,RW,SHL,67,60,SHL,36,34,false,false,0,0,0,0,1,0,0,
CHAOS,LW,LIIGA,66,60,SHL,36,34,false,false,0,0,0,0,1,0,0,
CHAOS,C,NCAA,67,61,SHL,36,34,false,false,0,0,0,66,2,0,0,
CHAOS,G,OHL,69,62,SHL,36,34,true,false,62,0,0,321,2,0,0,
CHAOS,LD,LIIGA,65,58,SHL,36,34,false,false,0,0,0,0,1,0,0,
CHAOS,LD,QMJHL,66,59,SHL,36,34,false,false,0,0,0,65,2,0,0,
CHAOS,LD,NCAA,66,59,SHL,36,34,false,false,0,0,0,64,2,2,2,2040:SHL Championship | 2041:SHL Championship
CHAOS,C,NCAA,66,60,SHL,36,34,false,false,0,0,0,69,2,1,1,2041:SHL Championship
CHAOS,C,NCAA,67,60,SHL,36,34,false,false,0,0,0,69,2,0,0,
CHAOS,G,QMJHL,70,63,SHL,36,34,false,false,0,0,0,437,2,0,0,
CHAOS,LD,OHL,67,60,SHL,36,34,false,false,0,0,0,66,2,0,0,
CHAOS,C,OHL,69,63,SHL,36,34,true,false,314,36,142,66,2,0,0,
CHAOS,LD,WHL,67,58,SHL,36,34,false,false,0,0,0,71,2,1,1,2037:SHL Championship
CHAOS,RD,USHL,68,60,SHL,36,34,true,false,83,0,17,71,2,2,2,2026:USHL Championship | 2027:USHL Championship
CHAOS,RD,NCAA,66,59,SHL,36,34,false,false,0,0,0,70,2,1,1,2037:SHL Championship
CHAOS,LD,SHL,66,59,SHL,36,34,false,false,0,0,0,0,1,2,2,2028:SHL Championship | 2038:SHL Championship
CHAOS,LD,WHL,65,58,SHL,36,34,false,false,0,0,0,70,2,0,0,
CHAOS,LD,OHL,67,60,SHL,36,34,false,false,0,0,0,68,2,1,1,2043:SHL Championship
CHAOS,G,WHL,70,62,SHL,36,34,true,false,196,0,0,182,2,0,0,
CHAOS,LW,WHL,67,60,SHL,36,34,false,false,0,0,0,71,2,0,0,
CHAOS,RD,NCAA,66,59,SHL,36,34,false,false,0,0,0,66,2,0,0,
CHAOS,C,NCAA,69,62,SHL,36,34,true,false,242,33,66,69,2,1,1,2036:SHL Championship
CHAOS,C,QMJHL,67,61,SHL,36,34,false,false,0,0,0,68,2,1,1,2028:QMJHL Championship
CHAOS,LW,USHL,69,63,SHL,36,34,true,false,475,144,94,67,2,2,2,2030:AHL Championship | 2042:NHL Championship
CHAOS,G,USHL,68,61,SHL,36,34,false,false,0,0,0,191,2,2,2,2034:SHL Championship | 2043:SHL Championship
CHAOS,LW,OHL,66,61,SHL,36,34,false,false,0,0,0,70,2,0,0,
CHAOS,C,QMJHL,68,62,SHL,36,34,true,false,79,7,33,68,2,4,4,2027:QMJHL Championship | 2035:SHL Championship | 2041:NHL Championship | 2042:SHL Championship
CHAOS,LW,WHL,66,60,SHL,36,34,false,false,0,0,0,68,2,1,1,2040:SHL Championship
CHAOS,RW,QMJHL,68,62,SHL,36,34,true,false,165,55,29,67,2,0,0,
CHAOS,G,WHL,68,60,SHL,36,34,false,false,0,0,0,128,2,1,1,2041:AHL Championship
CHAOS,LD,OHL,63,55,SHL,36,34,false,false,0,0,0,64,2,1,1,2026:OHL Championship
CHAOS,RD,USHL,66,58,SHL,36,34,false,false,0,0,0,69,2,0,0,
CHAOS,RW,USHL,70,65,SHL,36,34,true,false,473,140,68,69,2,0,0,
CHAOS,RD,QMJHL,66,58,SHL,36,34,false,false,0,0,0,68,2,0,0,
CHAOS,RW,LIIGA,68,61,SHL,36,34,true,false,248,72,43,0,1,0,0,
CHAOS,RD,NCAA,66,60,SHL,36,34,false,false,0,0,0,67,2,0,0,
CHAOS,RD,WHL,64,57,SHL,36,34,false,false,0,0,0,66,2,0,0,
CHAOS,LD,QMJHL,66,58,SHL,36,34,false,false,0,0,0,70,2,1,1,2041:SHL Championship
CHAOS,RW,OHL,68,62,SHL,36,34,true,false,151,38,32,65,2,0,0,
CHAOS,G,OHL,67,60,SHL,36,34,false,false,0,0,0,63,2,0,0,
CHAOS,C,OHL,68,63,SHL,36,34,true,false,236,39,96,67,2,0,0,
CHAOS,LW,USHL,66,59,SHL,36,34,false,false,0,0,0,66,2,0,0,
CHAOS,RW,USHL,68,62,SHL,36,34,true,false,77,16,9,69,2,0,0,
CHAOS,RD,OHL,68,60,SHL,36,34,true,false,161,0,34,67,2,0,0,
CHAOS,LW,USHL,69,63,SHL,36,34,true,false,391,121,61,66,2,2,2,2035:SHL Championship | 2039:NHL Championship
CHAOS,LD,USHL,66,59,SHL,36,34,false,false,0,0,0,71,2,3,3,2029:USHL Championship | 2030:AHL Championship | 2037:SHL Championship
CHAOS,C,SHL,68,61,SHL,36,34,true,false,153,15,76,0,1,2,2,2036:SHL Championship | 2042:SHL Championship
CHAOS,LD,OHL,66,60,SHL,36,34,false,false,0,0,0,70,2,0,0,
CHAOS,C,QMJHL,68,62,SHL,36,34,true,false,318,36,97,69,2,0,0,
CHAOS,RD,WHL,65,58,SHL,36,34,false,false,0,0,0,68,2,0,0,
CHAOS,LW,QMJHL,69,62,SHL,36,34,true,false,397,100,63,65,2,0,0,
CHAOS,LW,USHL,69,63,SHL,36,34,true,false,319,85,44,68,2,0,0,
CHAOS,C,QMJHL,68,62,SHL,36,34,true,false,322,35,114,65,2,1,1,2034:SHL Championship
CHAOS,LW,LIIGA,67,62,SHL,36,34,false,false,0,0,0,0,1,1,1,2033:SHL Championship
CHAOS,G,QMJHL,68,61,SHL,36,34,false,false,0,0,0,185,2,1,1,2040:AHL Championship
CHAOS,RD,OHL,66,59,SHL,36,34,false,false,0,0,0,66,2,1,1,2039:SHL Championship
CHAOS,RD,SHL,66,59,SHL,36,34,false,false,0,0,0,0,1,0,0,
CHAOS,LD,LIIGA,65,57,SHL,36,34,false,false,0,0,0,0,1,1,1,2032:SHL Championship
CHAOS,RW,OHL,68,61,SHL,36,34,true,false,81,24,10,65,2,1,1,2033:SHL Championship
CHAOS,LD,LIIGA,67,59,SHL,36,34,false,false,0,0,0,0,1,2,2,2031:SHL Championship | 2038:SHL Championship
CHAOS,C,OHL,70,64,SHL,36,34,true,false,476,94,246,66,2,1,1,2029:OHL Championship
CHAOS,LD,OHL,67,60,SHL,36,34,false,false,0,0,0,70,2,1,1,2033:SHL Championship
CHAOS,G,LIIGA,68,61,SHL,36,34,false,false,0,0,0,255,1,2,2,2031:SHL Championship | 2036:SHL Championship
CHAOS,C,NCAA,71,65,NHL,36,34,true,false,556,77,229,65,2,0,0,
CHAOS,G,SHL,69,63,SHL,36,34,true,false,62,0,0,190,1,1,1,2038:SHL Championship
CHAOS,G,NCAA,70,62,SHL,36,34,true,false,247,0,0,312,2,1,1,2028:NCAA Championship
CHAOS,RW,USHL,69,61,SHL,36,34,true,false,313,72,74,65,2,0,0,
CHAOS,LD,USHL,64,58,SHL,36,34,false,false,0,0,0,71,2,1,1,2033:SHL Championship
CHAOS,G,QMJHL,70,62,SHL,36,34,false,false,0,0,0,430,2,0,0,
CHAOS,C,WHL,68,62,SHL,36,34,true,false,314,16,141,68,2,0,0,
CHAOS,LW,LIIGA,67,60,SHL,36,34,false,false,0,0,0,0,1,1,1,2030:SHL Championship
CHAOS,RD,USHL,64,57,SHL,36,34,false,false,0,0,0,68,2,0,0,
CHAOS,G,OHL,67,59,SHL,36,34,false,false,0,0,0,57,2,0,0,
CHAOS,RW,LIIGA,66,60,SHL,36,34,false,false,0,0,0,0,1,0,0,
CHAOS,RW,WHL,68,62,SHL,36,34,true,false,245,81,28,69,2,2,2,2029:WHL Championship | 2043:SHL Championship
CHAOS,LD,LIIGA,64,57,SHL,36,34,false,false,0,0,0,0,1,1,1,2026:LIIGA Championship
CHAOS,LD,NCAA,64,57,SHL,36,34,false,false,0,0,0,69,2,0,0,
CHAOS,G,OHL,69,61,SHL,36,34,true,false,127,0,0,122,2,0,0,
CHAOS,LD,NCAA,66,59,SHL,36,34,false,false,0,0,0,65,2,1,1,2035:SHL Championship
CHAOS,C,SHL,68,62,SHL,36,34,true,false,161,27,60,0,1,0,0,
CHAOS,RW,NCAA,68,61,SHL,36,34,true,false,76,23,17,65,2,0,0,
CHAOS,RW,SHL,68,63,SHL,36,34,true,false,233,79,34,0,1,0,0,
CHAOS,G,OHL,70,62,SHL,36,34,true,false,67,0,0,357,2,0,0,
CHAOS,LW,WHL,70,63,SHL,36,34,true,false,397,143,42,65,2,0,0,
CHAOS,LW,WHL,69,63,SHL,36,34,true,false,313,84,46,68,2,0,0,
CHAOS,LW,OHL,66,60,SHL,36,34,false,false,0,0,0,68,2,0,0,
CHAOS,LW,NCAA,69,62,SHL,36,34,true,false,316,74,66,67,2,0,0,
CHAOS,C,QMJHL,70,65,NHL,36,34,true,false,556,86,208,65,2,0,0,
CHAOS,C,NCAA,65,59,SHL,36,34,false,false,0,0,0,65,2,1,1,2031:SHL Championship
CHAOS,LW,SHL,68,61,SHL,36,34,true,false,154,36,18,0,1,0,0,
CHAOS,G,QMJHL,68,60,SHL,36,34,true,false,63,0,0,324,2,1,1,2028:QMJHL Championship
CHAOS,RD,USHL,65,58,SHL,36,34,false,false,0,0,0,71,2,0,0,
CHAOS,RD,WHL,66,58,SHL,36,34,false,false,0,0,0,66,2,0,0,
CHAOS,LW,USHL,69,62,SHL,36,34,true,false,408,100,76,71,2,0,0,
CHAOS,RD,LIIGA,66,58,SHL,36,34,false,false,0,0,0,0,1,0,0,
CHAOS,G,WHL,69,61,SHL,36,34,true,false,188,0,0,186,2,2,2,2030:AHL Championship | 2041:AHL Championship
CHAOS,RD,QMJHL,65,58,SHL,36,34,false,false,0,0,0,65,2,0,0,
CHAOS,G,WHL,67,59,SHL,36,34,false,false,0,0,0,59,2,2,2,2026:WHL Championship | 2034:SHL Championship
CHAOS,G,WHL,67,59,SHL,36,34,false,false,0,0,0,59,2,1,1,2027:WHL Championship
CHAOS,RW,SHL,66,59,SHL,36,34,false,false,0,0,0,0,1,0,0,
CHAOS,RW,USHL,68,62,SHL,36,34,true,false,164,31,30,65,2,3,3,2026:USHL Championship | 2041:NHL Championship | 2042:SHL Championship
CHAOS,C,SHL,66,59,SHL,36,34,false,false,0,0,0,0,1,0,0,
CHAOS,RW,LIIGA,67,60,SHL,36,34,false,false,0,0,0,0,1,1,1,2034:SHL Championship
CHAOS,G,USHL,69,62,SHL,36,34,false,false,0,0,0,376,2,0,0,
CHAOS,C,OHL,68,60,SHL,36,34,true,false,78,5,30,68,2,0,0,
CHAOS,RD,LIIGA,66,59,SHL,36,34,false,false,0,0,0,0,1,0,0,
CHAOS,RW,USHL,69,62,SHL,36,34,true,false,236,59,37,69,2,0,0,
CHAOS,RD,LIIGA,67,61,SHL,36,34,false,false,0,0,0,0,1,1,1,2027:SHL Championship
CHAOS,RW,SHL,65,59,SHL,36,34,false,false,0,0,0,0,1,0,0,
CHAOS,C,NCAA,69,62,SHL,36,34,true,false,409,41,139,71,2,0,0,
CHAOS,LD,LIIGA,64,58,SHL,36,34,false,false,0,0,0,0,1,4,4,2026:LIIGA Championship | 2031:SHL Championship | 2037:SHL Championship | 2043:SHL Championship
CHAOS,LW,OHL,69,62,SHL,36,34,true,false,390,96,53,69,2,1,1,2043:SHL Championship
CHAOS,C,WHL,69,61,SHL,36,34,true,false,395,59,131,67,2,1,1,2029:WHL Championship
CHAOS,RD,OHL,65,57,SHL,36,34,false,false,0,0,0,70,2,0,0,
CHAOS,G,QMJHL,69,62,SHL,36,34,true,false,60,0,0,303,2,1,1,2040:AHL Championship
CHAOS,LW,OHL,68,62,SHL,36,34,true,false,158,44,27,70,2,0,0,
CHAOS,RW,QMJHL,70,64,SHL,36,34,true,false,476,162,97,70,2,1,1,2041:NHL Championship
CHAOS,RD,LIIGA,66,59,SHL,36,34,false,false,0,0,0,0,1,0,0,
CHAOS,RD,NCAA,64,58,SHL,36,34,false,false,0,0,0,65,2,0,0,
CHAOS,C,LIIGA,66,60,SHL,36,34,false,false,0,0,0,0,1,1,1,2031:SHL Championship
CHAOS,LW,LIIGA,69,63,SHL,36,34,true,false,314,129,43,0,1,0,0,
CHAOS,G,NCAA,69,61,SHL,36,34,true,false,59,0,0,319,2,0,0,
CHAOS,RW,OHL,69,62,SHL,36,34,true,false,311,107,35,69,2,2,2,2026:OHL Championship | 2037:SHL Championship
CHAOS,G,NCAA,66,60,SHL,36,34,false,false,0,0,0,58,2,1,1,2036:SHL Championship
CHAOS,LD,NCAA,67,60,SHL,36,34,false,false,0,0,0,70,2,1,1,2035:SHL Championship
CHAOS,RW,WHL,69,62,SHL,36,34,true,false,327,84,43,70,2,0,0,
CHAOS,RD,LIIGA,65,58,SHL,36,34,false,false,0,0,0,0,1,0,0,
CHAOS,C,QMJHL,69,62,SHL,36,34,true,false,392,44,188,67,2,0,0,
CHAOS,G,USHL,66,58,SHL,36,34,false,false,0,0,0,59,2,0,0,
CHAOS,C,OHL,67,60,SHL,36,34,false,false,0,0,0,70,2,1,1,2035:SHL Championship
CHAOS,LW,WHL,67,60,SHL,36,34,false,false,0,0,0,68,2,0,0,
CHAOS,RD,USHL,66,58,SHL,36,34,false,false,0,0,0,71,2,0,0,
CHAOS,G,QMJHL,68,60,SHL,36,34,false,false,0,0,0,256,2,1,1,2038:SHL Championship
CHAOS,RD,SHL,64,55,SHL,36,34,false,false,0,0,0,0,1,0,0,
CHAOS,C,QMJHL,66,60,SHL,36,34,false,false,0,0,0,66,2,1,1,2037:SHL Championship
CHAOS,RD,NCAA,66,59,SHL,36,34,false,false,0,0,0,71,2,1,1,2038:SHL Championship
CHAOS,RD,SHL,63,55,SHL,36,34,false,false,0,0,0,0,1,0,0,
CHAOS,RW,LIIGA,69,63,SHL,36,34,true,false,394,97,63,0,1,0,0,
CHAOS,G,OHL,69,61,SHL,36,34,false,false,0,0,0,234,2,0,0,
CHAOS,LW,NCAA,68,62,SHL,36,34,true,false,158,42,26,68,2,1,1,2037:SHL Championship
CHAOS,C,SHL,65,60,SHL,36,34,false,false,0,0,0,0,1,1,1,2041:SHL Championship
CHAOS,G,SHL,68,60,SHL,36,34,false,false,0,0,0,125,1,1,1,2029:SHL Championship
CHAOS,RW,OHL,68,62,SHL,36,34,true,false,239,73,36,65,2,1,1,2026:OHL Championship
CHAOS,G,USHL,70,62,SHL,36,34,false,false,0,0,0,439,2,0,0,
CHAOS,LD,LIIGA,65,57,SHL,36,34,false,false,0,0,0,0,1,1,1,2033:SHL Championship
CHAOS,G,NCAA,69,61,SHL,36,34,true,false,67,0,0,309,2,2,2,2033:SHL Championship | 2041:AHL Championship
CHAOS,C,USHL,69,63,SHL,36,34,true,false,400,71,144,65,2,2,2,2027:USHL Championship | 2043:SHL Championship
CHAOS,C,WHL,69,63,SHL,36,34,true,false,393,53,121,70,2,0,0,
CHAOS,RD,OHL,67,60,SHL,36,34,false,false,0,0,0,70,2,2,2,2037:SHL Championship | 2043:SHL Championship
CHAOS,LD,WHL,66,58,SHL,36,34,false,false,0,0,0,68,2,2,2,2042:SHL Championship | 2043:SHL Championship
CHAOS,LD,QMJHL,67,59,SHL,36,34,false,false,0,0,0,69,2,1,1,2031:SHL Championship
CHAOS,LW,OHL,66,61,SHL,36,34,false,false,0,0,0,64,2,0,0,
CHAOS,RW,OHL,67,60,SHL,36,34,false,false,0,0,0,65,2,0,0,
CHAOS,LW,SHL,68,62,SHL,36,34,true,false,327,88,68,0,1,1,1,2042:NHL Championship
CHAOS,LW,LIIGA,66,59,SHL,36,34,false,false,0,0,0,0,1,0,0,
CHAOS,RW,QMJHL,70,64,SHL,36,34,true,false,467,169,54,66,2,0,0,
CHAOS,LD,QMJHL,65,58,SHL,36,34,false,false,0,0,0,71,2,1,1,2031:SHL Championship
CHAOS,LW,SHL,68,62,SHL,36,34,true,false,156,36,16,0,1,1,1,2032:SHL Championship
CHAOS,LW,QMJHL,69,63,SHL,36,34,true,false,404,94,61,71,2,0,0,
CHAOS,C,LIIGA,66,59,SHL,36,34,false,false,0,0,0,0,1,0,0,
CHAOS,LW,WHL,70,63,SHL,36,34,true,false,477,119,57,68,2,1,1,2031:SHL Championship
CHAOS,G,QMJHL,68,60,SHL,36,34,true,false,67,0,0,131,2,0,0,
CHAOS,G,OHL,70,63,SHL,36,34,true,false,191,0,0,253,2,0,0,
CHAOS,RD,QMJHL,66,58,SHL,36,34,false,false,0,0,0,71,2,1,1,2034:SHL Championship
CHAOS,G,USHL,70,63,SHL,36,34,true,false,68,0,0,377,2,0,0,
CHAOS,LD,WHL,66,59,SHL,36,34,false,false,0,0,0,68,2,1,1,2028:WHL Championship
CHAOS,G,LIIGA,70,62,SHL,36,34,true,false,248,0,0,132,1,1,1,2041:NHL Championship
CHAOS,C,QMJHL,67,61,SHL,36,34,false,false,0,0,0,69,2,1,1,2043:SHL Championship
CHAOS,G,SHL,67,60,SHL,36,34,false,false,0,0,0,0,1,1,1,2031:SHL Championship
CHAOS,LD,WHL,65,59,SHL,36,34,false,false,0,0,0,67,2,0,0,
CHAOS,G,OHL,68,60,SHL,36,34,false,false,0,0,0,125,2,1,1,2032:SHL Championship
CHAOS,RW,QMJHL,70,64,SHL,36,34,true,false,547,183,75,71,2,0,0,
CHAOS,LD,WHL,67,61,SHL,36,34,false,false,0,0,0,67,2,0,0,
CHAOS,LD,USHL,67,59,SHL,36,34,false,false,0,0,0,65,2,0,0,
CHAOS,RW,USHL,68,61,SHL,36,34,true,false,158,61,20,68,2,0,0,
CHAOS,RW,QMJHL,69,61,SHL,36,34,true,false,389,97,65,70,2,0,0,
CHAOS,RD,QMJHL,66,58,SHL,36,34,false,false,0,0,0,69,2,0,0,
CHAOS,RW,SHL,66,59,SHL,36,34,false,false,0,0,0,0,1,0,0,
CHAOS,C,SHL,66,59,SHL,36,34,false,false,0,0,0,0,1,0,0,
CHAOS,LW,WHL,68,61,SHL,36,34,true,false,164,49,24,68,2,0,0,
CHAOS,RW,QMJHL,70,65,NHL,36,34,true,false,547,181,89,70,2,1,1,2027:QMJHL Championship
CHAOS,RD,LIIGA,66,59,SHL,36,34,false,false,0,0,0,0,1,1,1,2040:SHL Championship
CHAOS,G,SHL,68,60,SHL,36,34,false,false,0,0,0,117,1,0,0,
CHAOS,LW,QMJHL,66,60,SHL,36,34,false,false,0,0,0,65,2,0,0,
CHAOS,C,NCAA,68,63,SHL,36,34,true,false,315,39,113,68,2,0,0,
CHAOS,RD,WHL,65,57,SHL,36,34,false,false,0,0,0,69,2,1,1,2032:SHL Championship
CHAOS,C,WHL,69,63,SHL,36,34,true,false,385,37,166,68,2,1,1,2043:SHL Championship
CHAOS,RD,SHL,67,59,SHL,36,34,false,false,0,0,0,0,1,0,0,
CHAOS,RW,QMJHL,71,64,SHL,36,34,true,false,476,157,93,67,2,1,1,2032:SHL Championship
CHAOS,LD,QMJHL,65,58,SHL,36,34,false,false,0,0,0,65,2,0,0,
CHAOS,RW,NCAA,71,64,SHL,36,34,true,false,481,136,121,66,2,1,1,2040:NHL Championship
CHAOS,LW,NCAA,68,62,SHL,36,34,true,false,154,29,22,68,2,0,0,
CHAOS,RD,QMJHL,65,57,SHL,36,34,false,false,0,0,0,70,2,0,0,
CHAOS,RD,SHL,66,59,SHL,36,34,false,false,0,0,0,0,1,3,3,2028:SHL Championship | 2030:SHL Championship | 2042:SHL Championship
CHAOS,LW,SHL,69,63,SHL,36,34,true,false,404,117,70,0,1,1,1,2034:SHL Championship
CHAOS,RW,QMJHL,68,60,SHL,36,34,true,false,160,42,15,71,2,0,0,
CHAOS,G,NCAA,68,60,SHL,36,34,false,false,0,0,0,333,2,0,0,
CHAOS,G,NCAA,70,63,SHL,36,34,true,false,61,0,0,308,2,0,0,
CHAOS,LW,LIIGA,68,61,SHL,36,34,true,false,160,33,16,0,1,2,2,2028:SHL Championship | 2031:SHL Championship
CHAOS,RD,NCAA,68,61,SHL,36,34,true,false,241,1,58,67,2,0,0,
CHAOS,LW,NCAA,68,61,SHL,36,34,true,false,77,19,5,71,2,1,1,2043:SHL Championship
CHAOS,RW,LIIGA,68,62,SHL,36,34,true,false,236,54,50,0,1,2,2,2028:SHL Championship | 2043:SHL Championship
CHAOS,G,USHL,69,62,SHL,36,34,false,false,0,0,0,314,2,0,0,
CHAOS,RD,LIIGA,63,54,SHL,36,34,false,false,0,0,0,0,1,1,1,2036:SHL Championship
CHAOS,C,QMJHL,68,63,SHL,36,34,true,false,237,35,85,69,2,2,2,2034:SHL Championship | 2036:SHL Championship
CHAOS,RW,LIIGA,65,58,SHL,36,34,false,false,0,0,0,0,1,0,0,
CHAOS,LW,WHL,69,62,SHL,36,34,true,false,325,113,53,67,2,0,0,
CHAOS,LD,QMJHL,69,62,SHL,36,34,true,false,317,7,82,71,2,0,0,
CHAOS,LD,NCAA,66,58,SHL,36,34,false,false,0,0,0,67,2,0,0,
CHAOS,LW,LIIGA,64,58,SHL,36,34,false,false,0,0,0,0,1,0,0,
CHAOS,RD,OHL,67,60,SHL,36,34,false,false,0,0,0,68,2,1,1,2035:SHL Championship
CHAOS,LD,NCAA,66,59,SHL,36,34,false,false,0,0,0,69,2,0,0,
CHAOS,RW,SHL,68,63,SHL,36,34,true,false,313,62,35,0,1,0,0,
CHAOS,RD,LIIGA,65,58,SHL,36,34,false,false,0,0,0,0,1,0,0,
CHAOS,G,USHL,67,59,SHL,36,34,false,false,0,0,0,61,2,1,1,2027:USHL Championship
CHAOS,RD,QMJHL,67,60,SHL,36,34,false,false,0,0,0,68,2,0,0,
CHAOS,RW,SHL,68,62,SHL,36,34,true,false,159,34,32,0,1,1,1,2026:SHL Championship
CHAOS,RW,USHL,67,61,SHL,36,34,false,false,0,0,0,65,2,0,0,
CHAOS,LW,SHL,64,57,SHL,36,34,false,false,0,0,0,0,1,0,0,
CHAOS,RW,USHL,68,61,SHL,36,34,true,false,76,19,11,68,2,0,0,
CHAOS,RD,WHL,65,58,SHL,36,34,false,false,0,0,0,70,2,1,1,2033:SHL Championship
CHAOS,RD,QMJHL,64,57,SHL,36,34,false,false,0,0,0,67,2,0,0,
CHAOS,LD,QMJHL,65,58,SHL,36,34,false,false,0,0,0,69,2,0,0,
CHAOS,C,LIIGA,68,61,SHL,36,34,true,false,77,5,23,0,1,0,0,
CHAOS,LD,OHL,66,59,SHL,36,34,false,false,0,0,0,65,2,0,0,
CHAOS,LW,WHL,66,60,SHL,36,34,false,false,0,0,0,65,2,1,1,2026:WHL Championship
CHAOS,LW,WHL,69,63,SHL,36,34,true,false,486,157,76,65,2,0,0,
CHAOS,RW,NCAA,67,61,SHL,36,34,false,false,0,0,0,64,2,0,0,
CHAOS,RW,LIIGA,69,63,SHL,36,34,true,false,315,99,46,0,1,0,0,
CHAOS,C,QMJHL,71,65,NHL,36,34,true,false,624,99,262,65,2,0,0,
CHAOS,RW,NCAA,68,62,SHL,36,34,true,false,306,92,35,70,2,0,0,
CHAOS,C,SHL,66,60,SHL,36,34,false,false,0,0,0,0,1,0,0,
CHAOS,RW,OHL,67,61,SHL,36,34,false,false,0,0,0,66,2,1,1,2032:SHL Championship
CHAOS,RW,QMJHL,70,62,SHL,36,34,true,false,387,93,85,71,2,0,0,
CHAOS,LD,OHL,68,61,SHL,36,34,true,false,162,4,40,64,2,1,1,2036:SHL Championship
CHAOS,C,NCAA,66,59,SHL,36,34,false,false,0,0,0,68,2,0,0,
CHAOS,RW,SHL,70,63,SHL,36,34,true,false,390,105,89,0,1,0,0,
CHAOS,LD,OHL,66,58,SHL,36,34,false,false,0,0,0,70,2,0,0,
CHAOS,RD,SHL,66,59,SHL,36,34,false,false,0,0,0,0,1,2,2,2030:SHL Championship | 2035:SHL Championship
CHAOS,LW,USHL,70,63,SHL,36,34,true,false,407,146,71,68,2,0,0,
CHAOS,LW,QMJHL,68,61,SHL,36,34,true,false,157,55,21,69,2,0,0,
CHAOS,RW,OHL,68,63,SHL,36,34,true,false,235,65,30,69,2,2,2,2029:OHL Championship | 2040:NHL Championship
CHAOS,RW,WHL,68,61,SHL,36,34,true,false,81,19,9,69,2,1,1,2036:SHL Championship
CHAOS,G,WHL,69,62,SHL,36,34,false,false,0,0,0,307,2,0,0,
CHAOS,C,SHL,68,61,SHL,36,34,true,false,241,29,103,0,1,1,1,2035:SHL Championship
CHAOS,LD,USHL,66,59,SHL,36,34,false,false,0,0,0,69,2,0,0,
CHAOS,RD,USHL,67,61,SHL,36,34,false,false,0,0,0,65,2,0,0,
CHAOS,LD,USHL,66,58,SHL,36,34,false,false,0,0,0,65,2,0,0,
CHAOS,RW,OHL,68,62,SHL,36,34,true,false,159,38,18,71,2,1,1,2030:AHL Championship
CHAOS,LD,NCAA,66,58,SHL,36,34,false,false,0,0,0,70,2,1,1,2041:SHL Championship
CHAOS,C,QMJHL,68,61,SHL,36,34,true,false,159,24,62,71,2,1,1,2029:QMJHL Championship
CHAOS,RW,USHL,69,63,SHL,36,34,true,false,397,98,67,66,2,1,1,2034:SHL Championship
CHAOS,C,OHL,67,60,SHL,36,34,false,false,0,0,0,69,2,0,0,
CHAOS,G,USHL,67,59,SHL,36,34,false,false,0,0,0,61,2,2,2,2029:USHL Championship | 2040:SHL Championship
CHAOS,LD,USHL,68,61,SHL,36,34,true,false,78,1,15,66,2,1,1,2030:AHL Championship
CHAOS,LD,QMJHL,68,60,SHL,36,34,true,false,82,1,21,67,2,2,2,2027:QMJHL Championship | 2043:SHL Championship
CHAOS,RW,OHL,68,62,SHL,36,34,true,false,76,16,12,65,2,2,2,2030:AHL Championship | 2035:SHL Championship
CHAOS,LD,WHL,68,61,SHL,36,34,true,false,161,0,34,64,2,1,1,2035:SHL Championship
CHAOS,C,SHL,66,59,SHL,36,34,false,false,0,0,0,0,1,0,0,
CHAOS,LD,SHL,64,57,SHL,36,34,false,false,0,0,0,0,1,0,0,
CHAOS,LD,SHL,66,60,SHL,36,34,false,false,0,0,0,0,1,0,0,
CHAOS,G,NCAA,66,58,SHL,36,34,false,false,0,0,0,66,2,1,1,2030:AHL Championship
CHAOS,G,LIIGA,68,60,SHL,36,34,false,false,0,0,0,60,1,1,1,2034:SHL Championship
CHAOS,RW,SHL,68,61,SHL,36,34,true,false,155,37,27,0,1,0,0,
CHAOS,G,LIIGA,68,60,SHL,36,34,false,false,0,0,0,132,1,0,0,
CHAOS,LD,LIIGA,65,58,SHL,36,34,false,false,0,0,0,0,1,1,1,2040:SHL Championship
CHAOS,C,OHL,68,61,SHL,36,34,true,false,157,19,57,65,2,1,1,2043:SHL Championship
CHAOS,G,LIIGA,67,60,SHL,36,34,false,false,0,0,0,0,1,0,0,
CHAOS,LD,SHL,63,56,SHL,36,34,false,false,0,0,0,0,1,0,0,
CHAOS,RW,QMJHL,65,58,SHL,36,34,false,false,0,0,0,68,2,0,0,
CHAOS,RW,USHL,69,63,SHL,36,34,true,false,397,103,68,65,2,3,3,2031:SHL Championship | 2038:NHL Championship | 2041:NHL Championship
CHAOS,LW,USHL,70,63,SHL,36,34,true,false,395,70,75,70,2,0,0,
CHAOS,LD,USHL,66,59,SHL,36,34,false,false,0,0,0,67,2,1,1,2038:SHL Championship
CHAOS,LD,NCAA,66,59,SHL,36,34,false,false,0,0,0,71,2,0,0,
CHAOS,LW,USHL,68,61,SHL,36,34,true,false,158,29,28,68,2,0,0,
CHAOS,RW,LIIGA,67,62,SHL,36,34,false,false,0,0,0,0,1,0,0,
CHAOS,G,USHL,70,63,SHL,36,34,true,false,118,0,0,251,2,0,0,
CHAOS,G,USHL,67,58,SHL,36,34,false,false,0,0,0,59,2,2,2,2041:SHL Championship | 2042:SHL Championship
CHAOS,RW,NCAA,69,63,SHL,36,34,true,false,315,118,47,67,2,0,0,
CHAOS,LW,LIIGA,66,59,SHL,36,34,false,false,0,0,0,0,1,1,1,2028:SHL Championship
CHAOS,RW,USHL,69,63,SHL,36,34,true,false,239,62,23,70,2,0,0,
CHAOS,LD,OHL,66,59,SHL,36,34,false,false,0,0,0,68,2,0,0,
CHAOS,G,LIIGA,68,60,SHL,36,34,true,false,67,0,0,66,1,1,1,2036:SHL Championship
CHAOS,LW,WHL,68,62,SHL,36,34,true,false,152,60,22,69,2,2,2,2038:SHL Championship | 2039:SHL Championship
CHAOS,LD,USHL,66,59,SHL,36,34,false,false,0,0,0,70,2,1,1,2043:SHL Championship
CHAOS,RW,LIIGA,66,60,SHL,36,34,false,false,0,0,0,0,1,2,2,2030:SHL Championship | 2036:SHL Championship
CHAOS,C,LIIGA,67,61,SHL,36,34,false,false,0,0,0,0,1,2,2,2032:SHL Championship | 2033:SHL Championship
CHAOS,C,LIIGA,68,61,SHL,36,34,true,false,83,7,18,0,1,2,2,2034:SHL Championship | 2035:SHL Championship
CHAOS,RD,OHL,65,59,SHL,36,34,false,false,0,0,0,71,2,0,0,
CHAOS,C,USHL,69,63,SHL,36,34,true,false,404,55,144,66,2,1,1,2030:AHL Championship
CHAOS,C,OHL,67,61,SHL,36,34,false,false,0,0,0,67,2,1,1,2039:SHL Championship
CHAOS,G,QMJHL,69,61,SHL,36,34,true,false,67,0,0,196,2,0,0,
CHAOS,RW,LIIGA,66,60,SHL,36,34,false,false,0,0,0,0,1,1,1,2026:LIIGA Championship
CHAOS,LW,WHL,67,61,SHL,36,34,false,false,0,0,0,71,2,0,0,
CHAOS,RD,LIIGA,67,59,SHL,36,34,false,false,0,0,0,0,1,0,0,
CHAOS,LW,OHL,69,63,SHL,36,34,true,false,320,87,58,68,2,1,1,2038:SHL Championship
CHAOS,C,OHL,67,60,SHL,36,34,false,false,0,0,0,70,2,0,0,
CHAOS,LD,SHL,65,58,SHL,36,34,false,false,0,0,0,0,1,1,1,2033:SHL Championship
CHAOS,LD,WHL,65,59,SHL,36,34,false,false,0,0,0,71,2,1,1,2039:SHL Championship
CHAOS,G,USHL,68,60,SHL,36,34,true,false,57,0,0,184,2,0,0,
CHAOS,RW,NCAA,68,61,SHL,36,34,true,false,311,92,41,69,2,1,1,2038:SHL Championship
CHAOS,C,OHL,68,62,SHL,36,34,true,false,76,9,21,69,2,0,0,
CHAOS,G,NCAA,68,60,SHL,36,34,true,false,60,0,0,186,2,0,0,
CHAOS,RW,OHL,69,61,SHL,36,34,true,false,398,117,50,70,2,0,0,
CHAOS,LW,USHL,70,64,SHL,36,34,true,false,480,154,104,69,2,1,1,2026:USHL Championship
CHAOS,RW,USHL,68,61,SHL,36,34,true,false,152,46,30,66,2,1,1,2030:AHL Championship
CHAOS,RW,OHL,65,58,SHL,36,34,false,false,0,0,0,65,2,3,3,2032:SHL Championship | 2041:SHL Championship | 2043:SHL Championship
CHAOS,RD,OHL,66,59,SHL,36,34,false,false,0,0,0,70,2,0,0,
CHAOS,RD,QMJHL,66,57,SHL,36,34,false,false,0,0,0,70,2,0,0,
CHAOS,RW,OHL,68,62,SHL,36,34,true,false,166,47,31,67,2,1,1,2043:SHL Championship
CHAOS,C,QMJHL,68,62,SHL,36,34,true,false,159,25,70,65,2,0,0,
CHAOS,RW,SHL,66,60,SHL,36,34,false,false,0,0,0,0,1,0,0,
CHAOS,G,USHL,68,60,SHL,36,34,true,false,67,0,0,125,2,2,2,2033:SHL Championship | 2039:SHL Championship
CHAOS,LD,NCAA,66,59,SHL,36,34,false,false,0,0,0,68,2,0,0,
CHAOS,RW,USHL,66,59,SHL,36,34,false,false,0,0,0,67,2,0,0,
CHAOS,LW,WHL,68,61,SHL,36,34,true,false,83,27,16,67,2,0,0,
CHAOS,RD,QMJHL,66,58,SHL,36,34,false,false,0,0,0,70,2,0,0,
CHAOS,LW,WHL,68,63,SHL,36,34,true,false,238,62,37,70,2,0,0,
CHAOS,LD,LIIGA,66,58,SHL,36,34,false,false,0,0,0,0,1,0,0,
CHAOS,LW,OHL,70,64,SHL,36,34,true,false,399,116,53,70,2,2,2,2030:AHL Championship | 2031:SHL Championship
CHAOS,LD,SHL,66,58,SHL,36,34,false,false,0,0,0,0,1,1,1,2032:SHL Championship
CHAOS,RW,LIIGA,66,60,SHL,36,34,false,false,0,0,0,0,1,3,3,2026:LIIGA Championship | 2031:SHL Championship | 2036:SHL Championship
CHAOS,C,OHL,69,63,SHL,36,34,true,false,323,41,128,69,2,1,1,2041:NHL Championship
CHAOS,LD,OHL,66,58,SHL,36,34,false,false,0,0,0,71,2,0,0,
CHAOS,RD,OHL,66,59,SHL,36,34,false,false,0,0,0,69,2,0,0,
CHAOS,LW,LIIGA,67,61,SHL,36,34,false,false,0,0,0,0,1,0,0,
CHAOS,LW,WHL,69,63,SHL,36,34,true,false,400,84,102,71,2,0,0,
CHAOS,RW,NCAA,67,62,SHL,36,34,false,false,0,0,0,66,2,0,0,
CHAOS,RW,WHL,68,61,SHL,36,34,true,false,81,27,15,70,2,1,1,2040:SHL Championship
CHAOS,G,WHL,69,61,SHL,36,34,true,false,64,0,0,182,2,0,0,
CHAOS,G,NCAA,68,59,SHL,36,34,false,false,0,0,0,127,2,0,0,
CHAOS,RW,USHL,67,61,SHL,36,34,false,false,0,0,0,66,2,1,1,2029:USHL Championship
CHAOS,LW,WHL,68,61,SHL,36,34,true,false,76,21,8,65,2,0,0,
CHAOS,RW,LIIGA,65,59,SHL,36,34,false,false,0,0,0,0,1,0,0,
CHAOS,RW,SHL,68,61,SHL,36,34,true,false,159,43,30,0,1,0,0,
CHAOS,LD,QMJHL,66,57,SHL,36,34,false,false,0,0,0,70,2,1,1,2039:SHL Championship
CHAOS,G,USHL,68,59,SHL,36,34,false,false,0,0,0,123,2,1,1,2038:SHL Championship
CHAOS,LW,WHL,70,63,SHL,36,34,true,false,473,138,101,70,2,1,1,2027:WHL Championship
CHAOS,LD,NCAA,66,60,SHL,36,34,false,false,0,0,0,66,2,1,1,2028:NCAA Championship
CHAOS,LW,OHL,67,61,SHL,36,34,false,false,0,0,0,71,2,1,1,2043:SHL Championship
CHAOS,RW,NCAA,69,62,SHL,36,34,true,false,317,73,58,66,2,0,0,
CHAOS,LW,LIIGA,67,60,SHL,36,34,false,false,0,0,0,0,1,0,0,
CHAOS,G,USHL,69,62,SHL,36,34,true,false,175,0,0,250,2,0,0,
CHAOS,C,QMJHL,68,60,SHL,36,34,true,false,159,15,69,69,2,1,1,2027:QMJHL Championship
CHAOS,RD,QMJHL,66,58,SHL,36,34,false,false,0,0,0,68,2,0,0,
CHAOS,C,QMJHL,66,60,SHL,36,34,false,false,0,0,0,70,2,1,1,2043:SHL Championship
CHAOS,C,QMJHL,69,62,SHL,36,34,true,false,318,48,124,67,2,0,0,
CHAOS,RD,NCAA,66,58,SHL,36,34,false,false,0,0,0,65,2,0,0,
CHAOS,G,QMJHL,68,60,SHL,36,34,true,false,61,0,0,129,2,1,1,2040:AHL Championship
CHAOS,RD,QMJHL,64,56,SHL,36,34,false,false,0,0,0,67,2,0,0,
CHAOS,RD,WHL,69,60,SHL,36,34,true,false,244,5,67,65,2,0,0,
CHAOS,LW,SHL,65,58,SHL,36,34,false,false,0,0,0,0,1,3,3,2030:SHL Championship | 2034:SHL Championship | 2035:SHL Championship
CHAOS,LW,NCAA,70,63,SHL,36,34,true,false,471,145,71,66,2,0,0,
CHAOS,LW,QMJHL,69,63,SHL,36,34,true,false,395,97,60,68,2,0,0,
CHAOS,RW,WHL,70,63,SHL,36,34,true,false,467,124,79,71,2,0,0,
CHAOS,RW,SHL,67,61,SHL,36,34,false,false,0,0,0,0,1,1,1,2034:SHL Championship
CHAOS,LW,QMJHL,70,64,SHL,36,34,true,false,393,122,62,67,2,0,0,
CHAOS,LD,SHL,65,56,SHL,36,34,false,false,0,0,0,0,1,0,0,
CHAOS,G,NCAA,71,63,SHL,36,34,true,false,68,0,0,437,2,1,1,2031:SHL Championship
CHAOS,RW,OHL,69,61,SHL,36,34,true,false,320,83,50,70,2,1,1,2026:OHL Championship
CHAOS,RD,USHL,67,60,SHL,36,34,false,false,0,0,0,66,2,0,0,
CHAOS,LW,USHL,69,62,SHL,36,34,true,false,325,91,55,67,2,1,1,2041:NHL Championship
CHAOS,RW,SHL,69,63,SHL,36,34,true,false,480,141,62,0,1,0,0,
CHAOS,C,LIIGA,68,61,SHL,36,34,true,false,158,25,73,0,1,2,2,2028:SHL Championship | 2041:NHL Championship
CHAOS,RD,NCAA,68,61,SHL,36,34,true,false,81,2,20,65,2,3,3,2028:NCAA Championship | 2031:SHL Championship | 2041:SHL Championship
CHAOS,C,NCAA,66,60,SHL,36,34,false,false,0,0,0,64,2,1,1,2028:NCAA Championship
CHAOS,G,LIIGA,68,60,SHL,36,34,false,false,0,0,0,62,1,1,1,2039:SHL Championship
CHAOS,LW,OHL,70,62,SHL,36,34,true,false,564,174,113,70,2,2,2,2031:SHL Championship | 2032:SHL Championship
CHAOS,LW,OHL,67,60,SHL,36,34,false,false,0,0,0,71,2,0,0,
CHAOS,RD,OHL,67,59,SHL,36,34,false,false,0,0,0,67,2,0,0,
CHAOS,RW,LIIGA,69,63,SHL,36,34,true,false,315,80,55,0,1,0,0,
CHAOS,RW,OHL,69,62,SHL,36,34,true,false,316,63,46,65,2,0,0,
CHAOS,LD,NCAA,66,59,SHL,36,34,false,false,0,0,0,67,2,1,1,2028:NCAA Championship
CHAOS,RW,USHL,68,62,SHL,36,34,true,false,158,42,30,68,2,0,0,
CHAOS,RD,QMJHL,66,57,SHL,36,34,false,false,0,0,0,67,2,0,0,
CHAOS,G,WHL,70,63,SHL,36,34,true,false,123,0,0,433,2,1,1,2036:AHL Championship
CHAOS,LW,QMJHL,69,62,SHL,36,34,true,false,321,59,54,69,2,0,0,
CHAOS,RW,LIIGA,70,64,SHL,36,34,true,false,479,159,58,0,1,0,0,
CHAOS,RD,USHL,66,59,SHL,36,34,false,false,0,0,0,70,2,3,3,2029:USHL Championship | 2037:SHL Championship | 2038:SHL Championship
CHAOS,G,SHL,69,62,SHL,36,34,true,false,125,0,0,193,1,1,1,2036:SHL Championship
CHAOS,LD,LIIGA,64,58,SHL,36,34,false,false,0,0,0,0,1,0,0,
CHAOS,G,SHL,67,60,SHL,36,34,false,false,0,0,0,0,1,2,2,2029:SHL Championship | 2030:SHL Championship
CHAOS,C,WHL,68,62,SHL,36,34,true,false,241,35,120,70,2,1,1,2032:SHL Championship
CHAOS,C,OHL,68,61,SHL,36,34,true,false,82,5,47,65,2,0,0,
CHAOS,LD,OHL,66,58,SHL,36,34,false,false,0,0,0,68,2,0,0,
CHAOS,G,USHL,68,61,SHL,36,34,false,false,0,0,0,197,2,0,0,
CHAOS,RD,OHL,65,57,SHL,36,34,false,false,0,0,0,71,2,1,1,2028:OHL Championship
CHAOS,LW,SHL,67,60,SHL,36,34,false,false,0,0,0,0,1,0,0,
CHAOS,RD,USHL,68,59,SHL,36,34,true,false,80,1,18,71,2,1,1,2032:SHL Championship
CHAOS,RD,NCAA,65,57,SHL,36,34,false,false,0,0,0,68,2,0,0,
CHAOS,C,USHL,69,62,SHL,36,34,true,false,397,57,160,66,2,0,0,
CHAOS,C,NCAA,69,62,SHL,36,34,true,false,325,73,112,64,2,0,0,
CHAOS,RD,LIIGA,67,59,SHL,36,34,false,false,0,0,0,0,1,1,1,2028:SHL Championship
CHAOS,LW,OHL,67,61,SHL,36,34,false,false,0,0,0,69,2,0,0,
CHAOS,G,OHL,66,59,SHL,36,34,false,false,0,0,0,67,2,0,0,
CHAOS,G,WHL,68,59,SHL,36,34,false,false,0,0,0,123,2,1,1,2036:SHL Championship
CHAOS,C,OHL,68,63,SHL,36,34,true,false,319,35,93,67,2,0,0,
CHAOS,C,USHL,69,62,SHL,36,34,true,false,323,48,134,70,2,2,2,2027:USHL Championship | 2032:SHL Championship
CHAOS,LW,QMJHL,68,61,SHL,36,34,true,false,162,41,31,65,2,1,1,2036:SHL Championship
CHAOS,LD,USHL,65,57,SHL,36,34,false,false,0,0,0,70,2,0,0,
CHAOS,G,SHL,67,58,SHL,36,34,false,false,0,0,0,0,1,1,1,2034:SHL Championship
CHAOS,RW,LIIGA,68,62,SHL,36,34,true,false,157,41,30,0,1,1,1,2041:NHL Championship
CHAOS,C,WHL,66,58,SHL,36,34,false,false,0,0,0,69,2,0,0,
CHAOS,RD,USHL,66,58,SHL,36,34,false,false,0,0,0,69,2,0,0,
CHAOS,RW,WHL,68,62,SHL,36,34,true,false,229,70,25,66,2,0,0,
CHAOS,G,LIIGA,69,60,SHL,36,34,true,false,58,0,0,133,1,0,0,
CHAOS,C,USHL,69,62,SHL,36,34,true,false,317,34,124,65,2,0,0,
CHAOS,LD,WHL,65,56,SHL,36,34,false,false,0,0,0,67,2,1,1,2035:SHL Championship
CHAOS,C,USHL,65,59,SHL,36,34,false,false,0,0,0,71,2,2,2,2030:AHL Championship | 2040:SHL Championship
CHAOS,RW,WHL,69,61,SHL,36,34,true,false,395,102,59,66,2,0,0,
CHAOS,RD,OHL,68,61,SHL,36,34,true,false,164,0,34,68,2,0,0,
CHAOS,LD,NCAA,64,57,SHL,36,34,false,false,0,0,0,65,2,0,0,
CHAOS,LD,NCAA,64,57,SHL,36,34,false,false,0,0,0,68,2,2,2,2032:SHL Championship | 2035:SHL Championship
CHAOS,RW,WHL,68,62,SHL,36,34,true,false,314,78,40,66,2,2,2,2028:WHL Championship | 2039:NHL Championship
CHAOS,RW,USHL,69,62,SHL,36,34,true,false,241,67,38,71,2,0,0,
CHAOS,RD,OHL,67,59,SHL,36,34,false,false,0,0,0,71,2,0,0,
CHAOS,LD,NCAA,65,58,SHL,36,34,false,false,0,0,0,71,2,0,0,
CHAOS,G,USHL,67,59,SHL,36,34,false,false,0,0,0,60,2,0,0,
CHAOS,RD,OHL,65,58,SHL,36,34,false,false,0,0,0,71,2,1,1,2041:SHL Championship
CHAOS,RW,OHL,71,64,SHL,36,34,true,false,554,149,126,71,2,0,0,
CHAOS,RD,QMJHL,67,60,SHL,36,34,false,false,0,0,0,65,2,0,0,
CHAOS,LW,WHL,66,60,SHL,36,34,false,false,0,0,0,65,2,0,0,
CHAOS,LD,SHL,66,59,SHL,36,34,false,false,0,0,0,0,1,0,0,
CHAOS,G,LIIGA,67,58,SHL,36,34,false,false,0,0,0,0,1,0,0,
CHAOS,LD,WHL,66,58,SHL,36,34,false,false,0,0,0,71,2,1,1,2042:SHL Championship
CHAOS,RW,WHL,70,63,SHL,36,34,true,false,391,117,71,68,2,2,2,2029:WHL Championship | 2041:NHL Championship
CHAOS,RD,WHL,66,58,SHL,36,34,false,false,0,0,0,70,2,0,0,
CHAOS,RD,SHL,66,59,SHL,36,34,false,false,0,0,0,0,1,2,2,2034:SHL Championship | 2042:SHL Championship
CHAOS,RD,QMJHL,66,59,SHL,36,34,false,false,0,0,0,67,2,1,1,2034:SHL Championship
CHAOS,RW,OHL,69,62,SHL,36,34,true,false,479,155,65,65,2,0,0,
CHAOS,G,NCAA,67,60,SHL,36,34,false,false,0,0,0,61,2,0,0,
CHAOS,LD,USHL,64,56,SHL,36,34,false,false,0,0,0,69,2,0,0,
CHAOS,G,QMJHL,67,59,SHL,36,34,false,false,0,0,0,58,2,1,1,2035:SHL Championship
CHAOS,C,WHL,69,62,SHL,36,34,true,false,389,61,139,65,2,0,0,
CHAOS,C,OHL,68,62,SHL,36,34,true,false,164,10,48,69,2,0,0,
CHAOS,RW,WHL,66,59,SHL,36,34,false,false,0,0,0,70,2,3,3,2027:WHL Championship | 2039:SHL Championship | 2043:SHL Championship
CHAOS,C,WHL,69,64,SHL,36,34,true,false,469,50,176,67,2,0,0,
CHAOS,C,USHL,69,63,SHL,36,34,true,false,323,39,150,67,2,0,0,
CHAOS,C,USHL,69,62,SHL,36,34,true,false,315,18,112,65,2,1,1,2035:SHL Championship
CHAOS,RD,NCAA,65,58,SHL,36,34,false,false,0,0,0,70,2,1,1,2027:NCAA Championship
CHAOS,LW,QMJHL,70,64,SHL,36,34,true,false,470,139,76,66,2,0,0,
CHAOS,LD,OHL,65,57,SHL,36,34,false,false,0,0,0,68,2,1,1,2040:SHL Championship
CHAOS,RD,OHL,67,60,SHL,36,34,false,false,0,0,0,70,2,1,1,2028:OHL Championship
CHAOS,G,OHL,68,60,SHL,36,34,false,false,0,0,0,182,2,1,1,2035:SHL Championship
CHAOS,RW,OHL,68,62,SHL,36,34,true,false,394,120,47,66,2,1,1,2029:OHL Championship
CHAOS,RW,OHL,66,61,SHL,36,34,false,false,0,0,0,66,2,3,3,2033:SHL Championship | 2040:SHL Championship | 2041:SHL Championship
CHAOS,G,WHL,70,63,SHL,36,34,true,false,60,0,0,318,2,0,0,
CHAOS,LW,LIIGA,68,62,SHL,36,34,true,false,155,40,27,0,1,1,1,2026:LIIGA Championship
CHAOS,LW,WHL,68,60,SHL,36,34,true,false,151,46,21,69,2,0,0,
CHAOS,LW,QMJHL,68,61,SHL,36,34,true,false,76,16,6,69,2,0,0,
CHAOS,LW,USHL,70,63,SHL,36,34,true,false,400,135,48,68,2,0,0,
CHAOS,G,QMJHL,70,63,SHL,36,34,true,false,118,0,0,321,2,2,2,2029:QMJHL Championship | 2038:AHL Championship
CHAOS,LW,QMJHL,67,61,SHL,36,34,false,false,0,0,0,67,2,1,1,2032:SHL Championship
CHAOS,C,SHL,68,62,SHL,36,34,true,false,158,17,68,0,1,2,2,2035:SHL Championship | 2037:SHL Championship
CHAOS,RD,SHL,65,58,SHL,36,34,false,false,0,0,0,0,1,1,1,2030:SHL Championship
CHAOS,C,SHL,67,61,SHL,36,34,false,false,0,0,0,0,1,1,1,2036:SHL Championship
CHAOS,G,SHL,70,62,SHL,36,34,false,false,0,0,0,379,1,1,1,2040:AHL Championship
CHAOS,RD,USHL,67,60,SHL,36,34,false,false,0,0,0,69,2,0,0,
CHAOS,LW,USHL,70,63,SHL,36,34,true,false,388,108,64,66,2,0,0,
CHAOS,LW,WHL,67,61,SHL,36,34,false,false,0,0,0,71,2,1,1,2035:SHL Championship
CHAOS,RD,OHL,67,59,SHL,36,34,false,false,0,0,0,66,2,1,1,2029:OHL Championship
CHAOS,C,NCAA,69,63,SHL,36,34,true,false,403,52,170,71,2,1,1,2028:NCAA Championship
CHAOS,RD,SHL,66,58,SHL,36,34,false,false,0,0,0,0,1,1,1,2032:SHL Championship
CHAOS,RD,USHL,66,59,SHL,36,34,false,false,0,0,0,66,2,0,0,
CHAOS,LD,OHL,65,58,SHL,36,34,false,false,0,0,0,70,2,0,0,
CHAOS,RW,SHL,66,60,SHL,36,34,false,false,0,0,0,0,1,0,0,
CHAOS,LW,LIIGA,67,61,SHL,36,34,false,false,0,0,0,0,1,1,1,2030:SHL Championship
CHAOS,C,USHL,66,59,SHL,36,34,false,false,0,0,0,70,2,1,1,2042:SHL Championship
CHAOS,RW,USHL,68,61,SHL,36,34,true,false,241,58,36,66,2,0,0,
CHAOS,RD,NCAA,65,57,SHL,36,34,false,false,0,0,0,66,2,2,2,2036:SHL Championship | 2043:SHL Championship
CHAOS,RW,WHL,68,61,SHL,36,34,true,false,163,42,18,67,2,1,1,2039:SHL Championship
CHAOS,LW,SHL,68,62,SHL,36,34,true,false,238,85,39,0,1,1,1,2041:NHL Championship
CHAOS,RD,OHL,66,58,SHL,36,34,false,false,0,0,0,66,2,0,0,
CHAOS,RD,SHL,65,59,SHL,36,34,false,false,0,0,0,0,1,1,1,2040:SHL Championship
CHAOS,G,NCAA,69,60,SHL,36,34,true,false,58,0,0,246,2,1,1,2041:AHL Championship
CHAOS,RW,USHL,70,64,NHL,36,34,true,false,549,166,91,64,2,0,0,
CHAOS,LD,NCAA,67,59,SHL,36,34,false,false,0,0,0,71,2,0,0,
CHAOS,LW,NCAA,69,62,SHL,36,34,true,false,231,70,38,66,2,0,0,
CHAOS,RW,NCAA,67,60,SHL,36,34,false,false,0,0,0,68,2,0,0,
CHAOS,C,SHL,67,61,SHL,36,34,false,false,0,0,0,0,1,0,0,
CHAOS,G,WHL,69,61,SHL,36,34,false,false,0,0,0,507,2,0,0,
CHAOS,LD,USHL,66,59,SHL,36,34,false,false,0,0,0,66,2,1,1,2028:USHL Championship
CHAOS,LD,NCAA,67,60,SHL,36,34,false,false,0,0,0,65,2,1,1,2032:SHL Championship
CHAOS,RW,NCAA,69,62,SHL,36,34,true,false,234,79,24,69,2,0,0,
CHAOS,RD,LIIGA,64,57,SHL,36,34,false,false,0,0,0,0,1,0,0,
CHAOS,RD,NCAA,65,58,SHL,36,34,false,false,0,0,0,69,2,2,2,2026:NCAA Championship | 2040:SHL Championship
CHAOS,RW,OHL,69,63,SHL,36,34,true,false,401,119,71,65,2,0,0,
CHAOS,LW,USHL,68,61,SHL,36,34,true,false,76,21,15,68,2,0,0,
CHAOS,RW,OHL,69,63,SHL,36,34,true,false,317,92,34,66,2,0,0,
CHAOS,RW,NCAA,69,63,SHL,36,34,true,false,316,112,50,71,2,1,1,2041:NHL Championship
CHAOS,RW,QMJHL,71,65,NHL,36,34,true,false,550,135,116,71,2,1,1,2036:SHL Championship
CHAOS,RD,SHL,67,60,SHL,36,34,false,false,0,0,0,0,1,1,1,2031:SHL Championship
CHAOS,C,LIIGA,68,62,SHL,36,34,true,false,239,34,70,0,1,1,1,2029:SHL Championship
CHAOS,G,NCAA,69,61,SHL,36,34,true,false,122,0,0,249,2,0,0,
CHAOS,RD,WHL,66,59,SHL,36,34,false,false,0,0,0,64,2,0,0,
CHAOS,RD,NCAA,65,59,SHL,36,34,false,false,0,0,0,65,2,0,0,
CHAOS,LD,OHL,66,58,SHL,36,34,false,false,0,0,0,66,2,1,1,2036:SHL Championship
CHAOS,LD,NCAA,65,57,SHL,36,34,false,false,0,0,0,70,2,2,2,2027:NCAA Championship | 2032:SHL Championship
CHAOS,C,SHL,67,59,SHL,36,34,false,false,0,0,0,0,1,0,0,
CHAOS,RW,OHL,68,61,SHL,36,34,true,false,77,19,14,71,2,0,0,
CHAOS,LW,OHL,69,62,SHL,36,34,true,false,315,95,42,69,2,0,0,
CHAOS,LW,QMJHL,69,62,SHL,36,34,true,false,314,78,51,71,2,0,0,
CHAOS,G,OHL,69,61,SHL,36,34,false,false,0,0,0,376,2,1,1,2031:SHL Championship
CHAOS,G,WHL,70,63,SHL,36,34,false,false,0,0,0,371,2,1,1,2026:WHL Championship
CHAOS,G,SHL,67,60,SHL,36,34,false,false,0,0,0,0,1,1,1,2032:SHL Championship
CHAOS,C,NCAA,69,63,SHL,36,34,true,false,315,35,124,68,2,1,1,2036:SHL Championship
CHAOS,RD,OHL,68,61,SHL,36,34,true,false,311,11,79,65,2,1,1,2036:SHL Championship
CHAOS,G,QMJHL,69,61,SHL,36,34,true,false,62,0,0,368,2,2,2,2037:AHL Championship | 2043:SHL Championship
CHAOS,G,SHL,66,58,SHL,36,34,false,false,0,0,0,0,1,0,0,
CHAOS,LW,SHL,64,57,SHL,36,34,false,false,0,0,0,0,1,0,0,
CHAOS,RD,OHL,68,60,SHL,36,34,true,false,161,3,29,65,2,2,2,2030:AHL Championship | 2032:SHL Championship
CHAOS,LW,NCAA,68,61,SHL,36,34,true,false,158,39,27,70,2,0,0,
CHAOS,LD,NCAA,68,62,SHL,36,34,true,false,238,4,52,71,2,0,0,
CHAOS,LD,LIIGA,67,60,SHL,36,34,false,false,0,0,0,0,1,1,1,2043:SHL Championship
CHAOS,LD,SHL,67,61,SHL,36,34,false,false,0,0,0,0,1,0,0,
CHAOS,RW,USHL,68,62,SHL,36,34,true,false,247,59,47,67,2,1,1,2032:SHL Championship
CHAOS,LD,QMJHL,66,59,SHL,36,34,false,false,0,0,0,67,2,0,0,
CHAOS,G,OHL,70,61,SHL,36,34,true,false,64,0,0,380,2,1,1,2027:OHL Championship
CHAOS,LW,OHL,67,61,SHL,36,34,false,false,0,0,0,66,2,0,0,
CHAOS,LD,USHL,67,60,SHL,36,34,false,false,0,0,0,69,2,1,1,2028:USHL Championship
CHAOS,RW,NCAA,67,62,SHL,36,34,false,false,0,0,0,69,2,2,2,2028:NCAA Championship | 2030:AHL Championship
CHAOS,G,QMJHL,68,60,SHL,36,34,false,false,0,0,0,183,2,0,0,
CHAOS,LW,LIIGA,67,60,SHL,36,34,false,false,0,0,0,0,1,2,2,2029:SHL Championship | 2033:SHL Championship
CHAOS,G,SHL,68,61,SHL,36,34,false,false,0,0,0,189,1,0,0,
CHAOS,RD,SHL,67,60,SHL,36,34,false,false,0,0,0,0,1,2,2,2032:SHL Championship | 2043:SHL Championship
CHAOS,RW,USHL,70,63,SHL,36,34,true,false,395,113,62,70,2,3,3,2034:SHL Championship | 2036:SHL Championship | 2039:NHL Championship
CHAOS,G,NCAA,68,61,SHL,36,34,true,false,58,0,0,120,2,1,1,2030:AHL Championship
CHAOS,LD,USHL,64,56,SHL,36,34,false,false,0,0,0,69,2,0,0,
CHAOS,G,OHL,68,62,SHL,36,34,false,false,0,0,0,188,2,1,1,2034:SHL Championship
CHAOS,RW,WHL,70,64,SHL,36,34,true,false,559,178,80,69,2,1,1,2039:NHL Championship
CHAOS,G,LIIGA,68,60,SHL,36,34,true,false,119,0,0,67,1,1,1,2028:SHL Championship
CHAOS,C,LIIGA,66,59,SHL,36,34,false,false,0,0,0,0,1,0,0,
CHAOS,G,USHL,68,60,SHL,36,34,false,false,0,0,0,255,2,1,1,2031:SHL Championship
CHAOS,G,OHL,66,60,SHL,36,34,false,false,0,0,0,59,2,2,2,2031:SHL Championship | 2039:SHL Championship
CHAOS,LD,NCAA,65,57,SHL,36,34,false,false,0,0,0,65,2,1,1,2042:SHL Championship
CHAOS,G,WHL,71,62,SHL,36,34,true,false,68,0,0,441,2,0,0,
CHAOS,RD,OHL,65,58,SHL,36,34,false,false,0,0,0,70,2,1,1,2032:SHL Championship
CHAOS,LW,SHL,67,60,SHL,36,34,false,false,0,0,0,0,1,0,0,
CHAOS,LD,USHL,65,59,SHL,36,34,false,false,0,0,0,66,2,1,1,2034:SHL Championship
CHAOS,G,LIIGA,67,60,SHL,36,34,false,false,0,0,0,0,1,0,0,
CHAOS,C,SHL,67,61,SHL,36,34,false,false,0,0,0,0,1,1,1,2028:SHL Championship
CHAOS,LD,SHL,65,58,SHL,36,34,false,false,0,0,0,0,1,1,1,2040:SHL Championship
CHAOS,C,WHL,67,60,SHL,36,34,false,false,0,0,0,70,2,0,0,
CHAOS,RD,NCAA,64,56,SHL,36,34,false,false,0,0,0,71,2,1,1,2026:NCAA Championship
CHAOS,LD,WHL,67,59,SHL,36,34,false,false,0,0,0,65,2,0,0,
CHAOS,LW,USHL,65,59,SHL,36,34,false,false,0,0,0,67,2,1,1,2039:SHL Championship
CHAOS,LD,SHL,66,59,SHL,36,34,false,false,0,0,0,0,1,0,0,
CHAOS,RD,SHL,66,58,SHL,36,34,false,false,0,0,0,0,1,0,0,
CHAOS,C,WHL,69,63,SHL,36,34,true,false,391,56,199,68,2,0,0,
CHAOS,LD,QMJHL,65,58,SHL,36,34,false,false,0,0,0,65,2,0,0,
CHAOS,RW,LIIGA,66,59,SHL,36,34,false,false,0,0,0,0,1,2,2,2029:SHL Championship | 2042:SHL Championship
CHAOS,LD,SHL,65,58,SHL,36,34,false,false,0,0,0,0,1,1,1,2042:SHL Championship
CHAOS,C,NCAA,68,61,SHL,36,34,true,false,237,12,91,65,2,1,1,2027:NCAA Championship
CHAOS,LW,NCAA,70,64,SHL,36,34,true,false,469,135,76,68,2,2,2,2026:NCAA Championship | 2038:NHL Championship
CHAOS,LW,NCAA,69,62,SHL,36,34,true,false,400,137,62,71,2,1,1,2030:AHL Championship
CHAOS,LW,WHL,69,63,SHL,36,34,true,false,403,101,96,65,2,1,1,2039:NHL Championship
CHAOS,LW,SHL,68,61,SHL,36,34,true,false,82,16,15,0,1,0,0,
CHAOS,G,OHL,68,60,SHL,36,34,false,false,0,0,0,190,2,0,0,
CHAOS,RD,USHL,65,58,SHL,36,34,false,false,0,0,0,71,2,0,0,
CHAOS,RW,WHL,65,59,SHL,36,34,false,false,0,0,0,64,2,1,1,2041:SHL Championship
CHAOS,LD,QMJHL,67,60,SHL,36,34,false,false,0,0,0,70,2,1,1,2041:SHL Championship
CHAOS,LD,QMJHL,64,56,SHL,36,34,false,false,0,0,0,67,2,0,0,
CHAOS,C,OHL,69,62,SHL,36,34,true,false,467,57,169,67,2,1,1,2030:AHL Championship
CHAOS,RD,WHL,66,57,SHL,36,34,false,false,0,0,0,65,2,0,0,
CHAOS,RD,SHL,64,56,SHL,36,34,false,false,0,0,0,0,1,0,0,
CHAOS,RW,LIIGA,68,61,SHL,36,34,true,false,79,14,8,0,1,1,1,2026:LIIGA Championship
CHAOS,RD,WHL,66,59,SHL,36,34,false,false,0,0,0,67,2,1,1,2039:SHL Championship
CHAOS,LD,OHL,64,58,SHL,36,34,false,false,0,0,0,65,2,0,0,
CHAOS,LW,WHL,70,64,SHL,36,34,true,false,395,112,79,67,2,1,1,2040:NHL Championship
CHAOS,LW,SHL,67,60,SHL,36,34,false,false,0,0,0,0,1,0,0,
CHAOS,LW,SHL,67,61,SHL,36,34,false,false,0,0,0,0,1,0,0,
CHAOS,LD,WHL,66,59,SHL,36,34,false,false,0,0,0,67,2,0,0,
CHAOS,C,SHL,63,57,SHL,36,34,false,false,0,0,0,0,1,1,1,2040:SHL Championship
CHAOS,G,SHL,68,61,SHL,36,34,true,false,66,0,0,188,1,0,0,
CHAOS,RW,OHL,66,60,SHL,36,34,false,false,0,0,0,70,2,0,0,
CHAOS,RW,NCAA,68,61,SHL,36,34,true,false,162,47,18,68,2,0,0,
CHAOS,G,SHL,68,60,SHL,36,34,false,false,0,0,0,62,1,0,0,
CHAOS,LD,NCAA,65,57,SHL,36,34,false,false,0,0,0,69,2,0,0,
CHAOS,LW,NCAA,68,61,SHL,36,34,true,false,236,72,35,71,2,1,1,2034:SHL Championship
CHAOS,LW,SHL,67,60,SHL,36,34,false,false,0,0,0,0,1,0,0,
CHAOS,RW,LIIGA,69,63,SHL,36,34,true,false,313,84,40,0,1,1,1,2033:SHL Championship
CHAOS,G,OHL,68,61,SHL,36,34,true,false,67,0,0,190,2,0,0,
CHAOS,LW,USHL,69,63,SHL,36,34,true,false,318,99,35,67,2,0,0,
CHAOS,LD,SHL,64,58,SHL,36,34,false,false,0,0,0,0,1,2,2,2033:SHL Championship | 2039:SHL Championship
CHAOS,RD,WHL,68,61,SHL,36,34,true,false,242,0,50,71,2,2,2,2031:SHL Championship | 2042:SHL Championship
CHAOS,G,QMJHL,68,60,SHL,36,34,false,false,0,0,0,183,2,0,0,
CHAOS,RW,USHL,71,65,NHL,36,34,true,false,641,214,120,69,2,0,0,
CHAOS,LW,USHL,69,63,SHL,36,34,true,false,467,106,70,71,2,0,0,
CHAOS,LD,NCAA,68,60,SHL,36,34,true,false,237,3,55,68,2,0,0,
CHAOS,LD,WHL,66,58,SHL,36,34,false,false,0,0,0,65,2,1,1,2032:SHL Championship
CHAOS,C,LIIGA,68,61,SHL,36,34,true,false,82,14,39,0,1,0,0,
CHAOS,LW,SHL,68,61,SHL,36,34,true,false,78,15,9,0,1,0,0,
CHAOS,RW,USHL,70,64,SHL,36,34,true,false,477,162,90,69,2,1,1,2040:NHL Championship
CHAOS,RD,OHL,68,60,SHL,36,34,true,false,75,0,11,69,2,1,1,2035:SHL Championship
CHAOS,C,WHL,69,63,SHL,36,34,true,false,476,50,192,69,2,0,0,
CHAOS,RW,WHL,67,61,SHL,36,34,false,false,0,0,0,68,2,2,2,2032:SHL Championship | 2040:SHL Championship
CHAOS,G,USHL,70,63,SHL,36,34,true,false,189,0,0,309,2,0,0,
CHAOS,RW,WHL,70,64,NHL,36,34,true,false,563,166,110,69,2,2,2,2030:AHL Championship | 2043:NHL Championship
CHAOS,G,NCAA,70,61,SHL,36,34,true,false,127,0,0,246,2,2,2,2037:SHL Championship | 2039:AHL Championship
CHAOS,G,LIIGA,68,61,SHL,36,34,false,false,0,0,0,195,1,0,0,
CHAOS,LW,SHL,69,63,SHL,36,34,true,false,312,83,36,0,1,0,0,
CHAOS,RD,USHL,65,58,SHL,36,34,false,false,0,0,0,66,2,0,0,
CHAOS,G,USHL,67,59,SHL,36,34,false,false,0,0,0,59,2,1,1,2031:SHL Championship
CHAOS,C,USHL,68,62,SHL,36,34,true,false,156,21,44,71,2,1,1,2027:USHL Championship
CHAOS,LW,QMJHL,67,59,SHL,36,34,false,false,0,0,0,70,2,2,2,2036:SHL Championship | 2040:SHL Championship
CHAOS,RW,LIIGA,67,60,SHL,36,34,false,false,0,0,0,0,1,0,0,
CHAOS,RW,USHL,68,61,SHL,36,34,true,false,83,25,13,68,2,0,0,
CHAOS,RW,OHL,67,61,SHL,36,34,false,false,0,0,0,71,2,0,0,
CHAOS,C,USHL,69,62,SHL,36,34,true,false,323,42,131,65,2,1,1,2026:USHL Championship
CHAOS,G,SHL,68,61,SHL,36,34,false,false,0,0,0,125,1,0,0,
CHAOS,LD,SHL,66,58,SHL,36,34,false,false,0,0,0,0,1,0,0,
CHAOS,G,SHL,67,59,SHL,36,34,false,false,0,0,0,0,1,0,0,
CHAOS,RW,NCAA,67,61,SHL,36,34,false,false,0,0,0,70,2,0,0,
CHAOS,RD,QMJHL,65,58,SHL,36,34,false,false,0,0,0,71,2,1,1,2042:SHL Championship
CHAOS,RD,SHL,65,58,SHL,36,34,false,false,0,0,0,0,1,0,0,
CHAOS,C,SHL,66,60,SHL,36,34,false,false,0,0,0,0,1,0,0,
CHAOS,LD,WHL,66,59,SHL,36,34,false,false,0,0,0,67,2,1,1,2043:SHL Championship
CHAOS,C,USHL,70,64,SHL,36,34,true,false,389,68,127,71,2,0,0,
CHAOS,RD,OHL,67,60,SHL,36,34,false,false,0,0,0,68,2,0,0,
CHAOS,LW,NCAA,69,62,SHL,36,34,true,false,395,114,56,68,2,0,0,
CHAOS,C,QMJHL,71,66,NHL,36,34,true,false,637,143,263,71,2,1,1,2041:NHL Championship
CHAOS,RD,OHL,69,62,SHL,36,34,true,false,402,1,93,65,2,0,0,
CHAOS,C,SHL,69,63,SHL,36,34,true,false,314,50,119,0,1,0,0,
CHAOS,RW,WHL,70,65,NHL,36,34,true,false,475,135,75,67,2,0,0,
CHAOS,C,WHL,69,62,SHL,36,34,true,false,392,79,141,69,2,0,0,
CHAOS,LW,USHL,68,62,SHL,36,34,true,false,154,38,23,65,2,0,0,
CHAOS,RD,USHL,66,59,SHL,36,34,false,false,0,0,0,69,2,1,1,2040:SHL Championship
CHAOS,LW,USHL,70,64,NHL,36,34,true,false,558,149,113,66,2,1,1,2038:NHL Championship
CHAOS,RW,OHL,68,62,SHL,36,34,true,false,154,34,15,65,2,1,1,2029:OHL Championship
CHAOS,C,QMJHL,69,64,SHL,36,34,true,false,402,53,171,64,2,0,0,
CHAOS,G,LIIGA,69,61,SHL,36,34,true,false,63,0,0,186,1,0,0,
CHAOS,RD,OHL,67,59,SHL,36,34,false,false,0,0,0,71,2,2,2,2028:OHL Championship | 2032:SHL Championship
CHAOS,G,OHL,68,61,SHL,36,34,true,false,67,0,0,195,2,1,1,2029:OHL Championship
CHAOS,LD,NCAA,66,60,SHL,36,34,false,false,0,0,0,71,2,0,0,
CHAOS,LD,QMJHL,65,57,SHL,36,34,false,false,0,0,0,71,2,0,0,
CHAOS,LD,NCAA,67,59,SHL,36,34,false,false,0,0,0,70,2,0,0,
CHAOS,C,NCAA,65,59,SHL,36,34,false,false,0,0,0,68,2,1,1,2036:SHL Championship
CHAOS,RD,LIIGA,67,58,SHL,36,34,false,false,0,0,0,0,1,1,1,2026:LIIGA Championship
CHAOS,C,USHL,69,63,SHL,36,34,true,false,320,49,146,69,2,0,0,
CHAOS,G,LIIGA,68,59,SHL,36,34,true,false,63,0,0,0,1,0,0,
CHAOS,LD,NCAA,66,58,SHL,36,34,false,false,0,0,0,65,2,1,1,2036:SHL Championship
CHAOS,C,OHL,68,62,SHL,36,34,true,false,238,25,89,66,2,1,1,2040:NHL Championship
CHAOS,LD,QMJHL,66,59,SHL,36,34,false,false,0,0,0,68,2,0,0,
CHAOS,LD,OHL,66,60,SHL,36,34,false,false,0,0,0,71,2,0,0,
CHAOS,RD,QMJHL,65,58,SHL,36,34,false,false,0,0,0,66,2,0,0,
CHAOS,RD,USHL,67,60,SHL,36,34,false,false,0,0,0,70,2,1,1,2028:USHL Championship
CHAOS,RW,LIIGA,69,63,SHL,36,34,true,false,322,113,42,0,1,1,1,2032:SHL Championship
CHAOS,LW,LIIGA,66,60,SHL,36,34,false,false,0,0,0,0,1,0,0,
CHAOS,G,SHL,68,60,SHL,36,34,false,false,0,0,0,118,1,1,1,2038:SHL Championship
CHAOS,LW,USHL,67,60,SHL,36,34,false,false,0,0,0,67,2,0,0,
CHAOS,G,WHL,66,58,SHL,36,34,false,false,0,0,0,60,2,0,0,