strategy,peakOvr,finalLeague,nhlGames,championships,individualAwards,retirementAge,careerEarnings,wasDemoted,hitUFA
OPTIMIZER,282,,77,0,0,17,0,false,false
OPTIMIZER,268,,75,0,0,17,0,false,false
OPTIMIZER,311,,72,0,0,17,0,false,false
OPTIMIZER,253,,64,0,0,17,0,false,false
OPTIMIZER,291,,75,0,0,17,0,false,false
OPTIMIZER,264,,66,0,0,17,0,false,false
OPTIMIZER,263,,72,0,0,17,0,false,false
OPTIMIZER,309,,70,0,0,17,0,false,false
OPTIMIZER,270,,71,0,0,17,0,false,false
OPTIMIZER,294,,69,0,0,17,0,false,false
OPTIMIZER,277,,71,0,0,17,0,false,false
OPTIMIZER,252,,63,0,0,17,0,false,false
OPTIMIZER,300,,75,0,0,17,0,false,false
OPTIMIZER,312,,68,0,0,17,0,false,false
OPTIMIZER,303,,61,0,0,17,0,false,false
OPTIMIZER,296,,75,0,0,17,0,false,false
OPTIMIZER,296,,64,0,0,17,0,false,false
OPTIMIZER,326,,68,0,0,17,0,false,false
OPTIMIZER,257,,67,0,0,17,0,false,false
OPTIMIZER,335,,66,0,0,17,0,false,false
OPTIMIZER,346,,76,0,0,17,0,false,false
OPTIMIZER,285,,68,0,0,17,0,false,false
OPTIMIZER,286,,66,0,0,17,0,false,false
OPTIMIZER,289,,77,0,0,17,0,false,false
OPTIMIZER,303,,69,0,0,17,0,false,false
OPTIMIZER,292,,67,0,0,17,0,false,false
OPTIMIZER,300,,65,0,0,17,0,false,false
OPTIMIZER,307,,69,0,0,17,0,false,false
OPTIMIZER,283,,68,0,0,17,0,false,false
OPTIMIZER,268,,76,0,0,17,0,false,false
OPTIMIZER,257,,62,0,0,17,0,false,false
OPTIMIZER,264,,66,0,0,17,0,false,false
OPTIMIZER,311,,76,0,0,17,0,false,false
OPTIMIZER,310,,67,0,0,17,0,false,false
OPTIMIZER,281,,62,0,0,17,0,false,false
OPTIMIZER,304,,72,0,0,17,0,false,false
OPTIMIZER,272,,77,0,0,17,0,false,false
OPTIMIZER,305,,65,0,0,17,0,false,false
OPTIMIZER,288,,68,0,0,17,0,false,false
OPTIMIZER,261,,75,0,0,17,0,false,false
OPTIMIZER,307,,64,0,0,17,0,false,false
OPTIMIZER,263,,72,0,0,17,0,false,false
OPTIMIZER,245,,67,0,0,17,0,false,false
OPTIMIZER,265,,75,0,0,17,0,false,false
OPTIMIZER,303,,73,0,0,17,0,false,false
OPTIMIZER,248,,66,0,0,17,0,false,false
OPTIMIZER,296,,62,0,0,17,0,false,false
OPTIMIZER,280,,73,0,0,17,0,false,false
OPTIMIZER,311,,64,0,0,17,0,false,false
OPTIMIZER,260,,61,0,0,17,0,false,false
OPTIMIZER,275,,72,0,0,17,0,false,false
OPTIMIZER,294,,70,0,0,17,0,false,false
OPTIMIZER,295,,74,0,0,17,0,false,false
OPTIMIZER,301,,65,0,0,17,0,false,false
OPTIMIZER,302,,76,0,0,17,0,false,false
OPTIMIZER,330,,64,0,0,17,0,false,false
OPTIMIZER,296,,74,0,0,17,0,false,false
OPTIMIZER,285,,66,0,0,17,0,false,false
OPTIMIZER,271,,61,0,0,17,0,false,false
OPTIMIZER,300,,75,0,0,17,0,false,false
OPTIMIZER,315,,76,0,0,17,0,false,false
OPTIMIZER,301,,72,0,0,17,0,false,false
OPTIMIZER,300,,73,0,0,17,0,false,false
OPTIMIZER,305,,76,0,0,17,0,false,false
OPTIMIZER,279,,73,0,0,17,0,false,false
OPTIMIZER,308,,71,0,0,17,0,false,false
OPTIMIZER,260,,64,0,0,17,0,false,false
OPTIMIZER,303,,69,0,0,17,0,false,false
OPTIMIZER,269,,72,0,0,17,0,false,false
OPTIMIZER,294,,71,0,0,17,0,false,false
OPTIMIZER,273,,71,0,0,17,0,false,false
OPTIMIZER,317,,70,0,0,17,0,false,false
OPTIMIZER,272,,72,0,0,17,0,false,false
OPTIMIZER,275,,65,0,0,17,0,false,false
OPTIMIZER,294,,77,0,0,17,0,false,false
OPTIMIZER,291,,72,0,0,17,0,false,false
OPTIMIZER,283,,77,0,0,17,0,false,false
OPTIMIZER,288,,77,0,0,17,0,false,false
OPTIMIZER,279,,76,0,0,17,0,false,false
OPTIMIZER,309,,71,0,0,17,0,false,false
OPTIMIZER,280,,71,0,0,17,0,false,false
OPTIMIZER,242,,62,0,0,17,0,false,false
OPTIMIZER,287,,76,0,0,17,0,false,false
OPTIMIZER,278,,74,0,0,17,0,false,false
OPTIMIZER,373,,72,0,0,17,0,false,false
OPTIMIZER,296,,69,0,0,17,0,false,false
OPTIMIZER,277,,71,0,0,17,0,false,false
OPTIMIZER,281,,65,0,0,17,0,false,false
OPTIMIZER,287,,70,0,0,17,0,false,false
OPTIMIZER,309,,70,0,0,17,0,false,false
OPTIMIZER,291,,71,0,0,17,0,false,false
OPTIMIZER,294,,73,0,0,17,0,false,false
OPTIMIZER,274,,77,0,0,17,0,false,false
OPTIMIZER,306,,62,0,0,17,0,false,false
OPTIMIZER,265,,62,0,0,17,0,false,false
OPTIMIZER,284,,76,0,0,17,0,false,false
OPTIMIZER,285,,77,0,0,17,0,false,false
OPTIMIZER,273,,77,0,0,17,0,false,false
OPTIMIZER,274,,66,0,0,17,0,false,false
OPTIMIZER,321,,73,0,0,17,0,false,false
OPTIMIZER,265,,61,0,0,17,0,false,false
OPTIMIZER,299,,64,0,0,17,0,false,false
OPTIMIZER,274,,73,0,0,17,0,false,false
OPTIMIZER,310,,67,0,0,17,0,false,false
OPTIMIZER,278,,64,0,0,17,0,false,false
OPTIMIZER,271,,71,0,0,17,0,false,false
OPTIMIZER,277,,62,0,0,17,0,false,false
OPTIMIZER,290,,66,0,0,17,0,false,false
OPTIMIZER,272,,77,0,0,17,0,false,false
OPTIMIZER,243,,66,0,0,17,0,false,false
OPTIMIZER,237,,70,0,0,17,0,false,false
OPTIMIZER,278,,62,0,0,17,0,false,false
OPTIMIZER,300,,66,0,0,17,0,false,false
OPTIMIZER,305,,66,0,0,17,0,false,false
OPTIMIZER,272,,76,0,0,17,0,false,false
OPTIMIZER,274,,69,0,0,17,0,false,false
OPTIMIZER,294,,65,0,0,17,0,false,false
OPTIMIZER,311,,72,0,0,17,0,false,false
OPTIMIZER,278,,68,0,0,17,0,false,false
OPTIMIZER,323,,73,0,0,17,0,false,false
OPTIMIZER,280,,74,0,0,17,0,false,false
OPTIMIZER,290,,69,0,0,17,0,false,false
OPTIMIZER,283,,76,0,0,17,0,false,false
OPTIMIZER,306,,74,0,0,17,0,false,false
OPTIMIZER,277,,64,0,0,17,0,false,false
OPTIMIZER,274,,74,0,0,17,0,false,false
OPTIMIZER,277,,63,0,0,17,0,false,false
OPTIMIZER,303,,74,0,0,17,0,false,false
OPTIMIZER,308,,73,0,0,17,0,false,false
OPTIMIZER,317,,62,0,0,17,0,false,false
OPTIMIZER,306,,71,0,0,17,0,false,false
OPTIMIZER,287,,62,0,0,17,0,false,false
OPTIMIZER,276,,62,0,0,17,0,false,false
OPTIMIZER,310,,73,0,0,17,0,false,false
OPTIMIZER,277,,71,0,0,17,0,false,false
OPTIMIZER,290,,77,0,0,17,0,false,false
OPTIMIZER,299,,74,0,0,17,0,false,false
OPTIMIZER,292,,64,0,0,17,0,false,false
OPTIMIZER,318,,69,0,0,17,0,false,false
OPTIMIZER,255,,62,0,0,17,0,false,false
OPTIMIZER,300,,71,0,0,17,0,false,false
OPTIMIZER,275,,71,0,0,17,0,false,false
OPTIMIZER,267,,65,0,0,17,0,false,false
OPTIMIZER,289,,68,0,0,17,0,false,false
OPTIMIZER,337,,63,0,0,17,0,false,false
OPTIMIZER,288,,73,0,0,17,0,false,false
OPTIMIZER,280,,64,0,0,17,0,false,false
OPTIMIZER,293,,64,0,0,17,0,false,false
OPTIMIZER,316,,76,0,0,17,0,false,false
OPTIMIZER,280,,74,0,0,17,0,false,false
OPTIMIZER,312,,63,0,0,17,0,false,false
OPTIMIZER,327,,76,0,0,17,0,false,false
OPTIMIZER,291,,62,0,0,17,0,false,false
OPTIMIZER,316,,63,0,0,17,0,false,false
OPTIMIZER,260,,70,0,0,17,0,false,false
OPTIMIZER,284,,76,0,0,17,0,false,false
OPTIMIZER,281,,77,0,0,17,0,false,false
OPTIMIZER,266,,63,0,0,17,0,false,false
OPTIMIZER,252,,62,0,0,17,0,false,false
OPTIMIZER,289,,77,0,0,17,0,false,false
OPTIMIZER,291,,64,0,0,17,0,false,false
OPTIMIZER,281,,71,0,0,17,0,false,false
OPTIMIZER,262,,76,0,0,17,0,false,false
OPTIMIZER,316,,68,0,0,17,0,false,false
OPTIMIZER,293,,73,0,0,17,0,false,false
OPTIMIZER,291,,63,0,0,17,0,false,false
OPTIMIZER,277,,67,0,0,17,0,false,false
OPTIMIZER,299,,73,0,0,17,0,false,false
OPTIMIZER,305,,75,0,0,17,0,false,false
OPTIMIZER,285,,72,0,0,17,0,false,false
OPTIMIZER,275,,65,0,0,17,0,false,false
OPTIMIZER,264,,75,0,0,17,0,false,false
OPTIMIZER,276,,70,0,0,17,0,false,false
OPTIMIZER,264,,76,0,0,17,0,false,false
OPTIMIZER,266,,62,0,0,17,0,false,false
OPTIMIZER,288,,74,0,0,17,0,false,false
OPTIMIZER,265,,68,0,0,17,0,false,false
OPTIMIZER,278,,68,0,0,17,0,false,false
OPTIMIZER,259,,73,0,0,17,0,false,false
OPTIMIZER,341,,73,0,0,17,0,false,false
OPTIMIZER,289,,61,0,0,17,0,false,false
OPTIMIZER,287,,73,0,0,17,0,false,false
OPTIMIZER,283,,62,0,0,17,0,false,false
OPTIMIZER,294,,72,0,0,17,0,false,false
OPTIMIZER,256,,73,0,0,17,0,false,false
OPTIMIZER,273,,67,0,0,17,0,false,false
OPTIMIZER,284,,77,0,0,17,0,false,false
OPTIMIZER,263,,66,0,0,17,0,false,false
OPTIMIZER,263,,75,0,0,17,0,false,false
OPTIMIZER,276,,68,0,0,17,0,false,false
OPTIMIZER,289,,68,0,0,17,0,false,false
OPTIMIZER,279,,64,0,0,17,0,false,false
OPTIMIZER,316,,62,0,0,17,0,false,false
OPTIMIZER,270,,65,0,0,17,0,false,false
OPTIMIZER,270,,69,0,0,17,0,false,false
OPTIMIZER,240,,69,0,0,17,0,false,false
OPTIMIZER,318,,75,0,0,17,0,false,false
OPTIMIZER,295,,73,0,0,17,0,false,false
OPTIMIZER,303,,73,0,0,17,0,false,false
OPTIMIZER,286,,64,0,0,17,0,false,false
OPTIMIZER,239,,62,0,0,17,0,false,false
OPTIMIZER,264,,74,0,0,17,0,false,false
OPTIMIZER,272,,63,0,0,17,0,false,false
OPTIMIZER,296,,67,0,0,17,0,false,false
OPTIMIZER,248,,75,0,0,17,0,false,false
OPTIMIZER,260,,76,0,0,17,0,false,false
OPTIMIZER,255,,64,0,0,17,0,false,false
OPTIMIZER,256,,72,0,0,17,0,false,false
OPTIMIZER,270,,63,0,0,17,0,false,false
OPTIMIZER,292,,70,0,0,17,0,false,false
OPTIMIZER,260,,69,0,0,17,0,false,false
OPTIMIZER,268,,66,0,0,17,0,false,false
OPTIMIZER,278,,68,0,0,17,0,false,false
OPTIMIZER,278,,70,0,0,17,0,false,false
OPTIMIZER,285,,68,0,0,17,0,false,false
OPTIMIZER,288,,72,0,0,17,0,false,false
OPTIMIZER,305,,65,0,0,17,0,false,false
OPTIMIZER,295,,65,0,0,17,0,false,false
OPTIMIZER,275,,74,0,0,17,0,false,false
OPTIMIZER,317,,67,0,0,17,0,false,false
OPTIMIZER,283,,67,0,0,17,0,false,false
OPTIMIZER,259,,70,0,0,17,0,false,false
OPTIMIZER,304,,77,0,0,17,0,false,false
OPTIMIZER,316,,69,0,0,17,0,false,false
OPTIMIZER,311,,70,0,0,17,0,false,false
OPTIMIZER,279,,71,0,0,17,0,false,false
OPTIMIZER,255,,69,0,0,17,0,false,false
OPTIMIZER,272,,68,0,0,17,0,false,false
OPTIMIZER,298,,76,0,0,17,0,false,false
OPTIMIZER,278,,71,0,0,17,0,false,false
OPTIMIZER,309,,71,0,0,17,0,false,false
OPTIMIZER,328,,75,0,0,17,0,false,false
OPTIMIZER,266,,69,0,0,17,0,false,false
OPTIMIZER,272,,73,0,0,17,0,false,false
OPTIMIZER,300,,64,0,0,17,0,false,false
OPTIMIZER,321,,74,0,0,17,0,false,false
OPTIMIZER,305,,73,0,0,17,0,false,false
OPTIMIZER,288,,65,0,0,17,0,false,false
OPTIMIZER,254,,75,0,0,17,0,false,false
OPTIMIZER,255,,77,0,0,17,0,false,false
OPTIMIZER,313,,64,0,0,17,0,false,false
OPTIMIZER,330,,68,0,0,17,0,false,false
OPTIMIZER,292,,62,0,0,17,0,false,false
OPTIMIZER,299,,75,0,0,17,0,false,false
OPTIMIZER,292,,61,0,0,17,0,false,false
OPTIMIZER,300,,62,0,0,17,0,false,false
OPTIMIZER,320,,71,0,0,17,0,false,false
OPTIMIZER,258,,72,0,0,17,0,false,false
OPTIMIZER,254,,71,0,0,17,0,false,false
OPTIMIZER,291,,74,0,0,17,0,false,false
OPTIMIZER,293,,65,0,0,17,0,false,false
OPTIMIZER,291,,72,0,0,17,0,false,false
OPTIMIZER,294,,63,0,0,17,0,false,false
OPTIMIZER,316,,71,0,0,17,0,false,false
OPTIMIZER,318,,73,0,0,17,0,false,false
OPTIMIZER,291,,68,0,0,17,0,false,false
OPTIMIZER,248,,68,0,0,17,0,false,false
OPTIMIZER,319,,73,0,0,17,0,false,false
OPTIMIZER,301,,75,0,0,17,0,false,false
OPTIMIZER,278,,74,0,0,17,0,false,false
OPTIMIZER,278,,70,0,0,17,0,false,false
OPTIMIZER,272,,74,0,0,17,0,false,false
OPTIMIZER,306,,70,0,0,17,0,false,false
OPTIMIZER,300,,66,0,0,17,0,false,false
OPTIMIZER,309,,73,0,0,17,0,false,false
OPTIMIZER,278,,68,0,0,17,0,false,false
OPTIMIZER,279,,71,0,0,17,0,false,false
OPTIMIZER,308,,66,0,0,17,0,false,false
OPTIMIZER,269,,74,0,0,17,0,false,false
OPTIMIZER,275,,67,0,0,17,0,false,false
OPTIMIZER,265,,69,0,0,17,0,false,false
OPTIMIZER,254,,75,0,0,17,0,false,false
OPTIMIZER,275,,62,0,0,17,0,false,false
OPTIMIZER,309,,66,0,0,17,0,false,false
OPTIMIZER,267,,76,0,0,17,0,false,false
OPTIMIZER,271,,72,0,0,17,0,false,false
OPTIMIZER,303,,70,0,0,17,0,false,false
OPTIMIZER,307,,76,0,0,17,0,false,false
OPTIMIZER,266,,77,0,0,17,0,false,false
OPTIMIZER,251,,77,0,0,17,0,false,false
OPTIMIZER,257,,62,0,0,17,0,false,false
OPTIMIZER,311,,71,0,0,17,0,false,false
OPTIMIZER,280,,65,0,0,17,0,false,false
OPTIMIZER,308,,69,0,0,17,0,false,false
OPTIMIZER,251,,66,0,0,17,0,false,false
OPTIMIZER,267,,74,0,0,17,0,false,false
OPTIMIZER,255,,76,0,0,17,0,false,false
OPTIMIZER,289,,77,0,0,17,0,false,false
OPTIMIZER,301,,70,0,0,17,0,false,false
OPTIMIZER,294,,69,0,0,17,0,false,false
OPTIMIZER,328,,77,0,0,17,0,false,false
OPTIMIZER,297,,76,0,0,17,0,false,false
OPTIMIZER,266,,63,0,0,17,0,false,false
OPTIMIZER,302,,68,0,0,17,0,false,false
OPTIMIZER,285,,77,0,0,17,0,false,false
OPTIMIZER,295,,75,0,0,17,0,false,false
OPTIMIZER,272,,77,0,0,17,0,false,false
OPTIMIZER,282,,64,0,0,17,0,false,false
OPTIMIZER,339,,64,0,0,17,0,false,false
OPTIMIZER,259,,70,0,0,17,0,false,false
OPTIMIZER,289,,76,0,0,17,0,false,false
OPTIMIZER,265,,76,0,0,17,0,false,false
OPTIMIZER,285,,69,0,0,17,0,false,false
OPTIMIZER,328,,74,0,0,17,0,false,false
OPTIMIZER,292,,74,0,0,17,0,false,false
OPTIMIZER,266,,75,0,0,17,0,false,false
OPTIMIZER,295,,63,0,0,17,0,false,false
OPTIMIZER,251,,75,0,0,17,0,false,false
OPTIMIZER,245,,62,0,0,17,0,false,false
OPTIMIZER,289,,72,0,0,17,0,false,false
OPTIMIZER,293,,77,0,0,17,0,false,false
OPTIMIZER,260,,66,0,0,17,0,false,false
OPTIMIZER,255,,66,0,0,17,0,false,false
OPTIMIZER,335,,70,0,0,17,0,false,false
OPTIMIZER,256,,72,0,0,17,0,false,false
OPTIMIZER,314,,69,0,0,17,0,false,false
OPTIMIZER,258,,71,0,0,17,0,false,false
OPTIMIZER,266,,66,0,0,17,0,false,false
OPTIMIZER,280,,63,0,0,17,0,false,false
OPTIMIZER,282,,66,0,0,17,0,false,false
OPTIMIZER,240,,75,0,0,17,0,false,false
OPTIMIZER,266,,74,0,0,17,0,false,false
OPTIMIZER,290,,73,0,0,17,0,false,false
OPTIMIZER,288,,70,0,0,17,0,false,false
OPTIMIZER,286,,72,0,0,17,0,false,false
OPTIMIZER,245,,70,0,0,17,0,false,false
OPTIMIZER,302,,65,0,0,17,0,false,false
OPTIMIZER,285,,77,0,0,17,0,false,false
OPTIMIZER,309,,72,0,0,17,0,false,false
OPTIMIZER,294,,66,0,0,17,0,false,false
OPTIMIZER,302,,63,0,0,17,0,false,false
OPTIMIZER,270,,64,0,0,17,0,false,false
OPTIMIZER,299,,76,0,0,17,0,false,false
OPTIMIZER,295,,70,0,0,17,0,false,false
OPTIMIZER,307,,67,0,0,17,0,false,false
OPTIMIZER,298,,75,0,0,17,0,false,false
OPTIMIZER,289,,73,0,0,17,0,false,false
OPTIMIZER,257,,64,0,0,17,0,false,false
OPTIMIZER,238,,64,0,0,17,0,false,false
OPTIMIZER,265,,63,0,0,17,0,false,false
OPTIMIZER,270,,71,0,0,17,0,false,false
OPTIMIZER,289,,71,0,0,17,0,false,false
OPTIMIZER,288,,71,0,0,17,0,false,false
OPTIMIZER,322,,70,0,0,17,0,false,false
OPTIMIZER,284,,62,0,0,17,0,false,false
OPTIMIZER,284,,67,0,0,17,0,false,false
OPTIMIZER,295,,64,0,0,17,0,false,false
OPTIMIZER,289,,72,0,0,17,0,false,false
OPTIMIZER,307,,74,0,0,17,0,false,false
OPTIMIZER,304,,68,0,0,17,0,false,false
OPTIMIZER,280,,75,0,0,17,0,false,false
OPTIMIZER,308,,71,0,0,17,0,false,false
OPTIMIZER,301,,77,0,0,17,0,false,false
OPTIMIZER,283,,73,0,0,17,0,false,false
OPTIMIZER,297,,74,0,0,17,0,false,false
OPTIMIZER,297,,61,0,0,17,0,false,false
OPTIMIZER,288,,71,0,0,17,0,false,false
OPTIMIZER,332,,66,0,0,17,0,false,false
OPTIMIZER,296,,65,0,0,17,0,false,false
OPTIMIZER,268,,65,0,0,17,0,false,false
OPTIMIZER,265,,66,0,0,17,0,false,false
OPTIMIZER,261,,76,0,0,17,0,false,false
OPTIMIZER,297,,75,0,0,17,0,false,false
OPTIMIZER,287,,65,0,0,17,0,false,false
OPTIMIZER,258,,71,0,0,17,0,false,false
OPTIMIZER,283,,66,0,0,17,0,false,false
OPTIMIZER,266,,77,0,0,17,0,false,false
OPTIMIZER,281,,65,0,0,17,0,false,false
OPTIMIZER,271,,68,0,0,17,0,false,false
OPTIMIZER,297,,74,0,0,17,0,false,false
OPTIMIZER,304,,70,0,0,17,0,false,false
OPTIMIZER,282,,77,0,0,17,0,false,false
OPTIMIZER,303,,70,0,0,17,0,false,false
OPTIMIZER,302,,77,0,0,17,0,false,false
OPTIMIZER,297,,66,0,0,17,0,false,false
OPTIMIZER,275,,64,0,0,17,0,false,false
OPTIMIZER,271,,73,0,0,17,0,false,false
OPTIMIZER,293,,62,0,0,17,0,false,false
OPTIMIZER,288,,73,0,0,17,0,false,false
OPTIMIZER,297,,72,0,0,17,0,false,false
OPTIMIZER,291,,66,0,0,17,0,false,false
OPTIMIZER,295,,69,0,0,17,0,false,false
OPTIMIZER,284,,75,0,0,17,0,false,false
OPTIMIZER,274,,63,0,0,17,0,false,false
OPTIMIZER,276,,66,0,0,17,0,false,false
OPTIMIZER,292,,63,0,0,17,0,false,false
OPTIMIZER,295,,70,0,0,17,0,false,false
OPTIMIZER,265,,65,0,0,17,0,false,false
OPTIMIZER,289,,72,0,0,17,0,false,false
OPTIMIZER,290,,75,0,0,17,0,false,false
OPTIMIZER,268,,74,0,0,17,0,false,false
OPTIMIZER,297,,67,0,0,17,0,false,false
OPTIMIZER,270,,66,0,0,17,0,false,false
OPTIMIZER,311,,62,0,0,17,0,false,false
OPTIMIZER,256,,66,0,0,17,0,false,false
OPTIMIZER,296,,70,0,0,17,0,false,false
OPTIMIZER,297,,73,0,0,17,0,false,false
OPTIMIZER,296,,66,0,0,17,0,false,false
OPTIMIZER,355,,64,0,0,17,0,false,false
OPTIMIZER,272,,61,0,0,17,0,false,false
OPTIMIZER,299,,73,0,0,17,0,false,false
OPTIMIZER,295,,72,0,0,17,0,false,false
OPTIMIZER,288,,61,0,0,17,0,false,false
OPTIMIZER,293,,71,0,0,17,0,false,false
OPTIMIZER,259,,75,0,0,17,0,false,false
OPTIMIZER,278,,77,0,0,17,0,false,false
OPTIMIZER,299,,74,0,0,17,0,false,false
OPTIMIZER,324,,63,0,0,17,0,false,false
OPTIMIZER,298,,76,0,0,17,0,false,false
OPTIMIZER,321,,62,0,0,17,0,false,false
OPTIMIZER,275,,62,0,0,17,0,false,false
OPTIMIZER,283,,61,0,0,17,0,false,false
OPTIMIZER,292,,75,0,0,17,0,false,false
OPTIMIZER,273,,74,0,0,17,0,false,false
OPTIMIZER,258,,76,0,0,17,0,false,false
OPTIMIZER,284,,75,0,0,17,0,false,false
OPTIMIZER,287,,75,0,0,17,0,false,false
OPTIMIZER,314,,75,0,0,17,0,false,false
OPTIMIZER,258,,63,0,0,17,0,false,false
OPTIMIZER,292,,65,0,0,17,0,false,false
OPTIMIZER,257,,70,0,0,17,0,false,false
OPTIMIZER,259,,65,0,0,17,0,false,false
OPTIMIZER,249,,75,0,0,17,0,false,false
OPTIMIZER,319,,74,0,0,17,0,false,false
OPTIMIZER,288,,64,0,0,17,0,false,false
OPTIMIZER,311,,61,0,0,17,0,false,false
OPTIMIZER,328,,65,0,0,17,0,false,false
OPTIMIZER,266,,69,0,0,17,0,false,false
OPTIMIZER,294,,71,0,0,17,0,false,false
OPTIMIZER,267,,64,0,0,17,0,false,false
OPTIMIZER,289,,71,0,0,17,0,false,false
OPTIMIZER,258,,64,0,0,17,0,false,false
OPTIMIZER,314,,77,0,0,17,0,false,false
OPTIMIZER,299,,64,0,0,17,0,false,false
OPTIMIZER,291,,67,0,0,17,0,false,false
OPTIMIZER,266,,76,0,0,17,0,false,false
OPTIMIZER,302,,68,0,0,17,0,false,false
OPTIMIZER,264,,72,0,0,17,0,false,false
OPTIMIZER,289,,61,0,0,17,0,false,false
OPTIMIZER,271,,62,0,0,17,0,false,false
OPTIMIZER,267,,65,0,0,17,0,false,false
OPTIMIZER,306,,68,0,0,17,0,false,false
OPTIMIZER,263,,70,0,0,17,0,false,false
OPTIMIZER,271,,77,0,0,17,0,false,false
OPTIMIZER,319,,68,0,0,17,0,false,false
OPTIMIZER,287,,72,0,0,17,0,false,false
OPTIMIZER,316,,71,0,0,17,0,false,false
OPTIMIZER,275,,69,0,0,17,0,false,false
OPTIMIZER,284,,71,0,0,17,0,false,false
OPTIMIZER,280,,77,0,0,17,0,false,false
OPTIMIZER,283,,75,0,0,17,0,false,false
OPTIMIZER,244,,72,0,0,17,0,false,false
OPTIMIZER,267,,68,0,0,17,0,false,false
OPTIMIZER,296,,72,0,0,17,0,false,false
OPTIMIZER,286,,67,0,0,17,0,false,false
OPTIMIZER,254,,67,0,0,17,0,false,false
OPTIMIZER,302,,67,0,0,17,0,false,false
OPTIMIZER,312,,62,0,0,17,0,false,false
OPTIMIZER,291,,65,0,0,17,0,false,false
OPTIMIZER,319,,74,0,0,17,0,false,false
OPTIMIZER,258,,76,0,0,17,0,false,false
OPTIMIZER,296,,66,0,0,17,0,false,false
OPTIMIZER,271,,71,0,0,17,0,false,false
OPTIMIZER,298,,65,0,0,17,0,false,false
OPTIMIZER,295,,65,0,0,17,0,false,false
OPTIMIZER,280,,68,0,0,17,0,false,false
OPTIMIZER,280,,72,0,0,17,0,false,false
OPTIMIZER,256,,68,0,0,17,0,false,false
OPTIMIZER,306,,70,0,0,17,0,false,false
OPTIMIZER,253,,67,0,0,17,0,false,false
OPTIMIZER,272,,77,0,0,17,0,false,false
OPTIMIZER,272,,61,0,0,17,0,false,false
OPTIMIZER,303,,69,0,0,17,0,false,false
OPTIMIZER,292,,63,0,0,17,0,false,false
OPTIMIZER,321,,74,0,0,17,0,false,false
OPTIMIZER,289,,70,0,0,17,0,false,false
OPTIMIZER,291,,68,0,0,17,0,false,false
OPTIMIZER,297,,75,0,0,17,0,false,false
OPTIMIZER,303,,75,0,0,17,0,false,false
OPTIMIZER,305,,66,0,0,17,0,false,false
OPTIMIZER,293,,63,0,0,17,0,false,false
OPTIMIZER,264,,73,0,0,17,0,false,false
OPTIMIZER,271,,74,0,0,17,0,false,false
OPTIMIZER,330,,75,0,0,17,0,false,false
OPTIMIZER,296,,68,0,0,17,0,false,false
OPTIMIZER,274,,63,0,0,17,0,false,false
OPTIMIZER,306,,64,0,0,17,0,false,false
OPTIMIZER,285,,76,0,0,17,0,false,false
OPTIMIZER,231,,63,0,0,17,0,false,false
OPTIMIZER,273,,66,0,0,17,0,false,false
OPTIMIZER,314,,61,0,0,17,0,false,false
OPTIMIZER,291,,73,0,0,17,0,false,false
OPTIMIZER,326,,72,0,0,17,0,false,false
OPTIMIZER,284,,64,0,0,17,0,false,false
OPTIMIZER,310,,62,0,0,17,0,false,false
OPTIMIZER,304,,71,0,0,17,0,false,false
OPTIMIZER,298,,73,0,0,17,0,false,false
OPTIMIZER,284,,65,0,0,17,0,false,false
OPTIMIZER,287,,72,0,0,17,0,false,false
OPTIMIZER,297,,65,0,0,17,0,false,false
OPTIMIZER,293,,74,0,0,17,0,false,false
OPTIMIZER,341,,68,0,0,17,0,false,false
OPTIMIZER,292,,69,0,0,17,0,false,false
OPTIMIZER,292,,73,0,0,17,0,false,false
OPTIMIZER,290,,63,0,0,17,0,false,false
OPTIMIZER,299,,76,0,0,17,0,false,false
OPTIMIZER,292,,71,0,0,17,0,false,false
OPTIMIZER,281,,65,0,0,17,0,false,false
OPTIMIZER,293,,77,0,0,17,0,false,false
OPTIMIZER,297,,61,0,0,17,0,false,false
OPTIMIZER,292,,67,0,0,17,0,false,false
OPTIMIZER,322,,75,0,0,17,0,false,false
OPTIMIZER,289,,65,0,0,17,0,false,false
OPTIMIZER,277,,74,0,0,17,0,false,false
OPTIMIZER,288,,65,0,0,17,0,false,false
OPTIMIZER,286,,63,0,0,17,0,false,false
OPTIMIZER,308,,77,0,0,17,0,false,false
OPTIMIZER,311,,68,0,0,17,0,false,false
OPTIMIZER,276,,64,0,0,17,0,false,false
OPTIMIZER,290,,64,0,0,17,0,false,false
OPTIMIZER,335,,63,0,0,17,0,false,false
OPTIMIZER,302,,62,0,0,17,0,false,false
OPTIMIZER,299,,67,0,0,17,0,false,false
OPTIMIZER,295,,76,0,0,17,0,false,false
OPTIMIZER,262,,66,0,0,17,0,false,false
OPTIMIZER,263,,77,0,0,17,0,false,false
OPTIMIZER,288,,65,0,0,17,0,false,false
OPTIMIZER,287,,69,0,0,17,0,false,false
OPTIMIZER,272,,74,0,0,17,0,false,false
OPTIMIZER,280,,68,0,0,17,0,false,false
OPTIMIZER,300,,77,0,0,17,0,false,false
OPTIMIZER,310,,73,0,0,17,0,false,false
OPTIMIZER,264,,73,0,0,17,0,false,false
OPTIMIZER,335,,65,0,0,17,0,false,false
OPTIMIZER,344,,64,0,0,17,0,false,false
OPTIMIZER,272,,66,0,0,17,0,false,false
OPTIMIZER,326,,67,0,0,17,0,false,false
OPTIMIZER,303,,72,0,0,17,0,false,false
OPTIMIZER,265,,62,0,0,17,0,false,false
OPTIMIZER,267,,71,0,0,17,0,false,false
OPTIMIZER,286,,62,0,0,17,0,false,false
OPTIMIZER,293,,68,0,0,17,0,false,false
OPTIMIZER,301,,77,0,0,17,0,false,false
OPTIMIZER,305,,77,0,0,17,0,false,false
OPTIMIZER,261,,63,0,0,17,0,false,false
OPTIMIZER,294,,77,0,0,17,0,false,false
OPTIMIZER,304,,74,0,0,17,0,false,false
OPTIMIZER,266,,66,0,0,17,0,false,false
OPTIMIZER,272,,70,0,0,17,0,false,false
OPTIMIZER,285,,77,0,0,17,0,false,false
OPTIMIZER,321,,76,0,0,17,0,false,false
OPTIMIZER,261,,77,0,0,17,0,false,false
OPTIMIZER,315,,65,0,0,17,0,false,false
OPTIMIZER,283,,65,0,0,17,0,false,false
OPTIMIZER,311,,68,0,0,17,0,false,false
OPTIMIZER,299,,64,0,0,17,0,false,false
OPTIMIZER,309,,76,0,0,17,0,false,false
OPTIMIZER,263,,77,0,0,17,0,false,false
OPTIMIZER,253,,75,0,0,17,0,false,false
OPTIMIZER,292,,65,0,0,17,0,false,false
OPTIMIZER,287,,77,0,0,17,0,false,false
OPTIMIZER,312,,64,0,0,17,0,false,false
OPTIMIZER,305,,68,0,0,17,0,false,false
OPTIMIZER,291,,75,0,0,17,0,false,false
OPTIMIZER,275,,66,0,0,17,0,false,false
OPTIMIZER,262,,64,0,0,17,0,false,false
OPTIMIZER,309,,62,0,0,17,0,false,false
OPTIMIZER,306,,77,0,0,17,0,false,false
OPTIMIZER,302,,71,0,0,17,0,false,false
OPTIMIZER,299,,73,0,0,17,0,false,false
OPTIMIZER,300,,77,0,0,17,0,false,false
OPTIMIZER,296,,62,0,0,17,0,false,false
OPTIMIZER,296,,74,0,0,17,0,false,false
OPTIMIZER,305,,75,0,0,17,0,false,false
OPTIMIZER,311,,66,0,0,17,0,false,false
OPTIMIZER,272,,64,0,0,17,0,false,false
OPTIMIZER,290,,73,0,0,17,0,false,false
OPTIMIZER,285,,69,0,0,17,0,false,false
OPTIMIZER,273,,72,0,0,17,0,false,false
OPTIMIZER,324,,73,0,0,17,0,false,false
OPTIMIZER,255,,65,0,0,17,0,false,false
OPTIMIZER,285,,73,0,0,17,0,false,false
OPTIMIZER,316,,69,0,0,17,0,false,false
OPTIMIZER,269,,67,0,0,17,0,false,false
OPTIMIZER,295,,70,0,0,17,0,false,false
OPTIMIZER,291,,75,0,0,17,0,false,false
OPTIMIZER,296,,62,0,0,17,0,false,false
OPTIMIZER,292,,71,0,0,17,0,false,false
OPTIMIZER,254,,68,0,0,17,0,false,false
OPTIMIZER,302,,68,0,0,17,0,false,false
OPTIMIZER,297,,69,0,0,17,0,false,false
OPTIMIZER,320,,74,0,0,17,0,false,false
OPTIMIZER,315,,73,0,0,17,0,false,false
OPTIMIZER,243,,75,0,0,17,0,false,false
OPTIMIZER,317,,63,0,0,17,0,false,false
OPTIMIZER,316,,74,0,0,17,0,false,false
OPTIMIZER,297,,66,0,0,17,0,false,false
OPTIMIZER,285,,72,0,0,17,0,false,false
OPTIMIZER,299,,62,0,0,17,0,false,false
OPTIMIZER,281,,63,0,0,17,0,false,false
OPTIMIZER,277,,72,0,0,17,0,false,false
OPTIMIZER,289,,75,0,0,17,0,false,false
OPTIMIZER,305,,63,0,0,17,0,false,false
OPTIMIZER,261,,63,0,0,17,0,false,false
OPTIMIZER,228,,65,0,0,17,0,false,false
OPTIMIZER,257,,62,0,0,17,0,false,false
OPTIMIZER,322,,66,0,0,17,0,false,false
OPTIMIZER,296,,64,0,0,17,0,false,false
OPTIMIZER,301,,76,0,0,17,0,false,false
OPTIMIZER,263,,74,0,0,17,0,false,false
OPTIMIZER,290,,62,0,0,17,0,false,false
OPTIMIZER,332,,66,0,0,17,0,false,false
OPTIMIZER,288,,68,0,0,17,0,false,false
OPTIMIZER,331,,74,0,0,17,0,false,false
OPTIMIZER,298,,64,0,0,17,0,false,false
OPTIMIZER,294,,68,0,0,17,0,false,false
OPTIMIZER,277,,66,0,0,17,0,false,false
OPTIMIZER,293,,72,0,0,17,0,false,false
OPTIMIZER,269,,73,0,0,17,0,false,false
OPTIMIZER,238,,72,0,0,17,0,false,false
OPTIMIZER,315,,69,0,0,17,0,false,false
OPTIMIZER,278,,77,0,0,17,0,false,false
OPTIMIZER,294,,72,0,0,17,0,false,false
OPTIMIZER,300,,63,0,0,17,0,false,false
OPTIMIZER,271,,72,0,0,17,0,false,false
OPTIMIZER,257,,67,0,0,17,0,false,false
OPTIMIZER,294,,70,0,0,17,0,false,false
OPTIMIZER,321,,62,0,0,17,0,false,false
OPTIMIZER,293,,63,0,0,17,0,false,false
OPTIMIZER,232,,65,0,0,17,0,false,false
OPTIMIZER,287,,65,0,0,17,0,false,false
OPTIMIZER,306,,76,0,0,17,0,false,false
OPTIMIZER,288,,77,0,0,17,0,false,false
OPTIMIZER,294,,67,0,0,17,0,false,false
OPTIMIZER,281,,67,0,0,17,0,false,false
OPTIMIZER,271,,61,0,0,17,0,false,false
OPTIMIZER,298,,75,0,0,17,0,false,false
OPTIMIZER,267,,77,0,0,17,0,false,false
OPTIMIZER,271,,71,0,0,17,0,false,false
OPTIMIZER,304,,63,0,0,17,0,false,false
OPTIMIZER,306,,73,0,0,17,0,false,false
OPTIMIZER,301,,61,0,0,17,0,false,false
OPTIMIZER,304,,62,0,0,17,0,false,false
OPTIMIZER,266,,75,0,0,17,0,false,false
OPTIMIZER,301,,74,0,0,17,0,false,false
OPTIMIZER,258,,67,0,0,17,0,false,false
OPTIMIZER,270,,73,0,0,17,0,false,false
OPTIMIZER,262,,62,0,0,17,0,false,false
OPTIMIZER,316,,69,0,0,17,0,false,false
OPTIMIZER,279,,71,0,0,17,0,false,false
OPTIMIZER,285,,77,0,0,17,0,false,false
OPTIMIZER,323,,64,0,0,17,0,false,false
OPTIMIZER,271,,69,0,0,17,0,false,false
OPTIMIZER,337,,68,0,0,17,0,false,false
OPTIMIZER,316,,76,0,0,17,0,false,false
OPTIMIZER,290,,63,0,0,17,0,false,false
OPTIMIZER,305,,61,0,0,17,0,false,false
OPTIMIZER,279,,64,0,0,17,0,false,false
OPTIMIZER,341,,71,0,0,17,0,false,false
OPTIMIZER,301,,68,0,0,17,0,false,false
OPTIMIZER,301,,75,0,0,17,0,false,false
OPTIMIZER,280,,69,0,0,17,0,false,false
OPTIMIZER,293,,69,0,0,17,0,false,false
OPTIMIZER,315,,76,0,0,17,0,false,false
OPTIMIZER,264,,63,0,0,17,0,false,false
OPTIMIZER,305,,71,0,0,17,0,false,false
OPTIMIZER,313,,76,0,0,17,0,false,false
OPTIMIZER,295,,75,0,0,17,0,false,false
OPTIMIZER,282,,70,0,0,17,0,false,false
OPTIMIZER,297,,69,0,0,17,0,false,false
OPTIMIZER,287,,74,0,0,17,0,false,false
OPTIMIZER,277,,76,0,0,17,0,false,false
OPTIMIZER,259,,64,0,0,17,0,false,false
OPTIMIZER,273,,65,0,0,17,0,false,false
OPTIMIZER,277,,62,0,0,17,0,false,false
OPTIMIZER,307,,65,0,0,17,0,false,false
OPTIMIZER,273,,72,0,0,17,0,false,false
OPTIMIZER,276,,73,0,0,17,0,false,false
OPTIMIZER,325,,67,0,0,17,0,false,false
OPTIMIZER,308,,63,0,0,17,0,false,false
OPTIMIZER,331,,74,0,0,17,0,false,false
OPTIMIZER,297,,72,0,0,17,0,false,false
OPTIMIZER,250,,68,0,0,17,0,false,false
OPTIMIZER,291,,61,0,0,17,0,false,false
OPTIMIZER,272,,66,0,0,17,0,false,false
OPTIMIZER,273,,72,0,0,17,0,false,false
OPTIMIZER,306,,63,0,0,17,0,false,false
OPTIMIZER,284,,68,0,0,17,0,false,false
OPTIMIZER,273,,63,0,0,17,0,false,false
OPTIMIZER,285,,68,0,0,17,0,false,false
OPTIMIZER,264,,74,0,0,17,0,false,false
OPTIMIZER,290,,70,0,0,17,0,false,false
OPTIMIZER,307,,73,0,0,17,0,false,false
OPTIMIZER,291,,72,0,0,17,0,false,false
OPTIMIZER,338,,73,0,0,17,0,false,false
OPTIMIZER,294,,67,0,0,17,0,false,false
OPTIMIZER,275,,67,0,0,17,0,false,false
OPTIMIZER,278,,74,0,0,17,0,false,false
OPTIMIZER,301,,65,0,0,17,0,false,false
OPTIMIZER,296,,73,0,0,17,0,false,false
OPTIMIZER,318,,66,0,0,17,0,false,false
OPTIMIZER,302,,70,0,0,17,0,false,false
OPTIMIZER,273,,66,0,0,17,0,false,false
OPTIMIZER,312,,65,0,0,17,0,false,false
OPTIMIZER,307,,65,0,0,17,0,false,false
OPTIMIZER,313,,75,0,0,17,0,false,false
OPTIMIZER,291,,74,0,0,17,0,false,false
OPTIMIZER,260,,61,0,0,17,0,false,false
OPTIMIZER,265,,75,0,0,17,0,false,false
OPTIMIZER,299,,74,0,0,17,0,false,false
OPTIMIZER,242,,72,0,0,17,0,false,false
OPTIMIZER,288,,76,0,0,17,0,false,false
OPTIMIZER,277,,73,0,0,17,0,false,false
OPTIMIZER,306,,73,0,0,17,0,false,false
OPTIMIZER,300,,70,0,0,17,0,false,false
OPTIMIZER,278,,64,0,0,17,0,false,false
OPTIMIZER,287,,62,0,0,17,0,false,false
OPTIMIZER,343,,66,0,0,17,0,false,false
OPTIMIZER,265,,64,0,0,17,0,false,false
OPTIMIZER,316,,70,0,0,17,0,false,false
OPTIMIZER,303,,62,0,0,17,0,false,false
OPTIMIZER,287,,62,0,0,17,0,false,false
OPTIMIZER,305,,68,0,0,17,0,false,false
OPTIMIZER,299,,76,0,0,17,0,false,false
OPTIMIZER,285,,67,0,0,17,0,false,false
OPTIMIZER,275,,64,0,0,17,0,false,false
OPTIMIZER,283,,69,0,0,17,0,false,false
OPTIMIZER,311,,66,0,0,17,0,false,false
OPTIMIZER,266,,64,0,0,17,0,false,false
OPTIMIZER,292,,67,0,0,17,0,false,false
OPTIMIZER,270,,62,0,0,17,0,false,false
OPTIMIZER,273,,74,0,0,17,0,false,false
OPTIMIZER,270,,63,0,0,17,0,false,false
OPTIMIZER,272,,76,0,0,17,0,false,false
OPTIMIZER,311,,73,0,0,17,0,false,false
OPTIMIZER,296,,65,0,0,17,0,false,false
OPTIMIZER,289,,73,0,0,17,0,false,false
OPTIMIZER,302,,73,0,0,17,0,false,false
OPTIMIZER,293,,70,0,0,17,0,false,false
OPTIMIZER,255,,73,0,0,17,0,false,false
OPTIMIZER,269,,61,0,0,17,0,false,false
OPTIMIZER,290,,69,0,0,17,0,false,false
OPTIMIZER,286,,71,0,0,17,0,false,false
OPTIMIZER,313,,70,0,0,17,0,false,false
OPTIMIZER,289,,67,0,0,17,0,false,false
OPTIMIZER,265,,61,0,0,17,0,false,false
OPTIMIZER,253,,69,0,0,17,0,false,false
OPTIMIZER,305,,68,0,0,17,0,false,false
OPTIMIZER,255,,68,0,0,17,0,false,false
OPTIMIZER,306,,74,0,0,17,0,false,false
OPTIMIZER,281,,73,0,0,17,0,false,false
OPTIMIZER,279,,63,0,0,17,0,false,false
OPTIMIZER,303,,77,0,0,17,0,false,false
OPTIMIZER,278,,68,0,0,17,0,false,false
OPTIMIZER,272,,77,0,0,17,0,false,false
OPTIMIZER,303,,66,0,0,17,0,false,false
OPTIMIZER,298,,70,0,0,17,0,false,false
OPTIMIZER,292,,74,0,0,17,0,false,false
OPTIMIZER,295,,77,0,0,17,0,false,false
OPTIMIZER,285,,62,0,0,17,0,false,false
OPTIMIZER,264,,74,0,0,17,0,false,false
OPTIMIZER,293,,70,0,0,17,0,false,false
OPTIMIZER,296,,76,0,0,17,0,false,false
OPTIMIZER,289,,73,0,0,17,0,false,false
OPTIMIZER,219,,67,0,0,17,0,false,false
OPTIMIZER,214,,65,0,0,17,0,false,false
OPTIMIZER,302,,61,0,0,17,0,false,false
OPTIMIZER,287,,64,0,0,17,0,false,false
OPTIMIZER,278,,65,0,0,17,0,false,false
OPTIMIZER,255,,68,0,0,17,0,false,false
OPTIMIZER,306,,71,0,0,17,0,false,false
OPTIMIZER,288,,65,0,0,17,0,false,false
OPTIMIZER,250,,64,0,0,17,0,false,false
OPTIMIZER,265,,75,0,0,17,0,false,false
OPTIMIZER,330,,71,0,0,17,0,false,false
OPTIMIZER,305,,63,0,0,17,0,false,false
OPTIMIZER,289,,62,0,0,17,0,false,false
OPTIMIZER,324,,74,0,0,17,0,false,false
OPTIMIZER,296,,69,0,0,17,0,false,false
OPTIMIZER,291,,72,0,0,17,0,false,false
OPTIMIZER,266,,76,0,0,17,0,false,false
OPTIMIZER,308,,63,0,0,17,0,false,false
OPTIMIZER,291,,68,0,0,17,0,false,false
OPTIMIZER,316,,65,0,0,17,0,false,false
OPTIMIZER,275,,69,0,0,17,0,false,false
OPTIMIZER,290,,69,0,0,17,0,false,false
OPTIMIZER,295,,76,0,0,17,0,false,false
OPTIMIZER,261,,76,0,0,17,0,false,false
OPTIMIZER,273,,72,0,0,17,0,false,false
OPTIMIZER,278,,73,0,0,17,0,false,false
OPTIMIZER,290,,70,0,0,17,0,false,false
OPTIMIZER,278,,71,0,0,17,0,false,false
OPTIMIZER,305,,61,0,0,17,0,false,false
OPTIMIZER,294,,77,0,0,17,0,false,false
OPTIMIZER,247,,72,0,0,17,0,false,false
OPTIMIZER,298,,71,0,0,17,0,false,false
OPTIMIZER,260,,63,0,0,17,0,false,false
OPTIMIZER,251,,67,0,0,17,0,false,false
OPTIMIZER,290,,67,0,0,17,0,false,false
OPTIMIZER,313,,67,0,0,17,0,false,false
OPTIMIZER,308,,64,0,0,17,0,false,false
OPTIMIZER,269,,68,0,0,17,0,false,false
OPTIMIZER,305,,62,0,0,17,0,false,false
OPTIMIZER,285,,63,0,0,17,0,false,false
OPTIMIZER,268,,63,0,0,17,0,false,false
OPTIMIZER,276,,69,0,0,17,0,false,false
OPTIMIZER,289,,62,0,0,17,0,false,false
OPTIMIZER,304,,74,0,0,17,0,false,false
OPTIMIZER,235,,68,0,0,17,0,false,false
OPTIMIZER,282,,73,0,0,17,0,false,false
OPTIMIZER,288,,72,0,0,17,0,false,false
OPTIMIZER,277,,73,0,0,17,0,false,false
OPTIMIZER,335,,77,0,0,17,0,false,false
OPTIMIZER,276,,74,0,0,17,0,false,false
OPTIMIZER,308,,63,0,0,17,0,false,false
OPTIMIZER,290,,72,0,0,17,0,false,false
OPTIMIZER,270,,71,0,0,17,0,false,false
OPTIMIZER,265,,74,0,0,17,0,false,false
OPTIMIZER,276,,75,0,0,17,0,false,false
OPTIMIZER,330,,73,0,0,17,0,false,false
OPTIMIZER,295,,69,0,0,17,0,false,false
OPTIMIZER,312,,70,0,0,17,0,false,false
OPTIMIZER,313,,65,0,0,17,0,false,false
OPTIMIZER,300,,66,0,0,17,0,false,false
OPTIMIZER,270,,70,0,0,17,0,false,false
OPTIMIZER,264,,64,0,0,17,0,false,false
OPTIMIZER,277,,67,0,0,17,0,false,false
OPTIMIZER,294,,64,0,0,17,0,false,false
OPTIMIZER,250,,75,0,0,17,0,false,false
OPTIMIZER,290,,66,0,0,17,0,false,false
OPTIMIZER,288,,74,0,0,17,0,false,false
OPTIMIZER,272,,72,0,0,17,0,false,false
OPTIMIZER,304,,74,0,0,17,0,false,false
OPTIMIZER,300,,67,0,0,17,0,false,false
OPTIMIZER,291,,62,0,0,17,0,false,false
OPTIMIZER,242,,77,0,0,17,0,false,false
OPTIMIZER,260,,66,0,0,17,0,false,false
OPTIMIZER,292,,68,0,0,17,0,false,false
OPTIMIZER,327,,75,0,0,17,0,false,false
OPTIMIZER,245,,77,0,0,17,0,false,false
OPTIMIZER,255,,64,0,0,17,0,false,false
OPTIMIZER,271,,76,0,0,17,0,false,false
OPTIMIZER,309,,69,0,0,17,0,false,false
OPTIMIZER,287,,62,0,0,17,0,false,false
OPTIMIZER,266,,75,0,0,17,0,false,false
OPTIMIZER,272,,70,0,0,17,0,false,false
OPTIMIZER,281,,74,0,0,17,0,false,false
OPTIMIZER,262,,66,0,0,17,0,false,false
OPTIMIZER,267,,66,0,0,17,0,false,false
OPTIMIZER,329,,62,0,0,17,0,false,false
OPTIMIZER,332,,64,0,0,17,0,false,false
OPTIMIZER,297,,63,0,0,17,0,false,false
OPTIMIZER,313,,65,0,0,17,0,false,false
OPTIMIZER,258,,66,0,0,17,0,false,false
OPTIMIZER,314,,72,0,0,17,0,false,false
OPTIMIZER,285,,65,0,0,17,0,false,false
OPTIMIZER,268,,64,0,0,17,0,false,false
OPTIMIZER,297,,66,0,0,17,0,false,false
OPTIMIZER,283,,64,0,0,17,0,false,false
OPTIMIZER,299,,74,0,0,17,0,false,false
OPTIMIZER,291,,76,0,0,17,0,false,false
OPTIMIZER,264,,71,0,0,17,0,false,false
OPTIMIZER,282,,70,0,0,17,0,false,false
OPTIMIZER,232,,70,0,0,17,0,false,false
OPTIMIZER,278,,74,0,0,17,0,false,false
OPTIMIZER,279,,71,0,0,17,0,false,false
OPTIMIZER,284,,73,0,0,17,0,false,false
OPTIMIZER,302,,61,0,0,17,0,false,false
OPTIMIZER,316,,74,0,0,17,0,false,false
OPTIMIZER,307,,69,0,0,17,0,false,false
OPTIMIZER,297,,64,0,0,17,0,false,false
OPTIMIZER,278,,68,0,0,17,0,false,false
OPTIMIZER,297,,63,0,0,17,0,false,false
OPTIMIZER,265,,62,0,0,17,0,false,false
OPTIMIZER,309,,68,0,0,17,0,false,false
OPTIMIZER,299,,64,0,0,17,0,false,false
OPTIMIZER,225,,71,0,0,17,0,false,false
OPTIMIZER,273,,75,0,0,17,0,false,false
OPTIMIZER,285,,74,0,0,17,0,false,false
OPTIMIZER,313,,77,0,0,17,0,false,false
OPTIMIZER,302,,73,0,0,17,0,false,false
OPTIMIZER,306,,76,0,0,17,0,false,false
OPTIMIZER,291,,72,0,0,17,0,false,false
OPTIMIZER,320,,76,0,0,17,0,false,false
OPTIMIZER,267,,74,0,0,17,0,false,false
OPTIMIZER,321,,63,0,0,17,0,false,false
OPTIMIZER,269,,71,0,0,17,0,false,false
OPTIMIZER,296,,65,0,0,17,0,false,false
OPTIMIZER,287,,76,0,0,17,0,false,false
OPTIMIZER,272,,71,0,0,17,0,false,false
OPTIMIZER,288,,76,0,0,17,0,false,false
OPTIMIZER,257,,69,0,0,17,0,false,false
OPTIMIZER,285,,71,0,0,17,0,false,false
OPTIMIZER,295,,77,0,0,17,0,false,false
OPTIMIZER,274,,62,0,0,17,0,false,false
OPTIMIZER,336,,66,0,0,17,0,false,false
OPTIMIZER,307,,70,0,0,17,0,false,false
OPTIMIZER,281,,67,0,0,17,0,false,false
OPTIMIZER,289,,76,0,0,17,0,false,false
OPTIMIZER,303,,63,0,0,17,0,false,false
OPTIMIZER,267,,76,0,0,17,0,false,false
OPTIMIZER,295,,76,0,0,17,0,false,false
OPTIMIZER,283,,75,0,0,17,0,false,false
OPTIMIZER,301,,75,0,0,17,0,false,false
OPTIMIZER,322,,63,0,0,17,0,false,false
OPTIMIZER,279,,67,0,0,17,0,false,false
OPTIMIZER,308,,75,0,0,17,0,false,false
OPTIMIZER,276,,61,0,0,17,0,false,false
OPTIMIZER,300,,62,0,0,17,0,false,false
OPTIMIZER,304,,67,0,0,17,0,false,false
OPTIMIZER,283,,75,0,0,17,0,false,false
OPTIMIZER,318,,61,0,0,17,0,false,false
OPTIMIZER,247,,70,0,0,17,0,false,false
OPTIMIZER,289,,77,0,0,17,0,false,false
OPTIMIZER,281,,65,0,0,17,0,false,false
OPTIMIZER,318,,65,0,0,17,0,false,false
OPTIMIZER,308,,67,0,0,17,0,false,false
OPTIMIZER,305,,69,0,0,17,0,false,false
OPTIMIZER,324,,77,0,0,17,0,false,false
OPTIMIZER,340,,73,0,0,17,0,false,false
OPTIMIZER,266,,62,0,0,17,0,false,false
OPTIMIZER,313,,73,0,0,17,0,false,false
OPTIMIZER,257,,67,0,0,17,0,false,false
OPTIMIZER,297,,74,0,0,17,0,false,false
OPTIMIZER,289,,74,0,0,17,0,false,false
OPTIMIZER,296,,71,0,0,17,0,false,false
OPTIMIZER,289,,70,0,0,17,0,false,false
OPTIMIZER,311,,68,0,0,17,0,false,false
OPTIMIZER,293,,69,0,0,17,0,false,false
OPTIMIZER,308,,67,0,0,17,0,false,false
OPTIMIZER,293,,64,0,0,17,0,false,false
OPTIMIZER,268,,64,0,0,17,0,false,false
OPTIMIZER,294,,65,0,0,17,0,false,false
OPTIMIZER,279,,75,0,0,17,0,false,false
OPTIMIZER,247,,75,0,0,17,0,false,false
OPTIMIZER,294,,67,0,0,17,0,false,false
OPTIMIZER,287,,61,0,0,17,0,false,false
OPTIMIZER,287,,72,0,0,17,0,false,false
OPTIMIZER,323,,72,0,0,17,0,false,false
OPTIMIZER,275,,74,0,0,17,0,false,false
OPTIMIZER,303,,76,0,0,17,0,false,false
OPTIMIZER,308,,73,0,0,17,0,false,false
OPTIMIZER,307,,61,0,0,17,0,false,false
OPTIMIZER,287,,66,0,0,17,0,false,false
OPTIMIZER,305,,63,0,0,17,0,false,false
OPTIMIZER,288,,67,0,0,17,0,false,false
OPTIMIZER,286,,76,0,0,17,0,false,false
OPTIMIZER,265,,62,0,0,17,0,false,false
OPTIMIZER,313,,74,0,0,17,0,false,false
OPTIMIZER,284,,69,0,0,17,0,false,false
OPTIMIZER,277,,62,0,0,17,0,false,false
OPTIMIZER,297,,68,0,0,17,0,false,false
OPTIMIZER,281,,72,0,0,17,0,false,false
OPTIMIZER,309,,71,0,0,17,0,false,false
OPTIMIZER,233,,64,0,0,17,0,false,false
OPTIMIZER,282,,74,0,0,17,0,false,false
OPTIMIZER,307,,61,0,0,17,0,false,false
OPTIMIZER,306,,74,0,0,17,0,false,false
OPTIMIZER,304,,67,0,0,17,0,false,false
OPTIMIZER,253,,62,0,0,17,0,false,false
OPTIMIZER,279,,73,0,0,17,0,false,false
OPTIMIZER,304,,62,0,0,17,0,false,false
OPTIMIZER,268,,74,0,0,17,0,false,false
OPTIMIZER,301,,75,0,0,17,0,false,false
OPTIMIZER,281,,68,0,0,17,0,false,false
OPTIMIZER,298,,67,0,0,17,0,false,false
OPTIMIZER,286,,61,0,0,17,0,false,false
OPTIMIZER,315,,76,0,0,17,0,false,false
OPTIMIZER,260,,70,0,0,17,0,false,false
OPTIMIZER,302,,71,0,0,17,0,false,false
OPTIMIZER,305,,68,0,0,17,0,false,false
OPTIMIZER,322,,62,0,0,17,0,false,false
OPTIMIZER,309,,70,0,0,17,0,false,false
OPTIMIZER,283,,68,0,0,17,0,false,false
OPTIMIZER,320,,76,0,0,17,0,false,false
OPTIMIZER,282,,69,0,0,17,0,false,false
OPTIMIZER,307,,76,0,0,17,0,false,false
OPTIMIZER,288,,65,0,0,17,0,false,false
OPTIMIZER,327,,67,0,0,17,0,false,false
OPTIMIZER,303,,67,0,0,17,0,false,false
OPTIMIZER,271,,67,0,0,17,0,false,false
OPTIMIZER,236,,77,0,0,17,0,false,false
OPTIMIZER,269,,63,0,0,17,0,false,false
OPTIMIZER,320,,75,0,0,17,0,false,false
OPTIMIZER,260,,62,0,0,17,0,false,false
OPTIMIZER,293,,73,0,0,17,0,false,false
OPTIMIZER,303,,66,0,0,17,0,false,false
OPTIMIZER,319,,70,0,0,17,0,false,false
OPTIMIZER,288,,66,0,0,17,0,false,false
OPTIMIZER,269,,67,0,0,17,0,false,false
OPTIMIZER,283,,75,0,0,17,0,false,false
OPTIMIZER,293,,70,0,0,17,0,false,false
OPTIMIZER,307,,64,0,0,17,0,false,false
OPTIMIZER,288,,62,0,0,17,0,false,false
OPTIMIZER,249,,61,0,0,17,0,false,false
OPTIMIZER,275,,72,0,0,17,0,false,false
OPTIMIZER,285,,72,0,0,17,0,false,false
OPTIMIZER,300,,66,0,0,17,0,false,false
OPTIMIZER,322,,70,0,0,17,0,false,false
OPTIMIZER,257,,76,0,0,17,0,false,false
BASELINE,186,,71,0,0,17,0,false,false
BASELINE,176,,74,0,0,17,0,false,false
BASELINE,154,,74,0,0,17,0,false,false
BASELINE,175,,70,0,0,17,0,false,false
BASELINE,180,,67,0,0,17,0,false,false
BASELINE,154,,71,0,0,17,0,false,false
BASELINE,166,,64,0,0,17,0,false,false
BASELINE,151,,66,0,0,17,0,false,false
BASELINE,195,,74,0,0,17,0,false,false
BASELINE,167,,75,0,0,17,0,false,false
BASELINE,188,,72,0,0,17,0,false,false
BASELINE,162,,65,0,0,17,0,false,false
BASELINE,173,,74,0,0,17,0,false,false
BASELINE,178,,75,0,0,17,0,false,false
BASELINE,159,,73,0,0,17,0,false,false
BASELINE,162,,65,0,0,17,0,false,false
BASELINE,177,,67,0,0,17,0,false,false
BASELINE,176,,75,0,0,17,0,false,false
BASELINE,177,,74,0,0,17,0,false,false
BASELINE,186,,68,0,0,17,0,false,false
BASELINE,155,,73,0,0,17,0,false,false
BASELINE,182,,72,0,0,17,0,false,false
BASELINE,179,,63,0,0,17,0,false,false
BASELINE,168,,63,0,0,17,0,false,false
BASELINE,166,,73,0,0,17,0,false,false
BASELINE,179,,76,0,0,17,0,false,false
BASELINE,183,,65,0,0,17,0,false,false
BASELINE,170,,65,0,0,17,0,false,false
BASELINE,167,,73,0,0,17,0,false,false
BASELINE,163,,64,0,0,17,0,false,false
BASELINE,192,,69,0,0,17,0,false,false
BASELINE,138,,69,0,0,17,0,false,false
BASELINE,168,,72,0,0,17,0,false,false
BASELINE,188,,65,0,0,17,0,false,false
BASELINE,162,,63,0,0,17,0,false,false
BASELINE,146,,65,0,0,17,0,false,false
BASELINE,148,,61,0,0,17,0,false,false
BASELINE,154,,63,0,0,17,0,false,false
BASELINE,168,,66,0,0,17,0,false,false
BASELINE,187,,68,0,0,17,0,false,false
BASELINE,178,,76,0,0,17,0,false,false
BASELINE,157,,65,0,0,17,0,false,false
BASELINE,200,,62,0,0,17,0,false,false
BASELINE,201,,74,0,0,17,0,false,false
BASELINE,161,,61,0,0,17,0,false,false
BASELINE,176,,63,0,0,17,0,false,false
BASELINE,169,,65,0,0,17,0,false,false
BASELINE,147,,67,0,0,17,0,false,false
BASELINE,164,,75,0,0,17,0,false,false
BASELINE,169,,72,0,0,17,0,false,false
BASELINE,169,,66,0,0,17,0,false,false
BASELINE,165,,64,0,0,17,0,false,false
BASELINE,181,,69,0,0,17,0,false,false
BASELINE,175,,61,0,0,17,0,false,false
BASELINE,184,,72,0,0,17,0,false,false
BASELINE,169,,66,0,0,17,0,false,false
BASELINE,188,,77,0,0,17,0,false,false
BASELINE,189,,72,0,0,17,0,false,false
BASELINE,152,,68,0,0,17,0,false,false
BASELINE,201,,65,0,0,17,0,false,false
BASELINE,154,,73,0,0,17,0,false,false
BASELINE,170,,75,0,0,17,0,false,false
BASELINE,179,,71,0,0,17,0,false,false
BASELINE,159,,76,0,0,17,0,false,false
BASELINE,194,,70,0,0,17,0,false,false
BASELINE,166,,65,0,0,17,0,false,false
BASELINE,180,,70,0,0,17,0,false,false
BASELINE,181,,68,0,0,17,0,false,false
BASELINE,173,,65,0,0,17,0,false,false
BASELINE,178,,61,0,0,17,0,false,false
BASELINE,206,,66,0,0,17,0,false,false
BASELINE,149,,67,0,0,17,0,false,false
BASELINE,166,,69,0,0,17,0,false,false
BASELINE,138,,70,0,0,17,0,false,false
BASELINE,148,,63,0,0,17,0,false,false
BASELINE,169,,62,0,0,17,0,false,false
BASELINE,137,,66,0,0,17,0,false,false
BASELINE,180,,63,0,0,17,0,false,false
BASELINE,159,,61,0,0,17,0,false,false
BASELINE,175,,74,0,0,17,0,false,false
BASELINE,178,,76,0,0,17,0,false,false
BASELINE,175,,66,0,0,17,0,false,false
BASELINE,172,,77,0,0,17,0,false,false
BASELINE,172,,74,0,0,17,0,false,false
BASELINE,159,,70,0,0,17,0,false,false
BASELINE,182,,65,0,0,17,0,false,false
BASELINE,161,,77,0,0,17,0,false,false
BASELINE,163,,64,0,0,17,0,false,false
BASELINE,168,,65,0,0,17,0,false,false
BASELINE,192,,73,0,0,17,0,false,false
BASELINE,155,,74,0,0,17,0,false,false
BASELINE,177,,76,0,0,17,0,false,false
BASELINE,163,,66,0,0,17,0,false,false
BASELINE,172,,65,0,0,17,0,false,false
BASELINE,143,,62,0,0,17,0,false,false
BASELINE,172,,70,0,0,17,0,false,false
BASELINE,187,,72,0,0,17,0,false,false
BASELINE,195,,77,0,0,17,0,false,false
BASELINE,182,,72,0,0,17,0,false,false
BASELINE,194,,77,0,0,17,0,false,false
BASELINE,167,,75,0,0,17,0,false,false
BASELINE,155,,67,0,0,17,0,false,false
BASELINE,128,,71,0,0,17,0,false,false
BASELINE,169,,69,0,0,17,0,false,false
BASELINE,162,,71,0,0,17,0,false,false
BASELINE,189,,63,0,0,17,0,false,false
BASELINE,160,,76,0,0,17,0,false,false
BASELINE,185,,66,0,0,17,0,false,false
BASELINE,193,,73,0,0,17,0,false,false
BASELINE,144,,73,0,0,17,0,false,false
BASELINE,175,,71,0,0,17,0,false,false
BASELINE,160,,70,0,0,17,0,false,false
BASELINE,179,,67,0,0,17,0,false,false
BASELINE,176,,68,0,0,17,0,false,false
BASELINE,188,,71,0,0,17,0,false,false
BASELINE,163,,77,0,0,17,0,false,false
BASELINE,184,,74,0,0,17,0,false,false
BASELINE,187,,73,0,0,17,0,false,false
BASELINE,197,,63,0,0,17,0,false,false
BASELINE,149,,70,0,0,17,0,false,false
BASELINE,172,,75,0,0,17,0,false,false
BASELINE,210,,70,0,0,17,0,false,false
BASELINE,183,,70,0,0,17,0,false,false
BASELINE,151,,74,0,0,17,0,false,false
BASELINE,188,,67,0,0,17,0,false,false
BASELINE,186,,75,0,0,17,0,false,false
BASELINE,176,,75,0,0,17,0,false,false
BASELINE,182,,74,0,0,17,0,false,false
BASELINE,158,,68,0,0,17,0,false,false
BASELINE,144,,62,0,0,17,0,false,false
BASELINE,165,,64,0,0,17,0,false,false
BASELINE,162,,64,0,0,17,0,false,false
BASELINE,169,,74,0,0,17,0,false,false
BASELINE,193,,74,0,0,17,0,false,false
BASELINE,160,,77,0,0,17,0,false,false
BASELINE,179,,72,0,0,17,0,false,false
BASELINE,189,,62,0,0,17,0,false,false
BASELINE,173,,68,0,0,17,0,false,false
BASELINE,204,,68,0,0,17,0,false,false
BASELINE,151,,75,0,0,17,0,false,false
BASELINE,174,,74,0,0,17,0,false,false
BASELINE,161,,70,0,0,17,0,false,false
BASELINE,170,,75,0,0,17,0,false,false
BASELINE,164,,75,0,0,17,0,false,false
BASELINE,168,,75,0,0,17,0,false,false
BASELINE,173,,72,0,0,17,0,false,false
BASELINE,182,,73,0,0,17,0,false,false
BASELINE,207,,63,0,0,17,0,false,false
BASELINE,160,,72,0,0,17,0,false,false
BASELINE,165,,71,0,0,17,0,false,false
BASELINE,165,,69,0,0,17,0,false,false
BASELINE,209,,77,0,0,17,0,false,false
BASELINE,189,,70,0,0,17,0,false,false
BASELINE,152,,72,0,0,17,0,false,false
BASELINE,167,,65,0,0,17,0,false,false
BASELINE,186,,74,0,0,17,0,false,false
BASELINE,185,,68,0,0,17,0,false,false
BASELINE,155,,72,0,0,17,0,false,false
BASELINE,199,,73,0,0,17,0,false,false
BASELINE,163,,75,0,0,17,0,false,false
BASELINE,163,,76,0,0,17,0,false,false
BASELINE,183,,71,0,0,17,0,false,false
BASELINE,175,,67,0,0,17,0,false,false
BASELINE,169,,67,0,0,17,0,false,false
BASELINE,184,,66,0,0,17,0,false,false
BASELINE,199,,61,0,0,17,0,false,false
BASELINE,165,,66,0,0,17,0,false,false
BASELINE,165,,67,0,0,17,0,false,false
BASELINE,189,,77,0,0,17,0,false,false
BASELINE,156,,77,0,0,17,0,false,false
BASELINE,150,,66,0,0,17,0,false,false
BASELINE,163,,69,0,0,17,0,false,false
BASELINE,160,,77,0,0,17,0,false,false
BASELINE,148,,64,0,0,17,0,false,false
BASELINE,157,,77,0,0,17,0,false,false
BASELINE,181,,62,0,0,17,0,false,false
BASELINE,187,,67,0,0,17,0,false,false
BASELINE,184,,70,0,0,17,0,false,false
BASELINE,156,,73,0,0,17,0,false,false
BASELINE,169,,71,0,0,17,0,false,false
BASELINE,173,,74,0,0,17,0,false,false
BASELINE,160,,62,0,0,17,0,false,false
BASELINE,171,,61,0,0,17,0,false,false
BASELINE,177,,61,0,0,17,0,false,false
BASELINE,166,,63,0,0,17,0,false,false
BASELINE,148,,67,0,0,17,0,false,false
BASELINE,150,,75,0,0,17,0,false,false
BASELINE,177,,70,0,0,17,0,false,false
BASELINE,180,,61,0,0,17,0,false,false
BASELINE,187,,66,0,0,17,0,false,false
BASELINE,164,,66,0,0,17,0,false,false
BASELINE,177,,63,0,0,17,0,false,false
BASELINE,163,,76,0,0,17,0,false,false
BASELINE,188,,74,0,0,17,0,false,false
BASELINE,193,,66,0,0,17,0,false,false
BASELINE,133,,67,0,0,17,0,false,false
BASELINE,160,,65,0,0,17,0,false,false
BASELINE,156,,69,0,0,17,0,false,false
BASELINE,186,,69,0,0,17,0,false,false
BASELINE,173,,63,0,0,17,0,false,false
BASELINE,160,,63,0,0,17,0,false,false
BASELINE,193,,74,0,0,17,0,false,false
BASELINE,179,,70,0,0,17,0,false,false
BASELINE,155,,66,0,0,17,0,false,false
BASELINE,165,,63,0,0,17,0,false,false
BASELINE,159,,72,0,0,17,0,false,false
BASELINE,176,,69,0,0,17,0,false,false
BASELINE,168,,70,0,0,17,0,false,false
BASELINE,193,,64,0,0,17,0,false,false
BASELINE,154,,68,0,0,17,0,false,false
BASELINE,180,,62,0,0,17,0,false,false
BASELINE,147,,71,0,0,17,0,false,false
BASELINE,167,,74,0,0,17,0,false,false
BASELINE,178,,69,0,0,17,0,false,false
BASELINE,193,,65,0,0,17,0,false,false
BASELINE,201,,64,0,0,17,0,false,false
BASELINE,151,,74,0,0,17,0,false,false
BASELINE,166,,66,0,0,17,0,false,false
BASELINE,182,,72,0,0,17,0,false,false
BASELINE,160,,67,0,0,17,0,false,false
BASELINE,201,,75,0,0,17,0,false,false
BASELINE,133,,76,0,0,17,0,false,false
BASELINE,150,,66,0,0,17,0,false,false
BASELINE,183,,66,0,0,17,0,false,false
BASELINE,163,,70,0,0,17,0,false,false
BASELINE,190,,75,0,0,17,0,false,false
BASELINE,156,,70,0,0,17,0,false,false
BASELINE,214,,67,0,0,17,0,false,false
BASELINE,179,,63,0,0,17,0,false,false
BASELINE,176,,61,0,0,17,0,false,false
BASELINE,194,,67,0,0,17,0,false,false
BASELINE,166,,76,0,0,17,0,false,false
BASELINE,202,,65,0,0,17,0,false,false
BASELINE,171,,70,0,0,17,0,false,false
BASELINE,174,,72,0,0,17,0,false,false
BASELINE,146,,71,0,0,17,0,false,false
BASELINE,154,,65,0,0,17,0,false,false
BASELINE,168,,63,0,0,17,0,false,false
BASELINE,189,,73,0,0,17,0,false,false
BASELINE,165,,76,0,0,17,0,false,false
BASELINE,141,,69,0,0,17,0,false,false
BASELINE,166,,69,0,0,17,0,false,false
BASELINE,153,,75,0,0,17,0,false,false
BASELINE,190,,70,0,0,17,0,false,false
BASELINE,197,,75,0,0,17,0,false,false
BASELINE,172,,64,0,0,17,0,false,false
BASELINE,137,,71,0,0,17,0,false,false
BASELINE,188,,71,0,0,17,0,false,false
BASELINE,162,,67,0,0,17,0,false,false
BASELINE,157,,66,0,0,17,0,false,false
BASELINE,152,,68,0,0,17,0,false,false
BASELINE,155,,70,0,0,17,0,false,false
BASELINE,173,,69,0,0,17,0,false,false
BASELINE,171,,74,0,0,17,0,false,false
BASELINE,174,,75,0,0,17,0,false,false
BASELINE,178,,61,0,0,17,0,false,false
BASELINE,171,,67,0,0,17,0,false,false
BASELINE,170,,74,0,0,17,0,false,false
BASELINE,159,,74,0,0,17,0,false,false
BASELINE,177,,70,0,0,17,0,false,false
BASELINE,155,,71,0,0,17,0,false,false
BASELINE,172,,77,0,0,17,0,false,false
BASELINE,184,,65,0,0,17,0,false,false
BASELINE,160,,77,0,0,17,0,false,false
BASELINE,156,,63,0,0,17,0,false,false
BASELINE,180,,67,0,0,17,0,false,false
BASELINE,164,,67,0,0,17,0,false,false
BASELINE,185,,61,0,0,17,0,false,false
BASELINE,176,,70,0,0,17,0,false,false
BASELINE,182,,72,0,0,17,0,false,false
BASELINE,146,,76,0,0,17,0,false,false
BASELINE,164,,74,0,0,17,0,false,false
BASELINE,160,,66,0,0,17,0,false,false
BASELINE,161,,68,0,0,17,0,false,false
BASELINE,195,,73,0,0,17,0,false,false
BASELINE,190,,77,0,0,17,0,false,false
BASELINE,185,,70,0,0,17,0,false,false
BASELINE,145,,70,0,0,17,0,false,false
BASELINE,138,,74,0,0,17,0,false,false
BASELINE,183,,65,0,0,17,0,false,false
BASELINE,175,,70,0,0,17,0,false,false
BASELINE,168,,73,0,0,17,0,false,false
BASELINE,168,,70,0,0,17,0,false,false
BASELINE,162,,67,0,0,17,0,false,false
BASELINE,229,,70,0,0,17,0,false,false
BASELINE,176,,71,0,0,17,0,false,false
BASELINE,156,,70,0,0,17,0,false,false
BASELINE,163,,68,0,0,17,0,false,false
BASELINE,160,,77,0,0,17,0,false,false
BASELINE,157,,76,0,0,17,0,false,false
BASELINE,155,,77,0,0,17,0,false,false
BASELINE,142,,70,0,0,17,0,false,false
BASELINE,164,,75,0,0,17,0,false,false
BASELINE,174,,71,0,0,17,0,false,false
BASELINE,188,,74,0,0,17,0,false,false
BASELINE,166,,61,0,0,17,0,false,false
BASELINE,180,,68,0,0,17,0,false,false
BASELINE,159,,75,0,0,17,0,false,false
BASELINE,174,,73,0,0,17,0,false,false
BASELINE,182,,68,0,0,17,0,false,false
BASELINE,168,,77,0,0,17,0,false,false
BASELINE,145,,77,0,0,17,0,false,false
BASELINE,151,,73,0,0,17,0,false,false
BASELINE,177,,72,0,0,17,0,false,false
BASELINE,174,,61,0,0,17,0,false,false
BASELINE,169,,68,0,0,17,0,false,false
BASELINE,182,,73,0,0,17,0,false,false
BASELINE,186,,64,0,0,17,0,false,false
BASELINE,164,,70,0,0,17,0,false,false
BASELINE,170,,77,0,0,17,0,false,false
BASELINE,157,,68,0,0,17,0,false,false
BASELINE,167,,74,0,0,17,0,false,false
BASELINE,186,,75,0,0,17,0,false,false
BASELINE,181,,68,0,0,17,0,false,false
BASELINE,173,,69,0,0,17,0,false,false
BASELINE,171,,64,0,0,17,0,false,false
BASELINE,177,,62,0,0,17,0,false,false
BASELINE,190,,74,0,0,17,0,false,false
BASELINE,165,,75,0,0,17,0,false,false
BASELINE,172,,63,0,0,17,0,false,false
BASELINE,174,,66,0,0,17,0,false,false
BASELINE,171,,74,0,0,17,0,false,false
BASELINE,159,,63,0,0,17,0,false,false
BASELINE,153,,66,0,0,17,0,false,false
BASELINE,191,,75,0,0,17,0,false,false
BASELINE,174,,72,0,0,17,0,false,false
BASELINE,187,,71,0,0,17,0,false,false
BASELINE,180,,62,0,0,17,0,false,false
BASELINE,163,,62,0,0,17,0,false,false
BASELINE,156,,73,0,0,17,0,false,false
BASELINE,163,,61,0,0,17,0,false,false
BASELINE,143,,77,0,0,17,0,false,false
BASELINE,176,,65,0,0,17,0,false,false
BASELINE,162,,69,0,0,17,0,false,false
BASELINE,136,,65,0,0,17,0,false,false
BASELINE,208,,63,0,0,17,0,false,false
BASELINE,180,,68,0,0,17,0,false,false
BASELINE,134,,66,0,0,17,0,false,false
BASELINE,167,,66,0,0,17,0,false,false
BASELINE,206,,65,0,0,17,0,false,false
BASELINE,181,,73,0,0,17,0,false,false
BASELINE,176,,71,0,0,17,0,false,false
BASELINE,190,,62,0,0,17,0,false,false
BASELINE,176,,75,0,0,17,0,false,false
BASELINE,169,,62,0,0,17,0,false,false
BASELINE,157,,64,0,0,17,0,false,false
BASELINE,162,,74,0,0,17,0,false,false
BASELINE,181,,75,0,0,17,0,false,false
BASELINE,173,,71,0,0,17,0,false,false
BASELINE,167,,74,0,0,17,0,false,false
BASELINE,195,,73,0,0,17,0,false,false
BASELINE,150,,62,0,0,17,0,false,false
BASELINE,168,,72,0,0,17,0,false,false
BASELINE,151,,77,0,0,17,0,false,false
BASELINE,196,,74,0,0,17,0,false,false
BASELINE,165,,71,0,0,17,0,false,false
BASELINE,177,,64,0,0,17,0,false,false
BASELINE,156,,61,0,0,17,0,false,false
BASELINE,192,,63,0,0,17,0,false,false
BASELINE,155,,65,0,0,17,0,false,false
BASELINE,176,,64,0,0,17,0,false,false
BASELINE,172,,73,0,0,17,0,false,false
BASELINE,171,,74,0,0,17,0,false,false
BASELINE,166,,63,0,0,17,0,false,false
BASELINE,192,,70,0,0,17,0,false,false
BASELINE,176,,76,0,0,17,0,false,false
BASELINE,170,,71,0,0,17,0,false,false
BASELINE,176,,76,0,0,17,0,false,false
BASELINE,200,,67,0,0,17,0,false,false
BASELINE,180,,68,0,0,17,0,false,false
BASELINE,174,,65,0,0,17,0,false,false
BASELINE,189,,64,0,0,17,0,false,false
BASELINE,189,,71,0,0,17,0,false,false
BASELINE,158,,66,0,0,17,0,false,false
BASELINE,176,,70,0,0,17,0,false,false
BASELINE,162,,61,0,0,17,0,false,false
BASELINE,197,,75,0,0,17,0,false,false
BASELINE,197,,66,0,0,17,0,false,false
BASELINE,178,,67,0,0,17,0,false,false
BASELINE,179,,64,0,0,17,0,false,false
BASELINE,162,,69,0,0,17,0,false,false
BASELINE,190,,71,0,0,17,0,false,false
BASELINE,158,,63,0,0,17,0,false,false
BASELINE,194,,62,0,0,17,0,false,false
BASELINE,196,,72,0,0,17,0,false,false
BASELINE,191,,73,0,0,17,0,false,false
BASELINE,195,,66,0,0,17,0,false,false
BASELINE,185,,67,0,0,17,0,false,false
BASELINE,175,,68,0,0,17,0,false,false
BASELINE,211,,61,0,0,17,0,false,false
BASELINE,170,,72,0,0,17,0,false,false
BASELINE,151,,76,0,0,17,0,false,false
BASELINE,166,,70,0,0,17,0,false,false
BASELINE,156,,63,0,0,17,0,false,false
BASELINE,177,,73,0,0,17,0,false,false
BASELINE,154,,66,0,0,17,0,false,false
BASELINE,159,,77,0,0,17,0,false,false
BASELINE,178,,71,0,0,17,0,false,false
BASELINE,194,,66,0,0,17,0,false,false
BASELINE,168,,69,0,0,17,0,false,false
BASELINE,200,,75,0,0,17,0,false,false
BASELINE,151,,67,0,0,17,0,false,false
BASELINE,175,,72,0,0,17,0,false,false
BASELINE,158,,68,0,0,17,0,false,false
BASELINE,177,,72,0,0,17,0,false,false
BASELINE,146,,74,0,0,17,0,false,false
BASELINE,198,,64,0,0,17,0,false,false
BASELINE,194,,77,0,0,17,0,false,false
BASELINE,155,,70,0,0,17,0,false,false
BASELINE,161,,64,0,0,17,0,false,false
BASELINE,137,,63,0,0,17,0,false,false
BASELINE,169,,69,0,0,17,0,false,false
BASELINE,164,,65,0,0,17,0,false,false
BASELINE,180,,67,0,0,17,0,false,false
BASELINE,178,,76,0,0,17,0,false,false
BASELINE,174,,77,0,0,17,0,false,false
BASELINE,164,,64,0,0,17,0,false,false
BASELINE,151,,76,0,0,17,0,false,false
BASELINE,183,,65,0,0,17,0,false,false
BASELINE,188,,64,0,0,17,0,false,false
BASELINE,208,,68,0,0,17,0,false,false
BASELINE,187,,63,0,0,17,0,false,false
BASELINE,155,,67,0,0,17,0,false,false
BASELINE,177,,77,0,0,17,0,false,false
BASELINE,175,,70,0,0,17,0,false,false
BASELINE,190,,65,0,0,17,0,false,false
BASELINE,162,,62,0,0,17,0,false,false
BASELINE,183,,63,0,0,17,0,false,false
BASELINE,136,,73,0,0,17,0,false,false
BASELINE,174,,66,0,0,17,0,false,false
BASELINE,171,,67,0,0,17,0,false,false
BASELINE,154,,67,0,0,17,0,false,false
BASELINE,164,,72,0,0,17,0,false,false
BASELINE,175,,66,0,0,17,0,false,false
BASELINE,172,,63,0,0,17,0,false,false
BASELINE,151,,68,0,0,17,0,false,false
BASELINE,155,,61,0,0,17,0,false,false
BASELINE,163,,74,0,0,17,0,false,false
BASELINE,182,,70,0,0,17,0,false,false
BASELINE,170,,62,0,0,17,0,false,false
BASELINE,194,,71,0,0,17,0,false,false
BASELINE,187,,63,0,0,17,0,false,false
BASELINE,162,,63,0,0,17,0,false,false
BASELINE,174,,70,0,0,17,0,false,false
BASELINE,176,,64,0,0,17,0,false,false
BASELINE,166,,72,0,0,17,0,false,false
BASELINE,149,,68,0,0,17,0,false,false
BASELINE,147,,75,0,0,17,0,false,false
BASELINE,178,,76,0,0,17,0,false,false
BASELINE,156,,73,0,0,17,0,false,false
BASELINE,183,,62,0,0,17,0,false,false
BASELINE,203,,76,0,0,17,0,false,false
BASELINE,167,,76,0,0,17,0,false,false
BASELINE,171,,61,0,0,17,0,false,false
BASELINE,176,,70,0,0,17,0,false,false
BASELINE,185,,64,0,0,17,0,false,false
BASELINE,146,,69,0,0,17,0,false,false
BASELINE,158,,61,0,0,17,0,false,false
BASELINE,164,,62,0,0,17,0,false,false
BASELINE,186,,72,0,0,17,0,false,false
BASELINE,155,,66,0,0,17,0,false,false
BASELINE,173,,61,0,0,17,0,false,false
BASELINE,172,,69,0,0,17,0,false,false
BASELINE,183,,71,0,0,17,0,false,false
BASELINE,166,,75,0,0,17,0,false,false
BASELINE,188,,68,0,0,17,0,false,false
BASELINE,185,,66,0,0,17,0,false,false
BASELINE,176,,67,0,0,17,0,false,false
BASELINE,146,,69,0,0,17,0,false,false
BASELINE,178,,64,0,0,17,0,false,false
BASELINE,163,,64,0,0,17,0,false,false
BASELINE,181,,69,0,0,17,0,false,false
BASELINE,174,,77,0,0,17,0,false,false
BASELINE,174,,65,0,0,17,0,false,false
BASELINE,170,,62,0,0,17,0,false,false
BASELINE,165,,64,0,0,17,0,false,false
BASELINE,197,,69,0,0,17,0,false,false
BASELINE,168,,75,0,0,17,0,false,false
BASELINE,201,,72,0,0,17,0,false,false
BASELINE,203,,68,0,0,17,0,false,false
BASELINE,167,,75,0,0,17,0,false,false
BASELINE,179,,72,0,0,17,0,false,false
BASELINE,173,,71,0,0,17,0,false,false
BASELINE,151,,67,0,0,17,0,false,false
BASELINE,179,,62,0,0,17,0,false,false
BASELINE,200,,77,0,0,17,0,false,false
BASELINE,161,,67,0,0,17,0,false,false
BASELINE,169,,69,0,0,17,0,false,false
BASELINE,160,,72,0,0,17,0,false,false
BASELINE,165,,68,0,0,17,0,false,false
BASELINE,168,,74,0,0,17,0,false,false
BASELINE,155,,75,0,0,17,0,false,false
BASELINE,170,,62,0,0,17,0,false,false
BASELINE,167,,71,0,0,17,0,false,false
BASELINE,158,,67,0,0,17,0,false,false
BASELINE,191,,75,0,0,17,0,false,false
BASELINE,189,,63,0,0,17,0,false,false
BASELINE,179,,64,0,0,17,0,false,false
BASELINE,170,,68,0,0,17,0,false,false
BASELINE,154,,67,0,0,17,0,false,false
BASELINE,154,,74,0,0,17,0,false,false
BASELINE,168,,77,0,0,17,0,false,false
BASELINE,178,,66,0,0,17,0,false,false
BASELINE,177,,62,0,0,17,0,false,false
BASELINE,145,,64,0,0,17,0,false,false
BASELINE,170,,65,0,0,17,0,false,false
BASELINE,173,,62,0,0,17,0,false,false
BASELINE,175,,68,0,0,17,0,false,false
BASELINE,212,,65,0,0,17,0,false,false
BASELINE,184,,68,0,0,17,0,false,false
BASELINE,148,,76,0,0,17,0,false,false
BASELINE,152,,65,0,0,17,0,false,false
BASELINE,166,,67,0,0,17,0,false,false
BASELINE,169,,71,0,0,17,0,false,false
BASELINE,166,,64,0,0,17,0,false,false
BASELINE,186,,76,0,0,17,0,false,false
BASELINE,191,,66,0,0,17,0,false,false
BASELINE,153,,76,0,0,17,0,false,false
BASELINE,147,,66,0,0,17,0,false,false
BASELINE,154,,69,0,0,17,0,false,false
BASELINE,183,,66,0,0,17,0,false,false
BASELINE,180,,69,0,0,17,0,false,false
BASELINE,168,,69,0,0,17,0,false,false
BASELINE,177,,68,0,0,17,0,false,false
BASELINE,195,,63,0,0,17,0,false,false
BASELINE,153,,69,0,0,17,0,false,false
BASELINE,178,,62,0,0,17,0,false,false
BASELINE,179,,66,0,0,17,0,false,false
BASELINE,197,,71,0,0,17,0,false,false
BASELINE,186,,75,0,0,17,0,false,false
BASELINE,158,,62,0,0,17,0,false,false
BASELINE,144,,77,0,0,17,0,false,false
BASELINE,171,,77,0,0,17,0,false,false
BASELINE,146,,62,0,0,17,0,false,false
BASELINE,181,,65,0,0,17,0,false,false
BASELINE,196,,65,0,0,17,0,false,false
BASELINE,150,,76,0,0,17,0,false,false
BASELINE,155,,65,0,0,17,0,false,false
BASELINE,183,,70,0,0,17,0,false,false
BASELINE,192,,62,0,0,17,0,false,false
BASELINE,175,,63,0,0,17,0,false,false
BASELINE,175,,72,0,0,17,0,false,false
BASELINE,178,,63,0,0,17,0,false,false
BASELINE,172,,75,0,0,17,0,false,false
BASELINE,189,,69,0,0,17,0,false,false
BASELINE,173,,77,0,0,17,0,false,false
BASELINE,189,,67,0,0,17,0,false,false
BASELINE,173,,69,0,0,17,0,false,false
BASELINE,186,,75,0,0,17,0,false,false
BASELINE,167,,77,0,0,17,0,false,false
BASELINE,181,,72,0,0,17,0,false,false
BASELINE,156,,65,0,0,17,0,false,false
BASELINE,178,,77,0,0,17,0,false,false
BASELINE,180,,63,0,0,17,0,false,false
BASELINE,150,,76,0,0,17,0,false,false
BASELINE,181,,72,0,0,17,0,false,false
BASELINE,152,,62,0,0,17,0,false,false
BASELINE,170,,74,0,0,17,0,false,false
BASELINE,180,,70,0,0,17,0,false,false
BASELINE,183,,65,0,0,17,0,false,false
BASELINE,173,,70,0,0,17,0,false,false
BASELINE,153,,77,0,0,17,0,false,false
BASELINE,143,,70,0,0,17,0,false,false
BASELINE,179,,61,0,0,17,0,false,false
BASELINE,184,,74,0,0,17,0,false,false
BASELINE,156,,74,0,0,17,0,false,false
BASELINE,149,,63,0,0,17,0,false,false
BASELINE,149,,74,0,0,17,0,false,false
BASELINE,180,,68,0,0,17,0,false,false
BASELINE,166,,77,0,0,17,0,false,false
BASELINE,176,,67,0,0,17,0,false,false
BASELINE,148,,77,0,0,17,0,false,false
BASELINE,163,,63,0,0,17,0,false,false
BASELINE,165,,61,0,0,17,0,false,false
BASELINE,166,,75,0,0,17,0,false,false
BASELINE,145,,67,0,0,17,0,false,false
BASELINE,193,,77,0,0,17,0,false,false
BASELINE,178,,62,0,0,17,0,false,false
BASELINE,150,,66,0,0,17,0,false,false
BASELINE,155,,62,0,0,17,0,false,false
BASELINE,154,,69,0,0,17,0,false,false
BASELINE,162,,61,0,0,17,0,false,false
BASELINE,181,,70,0,0,17,0,false,false
BASELINE,173,,66,0,0,17,0,false,false
BASELINE,166,,62,0,0,17,0,false,false
BASELINE,205,,66,0,0,17,0,false,false
BASELINE,179,,68,0,0,17,0,false,false
BASELINE,156,,61,0,0,17,0,false,false
BASELINE,189,,72,0,0,17,0,false,false
BASELINE,183,,63,0,0,17,0,false,false
BASELINE,167,,70,0,0,17,0,false,false
BASELINE,126,,64,0,0,17,0,false,false
BASELINE,182,,65,0,0,17,0,false,false
BASELINE,198,,75,0,0,17,0,false,false
BASELINE,173,,63,0,0,17,0,false,false
BASELINE,172,,68,0,0,17,0,false,false
BASELINE,171,,65,0,0,17,0,false,false
BASELINE,163,,71,0,0,17,0,false,false
BASELINE,152,,63,0,0,17,0,false,false
BASELINE,158,,73,0,0,17,0,false,false
BASELINE,185,,68,0,0,17,0,false,false
BASELINE,166,,76,0,0,17,0,false,false
BASELINE,170,,73,0,0,17,0,false,false
BASELINE,176,,71,0,0,17,0,false,false
BASELINE,193,,75,0,0,17,0,false,false
BASELINE,193,,67,0,0,17,0,false,false
BASELINE,164,,76,0,0,17,0,false,false
BASELINE,161,,69,0,0,17,0,false,false
BASELINE,192,,64,0,0,17,0,false,false
BASELINE,156,,76,0,0,17,0,false,false
BASELINE,178,,62,0,0,17,0,false,false
BASELINE,175,,67,0,0,17,0,false,false
BASELINE,176,,62,0,0,17,0,false,false
BASELINE,189,,66,0,0,17,0,false,false
BASELINE,191,,68,0,0,17,0,false,false
BASELINE,160,,67,0,0,17,0,false,false
BASELINE,150,,77,0,0,17,0,false,false
BASELINE,169,,73,0,0,17,0,false,false
BASELINE,164,,75,0,0,17,0,false,false
BASELINE,168,,76,0,0,17,0,false,false
BASELINE,158,,71,0,0,17,0,false,false
BASELINE,189,,64,0,0,17,0,false,false
BASELINE,149,,66,0,0,17,0,false,false
BASELINE,172,,68,0,0,17,0,false,false
BASELINE,157,,68,0,0,17,0,false,false
BASELINE,166,,68,0,0,17,0,false,false
BASELINE,181,,64,0,0,17,0,false,false
BASELINE,164,,74,0,0,17,0,false,false
BASELINE,173,,67,0,0,17,0,false,false
BASELINE,183,,71,0,0,17,0,false,false
BASELINE,214,,71,0,0,17,0,false,false
BASELINE,177,,66,0,0,17,0,false,false
BASELINE,181,,65,0,0,17,0,false,false
BASELINE,144,,72,0,0,17,0,false,false
BASELINE,164,,73,0,0,17,0,false,false
BASELINE,193,,75,0,0,17,0,false,false
BASELINE,174,,68,0,0,17,0,false,false
BASELINE,162,,63,0,0,17,0,false,false
BASELINE,187,,64,0,0,17,0,false,false
BASELINE,169,,75,0,0,17,0,false,false
BASELINE,150,,66,0,0,17,0,false,false
BASELINE,166,,69,0,0,17,0,false,false
BASELINE,189,,72,0,0,17,0,false,false
BASELINE,188,,74,0,0,17,0,false,false
BASELINE,144,,69,0,0,17,0,false,false
BASELINE,177,,77,0,0,17,0,false,false
BASELINE,163,,65,0,0,17,0,false,false
BASELINE,184,,68,0,0,17,0,false,false
BASELINE,175,,70,0,0,17,0,false,false
BASELINE,170,,62,0,0,17,0,false,false
BASELINE,143,,66,0,0,17,0,false,false
BASELINE,198,,72,0,0,17,0,false,false
BASELINE,145,,75,0,0,17,0,false,false
BASELINE,203,,71,0,0,17,0,false,false
BASELINE,164,,70,0,0,17,0,false,false
BASELINE,151,,69,0,0,17,0,false,false
BASELINE,168,,67,0,0,17,0,false,false
BASELINE,171,,70,0,0,17,0,false,false
BASELINE,189,,65,0,0,17,0,false,false
BASELINE,179,,62,0,0,17,0,false,false
BASELINE,168,,64,0,0,17,0,false,false
BASELINE,177,,65,0,0,17,0,false,false
BASELINE,135,,64,0,0,17,0,false,false
BASELINE,167,,66,0,0,17,0,false,false
BASELINE,185,,76,0,0,17,0,false,false
BASELINE,164,,67,0,0,17,0,false,false
BASELINE,175,,70,0,0,17,0,false,false
BASELINE,164,,76,0,0,17,0,false,false
BASELINE,178,,64,0,0,17,0,false,false
BASELINE,157,,70,0,0,17,0,false,false
BASELINE,180,,64,0,0,17,0,false,false
BASELINE,130,,70,0,0,17,0,false,false
BASELINE,200,,73,0,0,17,0,false,false
BASELINE,191,,71,0,0,17,0,false,false
BASELINE,144,,69,0,0,17,0,false,false
BASELINE,152,,76,0,0,17,0,false,false
BASELINE,164,,77,0,0,17,0,false,false
BASELINE,187,,67,0,0,17,0,false,false
BASELINE,173,,64,0,0,17,0,false,false
BASELINE,168,,69,0,0,17,0,false,false
BASELINE,176,,73,0,0,17,0,false,false
BASELINE,194,,65,0,0,17,0,false,false
BASELINE,186,,77,0,0,17,0,false,false
BASELINE,165,,75,0,0,17,0,false,false
BASELINE,147,,67,0,0,17,0,false,false
BASELINE,151,,70,0,0,17,0,false,false
BASELINE,198,,68,0,0,17,0,false,false
BASELINE,183,,67,0,0,17,0,false,false
BASELINE,174,,65,0,0,17,0,false,false
BASELINE,165,,75,0,0,17,0,false,false
BASELINE,168,,66,0,0,17,0,false,false
BASELINE,171,,64,0,0,17,0,false,false
BASELINE,188,,72,0,0,17,0,false,false
BASELINE,162,,66,0,0,17,0,false,false
BASELINE,166,,70,0,0,17,0,false,false
BASELINE,184,,72,0,0,17,0,false,false
BASELINE,144,,68,0,0,17,0,false,false
BASELINE,172,,74,0,0,17,0,false,false
BASELINE,151,,70,0,0,17,0,false,false
BASELINE,152,,61,0,0,17,0,false,false
BASELINE,148,,69,0,0,17,0,false,false
BASELINE,169,,65,0,0,17,0,false,false
BASELINE,177,,75,0,0,17,0,false,false
BASELINE,136,,71,0,0,17,0,false,false
BASELINE,212,,68,0,0,17,0,false,false
BASELINE,142,,66,0,0,17,0,false,false
BASELINE,185,,73,0,0,17,0,false,false
BASELINE,149,,73,0,0,17,0,false,false
BASELINE,166,,67,0,0,17,0,false,false
BASELINE,172,,75,0,0,17,0,false,false
BASELINE,160,,65,0,0,17,0,false,false
BASELINE,163,,71,0,0,17,0,false,false
BASELINE,146,,66,0,0,17,0,false,false
BASELINE,162,,70,0,0,17,0,false,false
BASELINE,168,,66,0,0,17,0,false,false
BASELINE,168,,75,0,0,17,0,false,false
BASELINE,175,,76,0,0,17,0,false,false
BASELINE,185,,72,0,0,17,0,false,false
BASELINE,162,,64,0,0,17,0,false,false
BASELINE,184,,62,0,0,17,0,false,false
BASELINE,178,,73,0,0,17,0,false,false
BASELINE,194,,70,0,0,17,0,false,false
BASELINE,183,,75,0,0,17,0,false,false
BASELINE,171,,65,0,0,17,0,false,false
BASELINE,166,,66,0,0,17,0,false,false
BASELINE,162,,62,0,0,17,0,false,false
BASELINE,164,,73,0,0,17,0,false,false
BASELINE,151,,70,0,0,17,0,false,false
BASELINE,171,,72,0,0,17,0,false,false
BASELINE,172,,69,0,0,17,0,false,false
BASELINE,179,,68,0,0,17,0,false,false
BASELINE,176,,72,0,0,17,0,false,false
BASELINE,172,,71,0,0,17,0,false,false
BASELINE,163,,76,0,0,17,0,false,false
BASELINE,186,,73,0,0,17,0,false,false
BASELINE,202,,77,0,0,17,0,false,false
BASELINE,161,,76,0,0,17,0,false,false
BASELINE,191,,61,0,0,17,0,false,false
BASELINE,176,,63,0,0,17,0,false,false
BASELINE,161,,64,0,0,17,0,false,false
BASELINE,174,,75,0,0,17,0,false,false
BASELINE,182,,71,0,0,17,0,false,false
BASELINE,178,,76,0,0,17,0,false,false
BASELINE,170,,73,0,0,17,0,false,false
BASELINE,193,,62,0,0,17,0,false,false
BASELINE,146,,75,0,0,17,0,false,false
BASELINE,161,,68,0,0,17,0,false,false
BASELINE,186,,66,0,0,17,0,false,false
BASELINE,156,,66,0,0,17,0,false,false
BASELINE,180,,76,0,0,17,0,false,false
BASELINE,170,,67,0,0,17,0,false,false
BASELINE,164,,62,0,0,17,0,false,false
BASELINE,167,,73,0,0,17,0,false,false
BASELINE,148,,69,0,0,17,0,false,false
BASELINE,183,,76,0,0,17,0,false,false
BASELINE,181,,77,0,0,17,0,false,false
BASELINE,171,,73,0,0,17,0,false,false
BASELINE,159,,73,0,0,17,0,false,false
BASELINE,177,,61,0,0,17,0,false,false
BASELINE,181,,70,0,0,17,0,false,false
BASELINE,156,,72,0,0,17,0,false,false
BASELINE,155,,61,0,0,17,0,false,false
BASELINE,186,,66,0,0,17,0,false,false
BASELINE,169,,66,0,0,17,0,false,false
BASELINE,183,,71,0,0,17,0,false,false
BASELINE,175,,74,0,0,17,0,false,false
BASELINE,149,,68,0,0,17,0,false,false
BASELINE,166,,70,0,0,17,0,false,false
BASELINE,165,,72,0,0,17,0,false,false
BASELINE,172,,76,0,0,17,0,false,false
BASELINE,176,,77,0,0,17,0,false,false
BASELINE,153,,77,0,0,17,0,false,false
BASELINE,162,,64,0,0,17,0,false,false
BASELINE,172,,65,0,0,17,0,false,false
BASELINE,182,,68,0,0,17,0,false,false
BASELINE,174,,62,0,0,17,0,false,false
BASELINE,163,,72,0,0,17,0,false,false
BASELINE,189,,67,0,0,17,0,false,false
BASELINE,163,,76,0,0,17,0,false,false
BASELINE,142,,74,0,0,17,0,false,false
BASELINE,181,,64,0,0,17,0,false,false
BASELINE,154,,72,0,0,17,0,false,false
BASELINE,186,,63,0,0,17,0,false,false
BASELINE,175,,68,0,0,17,0,false,false
BASELINE,185,,69,0,0,17,0,false,false
BASELINE,179,,74,0,0,17,0,false,false
BASELINE,162,,66,0,0,17,0,false,false
BASELINE,188,,73,0,0,17,0,false,false
BASELINE,175,,63,0,0,17,0,false,false
BASELINE,168,,66,0,0,17,0,false,false
BASELINE,174,,67,0,0,17,0,false,false
BASELINE,159,,65,0,0,17,0,false,false
BASELINE,174,,70,0,0,17,0,false,false
BASELINE,190,,63,0,0,17,0,false,false
BASELINE,196,,72,0,0,17,0,false,false
BASELINE,190,,72,0,0,17,0,false,false
BASELINE,165,,71,0,0,17,0,false,false
BASELINE,182,,76,0,0,17,0,false,false
BASELINE,178,,69,0,0,17,0,false,false
BASELINE,139,,74,0,0,17,0,false,false
BASELINE,164,,69,0,0,17,0,false,false
BASELINE,188,,66,0,0,17,0,false,false
BASELINE,155,,64,0,0,17,0,false,false
BASELINE,168,,62,0,0,17,0,false,false
BASELINE,168,,75,0,0,17,0,false,false
BASELINE,150,,70,0,0,17,0,false,false
BASELINE,161,,64,0,0,17,0,false,false
BASELINE,170,,64,0,0,17,0,false,false
BASELINE,170,,74,0,0,17,0,false,false
BASELINE,201,,66,0,0,17,0,false,false
BASELINE,175,,71,0,0,17,0,false,false
BASELINE,150,,68,0,0,17,0,false,false
BASELINE,167,,66,0,0,17,0,false,false
BASELINE,188,,64,0,0,17,0,false,false
BASELINE,188,,77,0,0,17,0,false,false
BASELINE,141,,63,0,0,17,0,false,false
BASELINE,140,,70,0,0,17,0,false,false
BASELINE,172,,62,0,0,17,0,false,false
BASELINE,171,,61,0,0,17,0,false,false
BASELINE,175,,64,0,0,17,0,false,false
BASELINE,170,,69,0,0,17,0,false,false
BASELINE,189,,77,0,0,17,0,false,false
BASELINE,169,,73,0,0,17,0,false,false
BASELINE,162,,69,0,0,17,0,false,false
BASELINE,192,,77,0,0,17,0,false,false
BASELINE,189,,70,0,0,17,0,false,false
BASELINE,156,,62,0,0,17,0,false,false
BASELINE,159,,64,0,0,17,0,false,false
BASELINE,192,,77,0,0,17,0,false,false
BASELINE,186,,75,0,0,17,0,false,false
BASELINE,187,,63,0,0,17,0,false,false
BASELINE,165,,67,0,0,17,0,false,false
BASELINE,172,,73,0,0,17,0,false,false
BASELINE,155,,73,0,0,17,0,false,false
BASELINE,182,,65,0,0,17,0,false,false
BASELINE,163,,75,0,0,17,0,false,false
BASELINE,153,,68,0,0,17,0,false,false
BASELINE,177,,67,0,0,17,0,false,false
BASELINE,181,,77,0,0,17,0,false,false
BASELINE,173,,63,0,0,17,0,false,false
BASELINE,144,,71,0,0,17,0,false,false
BASELINE,148,,64,0,0,17,0,false,false
BASELINE,154,,64,0,0,17,0,false,false
BASELINE,167,,66,0,0,17,0,false,false
BASELINE,183,,71,0,0,17,0,false,false
BASELINE,152,,72,0,0,17,0,false,false
BASELINE,185,,63,0,0,17,0,false,false
BASELINE,154,,65,0,0,17,0,false,false
BASELINE,177,,69,0,0,17,0,false,false
BASELINE,186,,65,0,0,17,0,false,false
BASELINE,162,,62,0,0,17,0,false,false
BASELINE,203,,71,0,0,17,0,false,false
BASELINE,155,,68,0,0,17,0,false,false
BASELINE,176,,70,0,0,17,0,false,false
BASELINE,175,,65,0,0,17,0,false,false
BASELINE,166,,72,0,0,17,0,false,false
BASELINE,165,,69,0,0,17,0,false,false
BASELINE,188,,69,0,0,17,0,false,false
BASELINE,160,,74,0,0,17,0,false,false
BASELINE,156,,62,0,0,17,0,false,false
BASELINE,160,,74,0,0,17,0,false,false
BASELINE,178,,64,0,0,17,0,false,false
BASELINE,176,,63,0,0,17,0,false,false
BASELINE,168,,62,0,0,17,0,false,false
BASELINE,180,,61,0,0,17,0,false,false
BASELINE,161,,67,0,0,17,0,false,false
BASELINE,166,,77,0,0,17,0,false,false
BASELINE,160,,70,0,0,17,0,false,false
BASELINE,175,,77,0,0,17,0,false,false
BASELINE,201,,73,0,0,17,0,false,false
BASELINE,175,,71,0,0,17,0,false,false
BASELINE,173,,75,0,0,17,0,false,false
BASELINE,160,,63,0,0,17,0,false,false
BASELINE,173,,65,0,0,17,0,false,false
BASELINE,194,,74,0,0,17,0,false,false
BASELINE,199,,73,0,0,17,0,false,false
BASELINE,180,,75,0,0,17,0,false,false
BASELINE,156,,66,0,0,17,0,false,false
BASELINE,154,,61,0,0,17,0,false,false
BASELINE,157,,68,0,0,17,0,false,false
BASELINE,174,,62,0,0,17,0,false,false
BASELINE,197,,65,0,0,17,0,false,false
BASELINE,167,,74,0,0,17,0,false,false
BASELINE,176,,66,0,0,17,0,false,false
BASELINE,163,,69,0,0,17,0,false,false
BASELINE,170,,67,0,0,17,0,false,false
BASELINE,159,,70,0,0,17,0,false,false
BASELINE,165,,64,0,0,17,0,false,false
BASELINE,164,,70,0,0,17,0,false,false
BASELINE,186,,71,0,0,17,0,false,false
BASELINE,163,,72,0,0,17,0,false,false
BASELINE,183,,66,0,0,17,0,false,false
BASELINE,165,,63,0,0,17,0,false,false
BASELINE,163,,63,0,0,17,0,false,false
BASELINE,179,,63,0,0,17,0,false,false
BASELINE,173,,68,0,0,17,0,false,false
BASELINE,140,,70,0,0,17,0,false,false
BASELINE,186,,72,0,0,17,0,false,false
BASELINE,189,,66,0,0,17,0,false,false
BASELINE,159,,66,0,0,17,0,false,false
BASELINE,195,,73,0,0,17,0,false,false
BASELINE,158,,74,0,0,17,0,false,false
BASELINE,172,,68,0,0,17,0,false,false
BASELINE,167,,68,0,0,17,0,false,false
BASELINE,169,,62,0,0,17,0,false,false
BASELINE,172,,61,0,0,17,0,false,false
BASELINE,142,,67,0,0,17,0,false,false
BASELINE,165,,73,0,0,17,0,false,false
BASELINE,151,,67,0,0,17,0,false,false
BASELINE,184,,62,0,0,17,0,false,false
BASELINE,173,,72,0,0,17,0,false,false
BASELINE,159,,74,0,0,17,0,false,false
BASELINE,151,,72,0,0,17,0,false,false
BASELINE,185,,69,0,0,17,0,false,false
BASELINE,174,,73,0,0,17,0,false,false
BASELINE,163,,67,0,0,17,0,false,false
BASELINE,169,,77,0,0,17,0,false,false
BASELINE,148,,68,0,0,17,0,false,false
BASELINE,165,,72,0,0,17,0,false,false
BASELINE,140,,77,0,0,17,0,false,false
BASELINE,162,,76,0,0,17,0,false,false
BASELINE,171,,72,0,0,17,0,false,false
BASELINE,163,,67,0,0,17,0,false,false
BASELINE,188,,71,0,0,17,0,false,false
BASELINE,179,,72,0,0,17,0,false,false
BASELINE,172,,72,0,0,17,0,false,false
BASELINE,157,,68,0,0,17,0,false,false
BASELINE,160,,68,0,0,17,0,false,false
BASELINE,165,,70,0,0,17,0,false,false
BASELINE,161,,69,0,0,17,0,false,false
BASELINE,168,,75,0,0,17,0,false,false
BASELINE,165,,77,0,0,17,0,false,false
BASELINE,170,,65,0,0,17,0,false,false
BASELINE,171,,74,0,0,17,0,false,false
BASELINE,182,,77,0,0,17,0,false,false
BASELINE,163,,74,0,0,17,0,false,false
BASELINE,189,,76,0,0,17,0,false,false
BASELINE,164,,66,0,0,17,0,false,false
BASELINE,172,,65,0,0,17,0,false,false
BASELINE,179,,68,0,0,17,0,false,false
BASELINE,164,,62,0,0,17,0,false,false
BASELINE,170,,63,0,0,17,0,false,false
BASELINE,174,,65,0,0,17,0,false,false
BASELINE,185,,63,0,0,17,0,false,false
BASELINE,153,,71,0,0,17,0,false,false
BASELINE,172,,70,0,0,17,0,false,false
BASELINE,171,,64,0,0,17,0,false,false
BASELINE,201,,69,0,0,17,0,false,false
BASELINE,203,,66,0,0,17,0,false,false
BASELINE,184,,74,0,0,17,0,false,false
BASELINE,177,,74,0,0,17,0,false,false
BASELINE,187,,61,0,0,17,0,false,false
BASELINE,165,,62,0,0,17,0,false,false
BASELINE,178,,63,0,0,17,0,false,false
BASELINE,182,,65,0,0,17,0,false,false
BASELINE,164,,70,0,0,17,0,false,false
BASELINE,194,,75,0,0,17,0,false,false
BASELINE,198,,68,0,0,17,0,false,false
BASELINE,164,,62,0,0,17,0,false,false
BASELINE,163,,63,0,0,17,0,false,false
BASELINE,187,,72,0,0,17,0,false,false
BASELINE,174,,65,0,0,17,0,false,false
BASELINE,136,,64,0,0,17,0,false,false
BASELINE,167,,64,0,0,17,0,false,false
BASELINE,185,,72,0,0,17,0,false,false
BASELINE,192,,76,0,0,17,0,false,false
BASELINE,172,,62,0,0,17,0,false,false
BASELINE,154,,66,0,0,17,0,false,false
BASELINE,171,,65,0,0,17,0,false,false
BASELINE,181,,69,0,0,17,0,false,false
BASELINE,175,,62,0,0,17,0,false,false
BASELINE,176,,63,0,0,17,0,false,false
BASELINE,166,,66,0,0,17,0,false,false
BASELINE,157,,62,0,0,17,0,false,false
BASELINE,137,,73,0,0,17,0,false,false
BASELINE,162,,77,0,0,17,0,false,false
BASELINE,185,,67,0,0,17,0,false,false
BASELINE,179,,72,0,0,17,0,false,false
BASELINE,178,,61,0,0,17,0,false,false
BASELINE,153,,74,0,0,17,0,false,false
BASELINE,161,,71,0,0,17,0,false,false
BASELINE,203,,70,0,0,17,0,false,false
BASELINE,160,,73,0,0,17,0,false,false
BASELINE,146,,65,0,0,17,0,false,false
BASELINE,192,,75,0,0,17,0,false,false
BASELINE,134,,68,0,0,17,0,false,false
BASELINE,171,,69,0,0,17,0,false,false
BASELINE,170,,69,0,0,17,0,false,false
BASELINE,148,,73,0,0,17,0,false,false
BASELINE,164,,71,0,0,17,0,false,false
BASELINE,181,,76,0,0,17,0,false,false
BASELINE,188,,75,0,0,17,0,false,false
BASELINE,159,,64,0,0,17,0,false,false
BASELINE,165,,67,0,0,17,0,false,false
BASELINE,182,,64,0,0,17,0,false,false
BASELINE,179,,75,0,0,17,0,false,false
BASELINE,171,,73,0,0,17,0,false,false
BASELINE,152,,65,0,0,17,0,false,false
BASELINE,189,,65,0,0,17,0,false,false
BASELINE,171,,70,0,0,17,0,false,false
CHAOS,55,,70,0,0,17,0,false,false
CHAOS,55,,76,0,0,17,0,false,false
CHAOS,55,,77,0,0,17,0,false,false
CHAOS,55,,71,0,0,17,0,false,false
CHAOS,55,,77,0,0,17,0,false,false
CHAOS,55,,75,0,0,17,0,false,false
CHAOS,55,,73,0,0,17,0,false,false
CHAOS,55,,65,0,0,17,0,false,false
CHAOS,55,,71,0,0,17,0,false,false
CHAOS,55,,74,0,0,17,0,false,false
CHAOS,55,,76,0,0,17,0,false,false
CHAOS,55,,74,0,0,17,0,false,false
CHAOS,55,,61,0,0,17,0,false,false
CHAOS,55,,68,0,0,17,0,false,false
CHAOS,55,,67,0,0,17,0,false,false
CHAOS,55,,69,0,0,17,0,false,false
CHAOS,55,,76,0,0,17,0,false,false
CHAOS,55,,69,0,0,17,0,false,false
CHAOS,55,,74,0,0,17,0,false,false
CHAOS,55,,77,0,0,17,0,false,false
CHAOS,55,,63,0,0,17,0,false,false
CHAOS,55,,65,0,0,17,0,false,false
CHAOS,55,,61,0,0,17,0,false,false
CHAOS,55,,72,0,0,17,0,false,false
CHAOS,55,,66,0,0,17,0,false,false
CHAOS,55,,64,0,0,17,0,false,false
CHAOS,55,,74,0,0,17,0,false,false
CHAOS,55,,66,0,0,17,0,false,false
CHAOS,55,,64,0,0,17,0,false,false
CHAOS,55,,77,0,0,17,0,false,false
CHAOS,55,,73,0,0,17,0,false,false
CHAOS,55,,63,0,0,17,0,false,false
CHAOS,55,,72,0,0,17,0,false,false
CHAOS,55,,66,0,0,17,0,false,false
CHAOS,55,,70,0,0,17,0,false,false
CHAOS,55,,76,0,0,17,0,false,false
CHAOS,55,,74,0,0,17,0,false,false
CHAOS,55,,64,0,0,17,0,false,false
CHAOS,55,,61,0,0,17,0,false,false
CHAOS,55,,68,0,0,17,0,false,false
CHAOS,55,,73,0,0,17,0,false,false
CHAOS,55,,74,0,0,17,0,false,false
CHAOS,55,,67,0,0,17,0,false,false
CHAOS,55,,70,0,0,17,0,false,false
CHAOS,55,,63,0,0,17,0,false,false
CHAOS,55,,64,0,0,17,0,false,false
CHAOS,55,,62,0,0,17,0,false,false
CHAOS,55,,65,0,0,17,0,false,false
CHAOS,55,,77,0,0,17,0,false,false
CHAOS,55,,76,0,0,17,0,false,false
CHAOS,55,,64,0,0,17,0,false,false
CHAOS,55,,71,0,0,17,0,false,false
CHAOS,55,,72,0,0,17,0,false,false
CHAOS,55,,69,0,0,17,0,false,false
CHAOS,55,,64,0,0,17,0,false,false
CHAOS,55,,75,0,0,17,0,false,false
CHAOS,55,,74,0,0,17,0,false,false
CHAOS,55,,69,0,0,17,0,false,false
CHAOS,55,,72,0,0,17,0,false,false
CHAOS,55,,67,0,0,17,0,false,false
CHAOS,55,,62,0,0,17,0,false,false
CHAOS,55,,62,0,0,17,0,false,false
CHAOS,55,,76,0,0,17,0,false,false
CHAOS,55,,64,0,0,17,0,false,false
CHAOS,55,,62,0,0,17,0,false,false
CHAOS,55,,62,0,0,17,0,false,false
CHAOS,55,,75,0,0,17,0,false,false
CHAOS,55,,71,0,0,17,0,false,false
CHAOS,55,,63,0,0,17,0,false,false
CHAOS,55,,76,0,0,17,0,false,false
CHAOS,55,,62,0,0,17,0,false,false
CHAOS,55,,74,0,0,17,0,false,false
CHAOS,55,,73,0,0,17,0,false,false
CHAOS,55,,70,0,0,17,0,false,false
CHAOS,55,,63,0,0,17,0,false,false
CHAOS,55,,71,0,0,17,0,false,false
CHAOS,55,,76,0,0,17,0,false,false
CHAOS,55,,67,0,0,17,0,false,false
CHAOS,55,,75,0,0,17,0,false,false
CHAOS,55,,71,0,0,17,0,false,false
CHAOS,55,,73,0,0,17,0,false,false
CHAOS,55,,72,0,0,17,0,false,false
CHAOS,55,,70,0,0,17,0,false,false
CHAOS,55,,75,0,0,17,0,false,false
CHAOS,55,,72,0,0,17,0,false,false
CHAOS,55,,67,0,0,17,0,false,false
CHAOS,55,,67,0,0,17,0,false,false
CHAOS,55,,75,0,0,17,0,false,false
CHAOS,55,,68,0,0,17,0,false,false
CHAOS,55,,73,0,0,17,0,false,false
CHAOS,55,,64,0,0,17,0,false,false
CHAOS,55,,71,0,0,17,0,false,false
CHAOS,55,,67,0,0,17,0,false,false
CHAOS,55,,72,0,0,17,0,false,false
CHAOS,55,,76,0,0,17,0,false,false
CHAOS,55,,63,0,0,17,0,false,false
CHAOS,55,,76,0,0,17,0,false,false
CHAOS,55,,73,0,0,17,0,false,false
CHAOS,55,,71,0,0,17,0,false,false
CHAOS,55,,63,0,0,17,0,false,false
CHAOS,55,,74,0,0,17,0,false,false
CHAOS,55,,61,0,0,17,0,false,false
CHAOS,55,,65,0,0,17,0,false,false
CHAOS,55,,66,0,0,17,0,false,false
CHAOS,55,,64,0,0,17,0,false,false
CHAOS,55,,66,0,0,17,0,false,false
CHAOS,55,,75,0,0,17,0,false,false
CHAOS,55,,65,0,0,17,0,false,false
CHAOS,55,,64,0,0,17,0,false,false
CHAOS,55,,68,0,0,17,0,false,false
CHAOS,55,,69,0,0,17,0,false,false
CHAOS,55,,67,0,0,17,0,false,false
CHAOS,55,,68,0,0,17,0,false,false
CHAOS,55,,76,0,0,17,0,false,false
CHAOS,55,,70,0,0,17,0,false,false
CHAOS,55,,63,0,0,17,0,false,false
CHAOS,55,,67,0,0,17,0,false,false
CHAOS,55,,69,0,0,17,0,false,false
CHAOS,55,,69,0,0,17,0,false,false
CHAOS,55,,66,0,0,17,0,false,false
CHAOS,55,,65,0,0,17,0,false,false
CHAOS,55,,75,0,0,17,0,false,false
CHAOS,55,,71,0,0,17,0,false,false
CHAOS,55,,76,0,0,17,0,false,false
CHAOS,55,,73,0,0,17,0,false,false
CHAOS,55,,69,0,0,17,0,false,false
CHAOS,55,,76,0,0,17,0,false,false
CHAOS,55,,64,0,0,17,0,false,false
CHAOS,55,,69,0,0,17,0,false,false
CHAOS,55,,75,0,0,17,0,false,false
CHAOS,55,,69,0,0,17,0,false,false
CHAOS,55,,68,0,0,17,0,false,false
CHAOS,55,,67,0,0,17,0,false,false
CHAOS,55,,65,0,0,17,0,false,false
CHAOS,55,,71,0,0,17,0,false,false
CHAOS,55,,64,0,0,17,0,false,false
CHAOS,55,,70,0,0,17,0,false,false
CHAOS,55,,71,0,0,17,0,false,false
CHAOS,55,,75,0,0,17,0,false,false
CHAOS,55,,77,0,0,17,0,false,false
CHAOS,55,,71,0,0,17,0,false,false
CHAOS,55,,70,0,0,17,0,false,false
CHAOS,55,,76,0,0,17,0,false,false
CHAOS,55,,63,0,0,17,0,false,false
CHAOS,55,,65,0,0,17,0,false,false
CHAOS,55,,67,0,0,17,0,false,false
CHAOS,55,,64,0,0,17,0,false,false
CHAOS,55,,73,0,0,17,0,false,false
CHAOS,55,,62,0,0,17,0,false,false
CHAOS,55,,64,0,0,17,0,false,false
CHAOS,55,,63,0,0,17,0,false,false
CHAOS,55,,64,0,0,17,0,false,false
CHAOS,55,,70,0,0,17,0,false,false
CHAOS,55,,76,0,0,17,0,false,false
CHAOS,55,,76,0,0,17,0,false,false
CHAOS,55,,73,0,0,17,0,false,false
CHAOS,55,,70,0,0,17,0,false,false
CHAOS,55,,69,0,0,17,0,false,false
CHAOS,55,,74,0,0,17,0,false,false
CHAOS,55,,72,0,0,17,0,false,false
CHAOS,55,,69,0,0,17,0,false,false
CHAOS,55,,68,0,0,17,0,false,false
CHAOS,55,,65,0,0,17,0,false,false
CHAOS,55,,70,0,0,17,0,false,false
CHAOS,55,,66,0,0,17,0,false,false
CHAOS,55,,67,0,0,17,0,false,false
CHAOS,55,,62,0,0,17,0,false,false
CHAOS,55,,70,0,0,17,0,false,false
CHAOS,55,,73,0,0,17,0,false,false
CHAOS,55,,66,0,0,17,0,false,false
CHAOS,55,,71,0,0,17,0,false,false
CHAOS,55,,68,0,0,17,0,false,false
CHAOS,55,,67,0,0,17,0,false,false
CHAOS,55,,77,0,0,17,0,false,false
CHAOS,55,,77,0,0,17,0,false,false
CHAOS,55,,64,0,0,17,0,false,false
CHAOS,55,,72,0,0,17,0,false,false
CHAOS,55,,66,0,0,17,0,false,false
CHAOS,55,,76,0,0,17,0,false,false
CHAOS,55,,61,0,0,17,0,false,false
CHAOS,55,,70,0,0,17,0,false,false
CHAOS,55,,67,0,0,17,0,false,false
CHAOS,55,,70,0,0,17,0,false,false
CHAOS,55,,74,0,0,17,0,false,false
CHAOS,55,,61,0,0,17,0,false,false
CHAOS,55,,67,0,0,17,0,false,false
CHAOS,55,,70,0,0,17,0,false,false
CHAOS,55,,69,0,0,17,0,false,false
CHAOS,55,,77,0,0,17,0,false,false
CHAOS,55,,64,0,0,17,0,false,false
CHAOS,55,,71,0,0,17,0,false,false
CHAOS,55,,68,0,0,17,0,false,false
CHAOS,55,,64,0,0,17,0,false,false
CHAOS,55,,63,0,0,17,0,false,false
CHAOS,55,,66,0,0,17,0,false,false
CHAOS,55,,65,0,0,17,0,false,false
CHAOS,55,,74,0,0,17,0,false,false
CHAOS,55,,68,0,0,17,0,false,false
CHAOS,55,,72,0,0,17,0,false,false
CHAOS,55,,69,0,0,17,0,false,false
CHAOS,55,,72,0,0,17,0,false,false
CHAOS,55,,65,0,0,17,0,false,false
CHAOS,55,,66,0,0,17,0,false,false
CHAOS,55,,69,0,0,17,0,false,false
CHAOS,55,,63,0,0,17,0,false,false
CHAOS,55,,66,0,0,17,0,false,false
CHAOS,55,,65,0,0,17,0,false,false
CHAOS,55,,69,0,0,17,0,false,false
CHAOS,55,,65,0,0,17,0,false,false
CHAOS,55,,75,0,0,17,0,false,false
CHAOS,55,,67,0,0,17,0,false,false
CHAOS,55,,76,0,0,17,0,false,false
CHAOS,55,,71,0,0,17,0,false,false
CHAOS,55,,71,0,0,17,0,false,false
CHAOS,55,,75,0,0,17,0,false,false
CHAOS,55,,76,0,0,17,0,false,false
CHAOS,55,,70,0,0,17,0,false,false
CHAOS,55,,77,0,0,17,0,false,false
CHAOS,55,,65,0,0,17,0,false,false
CHAOS,55,,66,0,0,17,0,false,false
CHAOS,55,,77,0,0,17,0,false,false
CHAOS,55,,69,0,0,17,0,false,false
CHAOS,55,,74,0,0,17,0,false,false
CHAOS,55,,69,0,0,17,0,false,false
CHAOS,55,,67,0,0,17,0,false,false
CHAOS,55,,65,0,0,17,0,false,false
CHAOS,55,,65,0,0,17,0,false,false
CHAOS,55,,73,0,0,17,0,false,false
CHAOS,55,,73,0,0,17,0,false,false
CHAOS,55,,77,0,0,17,0,false,false
CHAOS,55,,64,0,0,17,0,false,false
CHAOS,55,,67,0,0,17,0,false,false
CHAOS,55,,64,0,0,17,0,false,false
CHAOS,55,,66,0,0,17,0,false,false
CHAOS,55,,71,0,0,17,0,false,false
CHAOS,55,,76,0,0,17,0,false,false
CHAOS,55,,69,0,0,17,0,false,false
CHAOS,55,,66,0,0,17,0,false,false
CHAOS,55,,75,0,0,17,0,false,false
CHAOS,55,,68,0,0,17,0,false,false
CHAOS,55,,72,0,0,17,0,false,false
CHAOS,55,,75,0,0,17,0,false,false
CHAOS,55,,64,0,0,17,0,false,false
CHAOS,55,,64,0,0,17,0,false,false
CHAOS,55,,67,0,0,17,0,false,false
CHAOS,55,,63,0,0,17,0,false,false
CHAOS,55,,75,0,0,17,0,false,false
CHAOS,55,,74,0,0,17,0,false,false
CHAOS,55,,65,0,0,17,0,false,false
CHAOS,55,,72,0,0,17,0,false,false
CHAOS,55,,71,0,0,17,0,false,false
CHAOS,55,,64,0,0,17,0,false,false
CHAOS,55,,72,0,0,17,0,false,false
CHAOS,55,,75,0,0,17,0,false,false
CHAOS,55,,66,0,0,17,0,false,false
CHAOS,55,,73,0,0,17,0,false,false
CHAOS,55,,71,0,0,17,0,false,false
CHAOS,55,,65,0,0,17,0,false,false
CHAOS,55,,73,0,0,17,0,false,false
CHAOS,55,,70,0,0,17,0,false,false
CHAOS,55,,63,0,0,17,0,false,false
CHAOS,55,,63,0,0,17,0,false,false
CHAOS,55,,75,0,0,17,0,false,false
CHAOS,55,,69,0,0,17,0,false,false
CHAOS,55,,64,0,0,17,0,false,false
CHAOS,55,,66,0,0,17,0,false,false
CHAOS,55,,61,0,0,17,0,false,false
CHAOS,55,,63,0,0,17,0,false,false
CHAOS,55,,77,0,0,17,0,false,false
CHAOS,55,,69,0,0,17,0,false,false
CHAOS,55,,63,0,0,17,0,false,false
CHAOS,55,,73,0,0,17,0,false,false
CHAOS,55,,63,0,0,17,0,false,false
CHAOS,55,,74,0,0,17,0,false,false
CHAOS,55,,68,0,0,17,0,false,false
CHAOS,55,,74,0,0,17,0,false,false
CHAOS,55,,77,0,0,17,0,false,false
CHAOS,55,,74,0,0,17,0,false,false
CHAOS,55,,65,0,0,17,0,false,false
CHAOS,55,,75,0,0,17,0,false,false
CHAOS,55,,61,0,0,17,0,false,false
CHAOS,55,,76,0,0,17,0,false,false
CHAOS,55,,67,0,0,17,0,false,false
CHAOS,55,,74,0,0,17,0,false,false
CHAOS,55,,66,0,0,17,0,false,false
CHAOS,55,,74,0,0,17,0,false,false
CHAOS,55,,62,0,0,17,0,false,false
CHAOS,55,,71,0,0,17,0,false,false
CHAOS,55,,62,0,0,17,0,false,false
CHAOS,55,,75,0,0,17,0,false,false
CHAOS,55,,63,0,0,17,0,false,false
CHAOS,55,,70,0,0,17,0,false,false
CHAOS,55,,64,0,0,17,0,false,false
CHAOS,55,,77,0,0,17,0,false,false
CHAOS,55,,71,0,0,17,0,false,false
CHAOS,55,,73,0,0,17,0,false,false
CHAOS,55,,77,0,0,17,0,false,false
CHAOS,55,,62,0,0,17,0,false,false
CHAOS,55,,72,0,0,17,0,false,false
CHAOS,55,,76,0,0,17,0,false,false
CHAOS,55,,61,0,0,17,0,false,false
CHAOS,55,,76,0,0,17,0,false,false
CHAOS,55,,65,0,0,17,0,false,false
CHAOS,55,,65,0,0,17,0,false,false
CHAOS,55,,65,0,0,17,0,false,false
CHAOS,55,,71,0,0,17,0,false,false
CHAOS,55,,76,0,0,17,0,false,false
CHAOS,55,,75,0,0,17,0,false,false
CHAOS,55,,65,0,0,17,0,false,false
CHAOS,55,,65,0,0,17,0,false,false
CHAOS,55,,75,0,0,17,0,false,false
CHAOS,55,,76,0,0,17,0,false,false
CHAOS,55,,64,0,0,17,0,false,false
CHAOS,55,,62,0,0,17,0,false,false
CHAOS,55,,66,0,0,17,0,false,false
CHAOS,55,,61,0,0,17,0,false,false
CHAOS,55,,76,0,0,17,0,false,false
CHAOS,55,,72,0,0,17,0,false,false
CHAOS,55,,66,0,0,17,0,false,false
CHAOS,55,,67,0,0,17,0,false,false
CHAOS,55,,77,0,0,17,0,false,false
CHAOS,55,,67,0,0,17,0,false,false
CHAOS,55,,69,0,0,17,0,false,false
CHAOS,55,,72,0,0,17,0,false,false
CHAOS,55,,76,0,0,17,0,false,false
CHAOS,55,,62,0,0,17,0,false,false
CHAOS,55,,71,0,0,17,0,false,false
CHAOS,55,,74,0,0,17,0,false,false
CHAOS,55,,65,0,0,17,0,false,false
CHAOS,55,,67,0,0,17,0,false,false
CHAOS,55,,67,0,0,17,0,false,false
CHAOS,55,,77,0,0,17,0,false,false
CHAOS,55,,67,0,0,17,0,false,false
CHAOS,55,,72,0,0,17,0,false,false
CHAOS,55,,65,0,0,17,0,false,false
CHAOS,55,,62,0,0,17,0,false,false
CHAOS,55,,65,0,0,17,0,false,false
CHAOS,55,,74,0,0,17,0,false,false
CHAOS,55,,71,0,0,17,0,false,false
CHAOS,55,,66,0,0,17,0,false,false
CHAOS,55,,72,0,0,17,0,false,false
CHAOS,55,,61,0,0,17,0,false,false
CHAOS,55,,62,0,0,17,0,false,false
CHAOS,55,,67,0,0,17,0,false,false
CHAOS,55,,63,0,0,17,0,false,false
CHAOS,55,,62,0,0,17,0,false,false
CHAOS,55,,77,0,0,17,0,false,false
CHAOS,55,,77,0,0,17,0,false,false
CHAOS,55,,69,0,0,17,0,false,false
CHAOS,55,,77,0,0,17,0,false,false
CHAOS,55,,71,0,0,17,0,false,false
CHAOS,55,,69,0,0,17,0,false,false
CHAOS,55,,64,0,0,17,0,false,false
CHAOS,55,,74,0,0,17,0,false,false
CHAOS,55,,63,0,0,17,0,false,false
CHAOS,55,,62,0,0,17,0,false,false
CHAOS,55,,61,0,0,17,0,false,false
CHAOS,55,,73,0,0,17,0,false,false
CHAOS,55,,71,0,0,17,0,false,false
CHAOS,55,,76,0,0,17,0,false,false
CHAOS,55,,65,0,0,17,0,false,false
CHAOS,55,,73,0,0,17,0,false,false
CHAOS,55,,66,0,0,17,0,false,false
CHAOS,55,,76,0,0,17,0,false,false
CHAOS,55,,73,0,0,17,0,false,false
CHAOS,55,,72,0,0,17,0,false,false
CHAOS,55,,63,0,0,17,0,false,false
CHAOS,55,,64,0,0,17,0,false,false
CHAOS,55,,74,0,0,17,0,false,false
CHAOS,55,,64,0,0,17,0,false,false
CHAOS,55,,74,0,0,17,0,false,false
CHAOS,55,,69,0,0,17,0,false,false
CHAOS,55,,69,0,0,17,0,false,false
CHAOS,55,,76,0,0,17,0,false,false
CHAOS,55,,65,0,0,17,0,false,false
CHAOS,55,,64,0,0,17,0,false,false
CHAOS,55,,73,0,0,17,0,false,false
CHAOS,55,,75,0,0,17,0,false,false
CHAOS,55,,77,0,0,17,0,false,false
CHAOS,55,,71,0,0,17,0,false,false
CHAOS,55,,74,0,0,17,0,false,false
CHAOS,55,,70,0,0,17,0,false,false
CHAOS,55,,69,0,0,17,0,false,false
CHAOS,55,,66,0,0,17,0,false,false
CHAOS,55,,62,0,0,17,0,false,false
CHAOS,55,,66,0,0,17,0,false,false
CHAOS,55,,65,0,0,17,0,false,false
CHAOS,55,,61,0,0,17,0,false,false
CHAOS,55,,69,0,0,17,0,false,false
CHAOS,55,,68,0,0,17,0,false,false
CHAOS,55,,68,0,0,17,0,false,false
CHAOS,55,,64,0,0,17,0,false,false
CHAOS,55,,72,0,0,17,0,false,false
CHAOS,55,,63,0,0,17,0,false,false
CHAOS,55,,75,0,0,17,0,false,false
CHAOS,55,,76,0,0,17,0,false,false
CHAOS,55,,72,0,0,17,0,false,false
CHAOS,55,,65,0,0,17,0,false,false
CHAOS,55,,69,0,0,17,0,false,false
CHAOS,55,,76,0,0,17,0,false,false
CHAOS,55,,69,0,0,17,0,false,false
CHAOS,55,,75,0,0,17,0,false,false
CHAOS,55,,68,0,0,17,0,false,false
CHAOS,55,,63,0,0,17,0,false,false
CHAOS,55,,73,0,0,17,0,false,false
CHAOS,55,,67,0,0,17,0,false,false
CHAOS,55,,67,0,0,17,0,false,false
CHAOS,55,,73,0,0,17,0,false,false
CHAOS,55,,71,0,0,17,0,false,false
CHAOS,55,,68,0,0,17,0,false,false
CHAOS,55,,77,0,0,17,0,false,false
CHAOS,55,,71,0,0,17,0,false,false
CHAOS,55,,64,0,0,17,0,false,false
CHAOS,55,,67,0,0,17,0,false,false
CHAOS,55,,62,0,0,17,0,false,false
CHAOS,55,,64,0,0,17,0,false,false
CHAOS,55,,74,0,0,17,0,false,false
CHAOS,55,,74,0,0,17,0,false,false
CHAOS,55,,75,0,0,17,0,false,false
CHAOS,55,,75,0,0,17,0,false,false
CHAOS,55,,70,0,0,17,0,false,false
CHAOS,55,,74,0,0,17,0,false,false
CHAOS,55,,64,0,0,17,0,false,false
CHAOS,55,,69,0,0,17,0,false,false
CHAOS,55,,61,0,0,17,0,false,false
CHAOS,55,,72,0,0,17,0,false,false
CHAOS,55,,74,0,0,17,0,false,false
CHAOS,55,,63,0,0,17,0,false,false
CHAOS,55,,63,0,0,17,0,false,false
CHAOS,55,,66,0,0,17,0,false,false
CHAOS,55,,65,0,0,17,0,false,false
CHAOS,55,,77,0,0,17,0,false,false
CHAOS,55,,74,0,0,17,0,false,false
CHAOS,55,,64,0,0,17,0,false,false
CHAOS,55,,61,0,0,17,0,false,false
CHAOS,55,,61,0,0,17,0,false,false
CHAOS,55,,72,0,0,17,0,false,false
CHAOS,55,,71,0,0,17,0,false,false
CHAOS,55,,66,0,0,17,0,false,false
CHAOS,55,,69,0,0,17,0,false,false
CHAOS,55,,73,0,0,17,0,false,false
CHAOS,55,,62,0,0,17,0,false,false
CHAOS,55,,67,0,0,17,0,false,false
CHAOS,55,,75,0,0,17,0,false,false
CHAOS,55,,74,0,0,17,0,false,false
CHAOS,55,,76,0,0,17,0,false,false
CHAOS,55,,70,0,0,17,0,false,false
CHAOS,55,,73,0,0,17,0,false,false
CHAOS,55,,75,0,0,17,0,false,false
CHAOS,55,,62,0,0,17,0,false,false
CHAOS,55,,74,0,0,17,0,false,false
CHAOS,55,,67,0,0,17,0,false,false
CHAOS,55,,65,0,0,17,0,false,false
CHAOS,55,,62,0,0,17,0,false,false
CHAOS,55,,64,0,0,17,0,false,false
CHAOS,55,,75,0,0,17,0,false,false
CHAOS,55,,77,0,0,17,0,false,false
CHAOS,55,,66,0,0,17,0,false,false
CHAOS,55,,65,0,0,17,0,false,false
CHAOS,55,,72,0,0,17,0,false,false
CHAOS,55,,76,0,0,17,0,false,false
CHAOS,55,,67,0,0,17,0,false,false
CHAOS,55,,66,0,0,17,0,false,false
CHAOS,55,,63,0,0,17,0,false,false
CHAOS,55,,66,0,0,17,0,false,false
CHAOS,55,,68,0,0,17,0,false,false
CHAOS,55,,77,0,0,17,0,false,false
CHAOS,55,,70,0,0,17,0,false,false
CHAOS,55,,63,0,0,17,0,false,false
CHAOS,55,,77,0,0,17,0,false,false
CHAOS,55,,69,0,0,17,0,false,false
CHAOS,55,,63,0,0,17,0,false,false
CHAOS,55,,75,0,0,17,0,false,false
CHAOS,55,,62,0,0,17,0,false,false
CHAOS,55,,62,0,0,17,0,false,false
CHAOS,55,,72,0,0,17,0,false,false
CHAOS,55,,63,0,0,17,0,false,false
CHAOS,55,,64,0,0,17,0,false,false
CHAOS,55,,71,0,0,17,0,false,false
CHAOS,55,,72,0,0,17,0,false,false
CHAOS,55,,62,0,0,17,0,false,false
CHAOS,55,,62,0,0,17,0,false,false
CHAOS,55,,71,0,0,17,0,false,false
CHAOS,55,,69,0,0,17,0,false,false
CHAOS,55,,76,0,0,17,0,false,false
CHAOS,55,,72,0,0,17,0,false,false
CHAOS,55,,63,0,0,17,0,false,false
CHAOS,55,,68,0,0,17,0,false,false
CHAOS,55,,72,0,0,17,0,false,false
CHAOS,55,,69,0,0,17,0,false,false
CHAOS,55,,76,0,0,17,0,false,false
CHAOS,55,,76,0,0,17,0,false,false
CHAOS,55,,63,0,0,17,0,false,false
CHAOS,55,,72,0,0,17,0,false,false
CHAOS,55,,71,0,0,17,0,false,false
CHAOS,55,,74,0,0,17,0,false,false
CHAOS,55,,62,0,0,17,0,false,false
CHAOS,55,,72,0,0,17,0,false,false
CHAOS,55,,63,0,0,17,0,false,false
CHAOS,55,,66,0,0,17,0,false,false
CHAOS,55,,62,0,0,17,0,false,false
CHAOS,55,,69,0,0,17,0,false,false
CHAOS,55,,68,0,0,17,0,false,false
CHAOS,55,,76,0,0,17,0,false,false
CHAOS,55,,75,0,0,17,0,false,false
CHAOS,55,,61,0,0,17,0,false,false
CHAOS,55,,63,0,0,17,0,false,false
CHAOS,55,,66,0,0,17,0,false,false
CHAOS,55,,68,0,0,17,0,false,false
CHAOS,55,,70,0,0,17,0,false,false
CHAOS,55,,69,0,0,17,0,false,false
CHAOS,55,,69,0,0,17,0,false,false
CHAOS,55,,73,0,0,17,0,false,false
CHAOS,55,,67,0,0,17,0,false,false
CHAOS,55,,69,0,0,17,0,false,false
CHAOS,55,,77,0,0,17,0,false,false
CHAOS,55,,73,0,0,17,0,false,false
CHAOS,55,,69,0,0,17,0,false,false
CHAOS,55,,67,0,0,17,0,false,false
CHAOS,55,,72,0,0,17,0,false,false
CHAOS,55,,67,0,0,17,0,false,false
CHAOS,55,,74,0,0,17,0,false,false
CHAOS,55,,68,0,0,17,0,false,false
CHAOS,55,,65,0,0,17,0,false,false
CHAOS,55,,64,0,0,17,0,false,false
CHAOS,55,,74,0,0,17,0,false,false
CHAOS,55,,76,0,0,17,0,false,false
CHAOS,55,,62,0,0,17,0,false,false
CHAOS,55,,69,0,0,17,0,false,false
CHAOS,55,,76,0,0,17,0,false,false
CHAOS,55,,68,0,0,17,0,false,false
CHAOS,55,,70,0,0,17,0,false,false
CHAOS,55,,77,0,0,17,0,false,false
CHAOS,55,,67,0,0,17,0,false,false
CHAOS,55,,62,0,0,17,0,false,false
CHAOS,55,,65,0,0,17,0,false,false
CHAOS,55,,62,0,0,17,0,false,false
CHAOS,55,,70,0,0,17,0,false,false
CHAOS,55,,69,0,0,17,0,false,false
CHAOS,55,,62,0,0,17,0,false,false
CHAOS,55,,62,0,0,17,0,false,false
CHAOS,55,,68,0,0,17,0,false,false
CHAOS,55,,72,0,0,17,0,false,false
CHAOS,55,,76,0,0,17,0,false,false
CHAOS,55,,68,0,0,17,0,false,false
CHAOS,55,,74,0,0,17,0,false,false
CHAOS,55,,72,0,0,17,0,false,false
CHAOS,55,,72,0,0,17,0,false,false
CHAOS,55,,73,0,0,17,0,false,false
CHAOS,55,,65,0,0,17,0,false,false
CHAOS,55,,73,0,0,17,0,false,false
CHAOS,55,,72,0,0,17,0,false,false
CHAOS,55,,70,0,0,17,0,false,false
CHAOS,55,,76,0,0,17,0,false,false
CHAOS,55,,61,0,0,17,0,false,false
CHAOS,55,,72,0,0,17,0,false,false
CHAOS,55,,63,0,0,17,0,false,false
CHAOS,55,,75,0,0,17,0,false,false
CHAOS,55,,73,0,0,17,0,false,false
CHAOS,55,,63,0,0,17,0,false,false
CHAOS,55,,70,0,0,17,0,false,false
CHAOS,55,,66,0,0,17,0,false,false
CHAOS,55,,76,0,0,17,0,false,false
CHAOS,55,,65,0,0,17,0,false,false
CHAOS,55,,64,0,0,17,0,false,false
CHAOS,55,,77,0,0,17,0,false,false
CHAOS,55,,72,0,0,17,0,false,false
CHAOS,55,,72,0,0,17,0,false,false
CHAOS,55,,70,0,0,17,0,false,false
CHAOS,55,,69,0,0,17,0,false,false
CHAOS,55,,77,0,0,17,0,false,false
CHAOS,55,,76,0,0,17,0,false,false
CHAOS,55,,75,0,0,17,0,false,false
CHAOS,55,,63,0,0,17,0,false,false
CHAOS,55,,76,0,0,17,0,false,false
CHAOS,55,,74,0,0,17,0,false,false
CHAOS,55,,67,0,0,17,0,false,false
CHAOS,55,,68,0,0,17,0,false,false
CHAOS,55,,74,0,0,17,0,false,false
CHAOS,55,,65,0,0,17,0,false,false
CHAOS,55,,67,0,0,17,0,false,false
CHAOS,55,,63,0,0,17,0,false,false
CHAOS,55,,62,0,0,17,0,false,false
CHAOS,55,,62,0,0,17,0,false,false
CHAOS,55,,62,0,0,17,0,false,false
CHAOS,55,,75,0,0,17,0,false,false
CHAOS,55,,70,0,0,17,0,false,false
CHAOS,55,,67,0,0,17,0,false,false
CHAOS,55,,74,0,0,17,0,false,false
CHAOS,55,,72,0,0,17,0,false,false
CHAOS,55,,64,0,0,17,0,false,false
CHAOS,55,,63,0,0,17,0,false,false
CHAOS,55,,73,0,0,17,0,false,false
CHAOS,55,,63,0,0,17,0,false,false
CHAOS,55,,66,0,0,17,0,false,false
CHAOS,55,,67,0,0,17,0,false,false
CHAOS,55,,68,0,0,17,0,false,false
CHAOS,55,,73,0,0,17,0,false,false
CHAOS,55,,63,0,0,17,0,false,false
CHAOS,55,,75,0,0,17,0,false,false
CHAOS,55,,68,0,0,17,0,false,false
CHAOS,55,,64,0,0,17,0,false,false
CHAOS,55,,75,0,0,17,0,false,false
CHAOS,55,,64,0,0,17,0,false,false
CHAOS,55,,64,0,0,17,0,false,false
CHAOS,55,,76,0,0,17,0,false,false
CHAOS,55,,68,0,0,17,0,false,false
CHAOS,55,,71,0,0,17,0,false,false
CHAOS,55,,66,0,0,17,0,false,false
CHAOS,55,,66,0,0,17,0,false,false
CHAOS,55,,67,0,0,17,0,false,false
CHAOS,55,,72,0,0,17,0,false,false
CHAOS,55,,74,0,0,17,0,false,false
CHAOS,55,,65,0,0,17,0,false,false
CHAOS,55,,70,0,0,17,0,false,false
CHAOS,55,,75,0,0,17,0,false,false
CHAOS,55,,75,0,0,17,0,false,false
CHAOS,55,,73,0,0,17,0,false,false
CHAOS,55,,64,0,0,17,0,false,false
CHAOS,55,,77,0,0,17,0,false,false
CHAOS,55,,75,0,0,17,0,false,false
CHAOS,55,,70,0,0,17,0,false,false
CHAOS,55,,69,0,0,17,0,false,false
CHAOS,55,,67,0,0,17,0,false,false
CHAOS,55,,71,0,0,17,0,false,false
CHAOS,55,,64,0,0,17,0,false,false
CHAOS,55,,74,0,0,17,0,false,false
CHAOS,55,,61,0,0,17,0,false,false
CHAOS,55,,74,0,0,17,0,false,false
CHAOS,55,,70,0,0,17,0,false,false
CHAOS,55,,73,0,0,17,0,false,false
CHAOS,55,,76,0,0,17,0,false,false
CHAOS,55,,72,0,0,17,0,false,false
CHAOS,55,,68,0,0,17,0,false,false
CHAOS,55,,63,0,0,17,0,false,false
CHAOS,55,,74,0,0,17,0,false,false
CHAOS,55,,72,0,0,17,0,false,false
CHAOS,55,,75,0,0,17,0,false,false
CHAOS,55,,77,0,0,17,0,false,false
CHAOS,55,,70,0,0,17,0,false,false
CHAOS,55,,62,0,0,17,0,false,false
CHAOS,55,,70,0,0,17,0,false,false
CHAOS,55,,64,0,0,17,0,false,false
CHAOS,55,,69,0,0,17,0,false,false
CHAOS,55,,77,0,0,17,0,false,false
CHAOS,55,,75,0,0,17,0,false,false
CHAOS,55,,61,0,0,17,0,false,false
CHAOS,55,,67,0,0,17,0,false,false
CHAOS,55,,75,0,0,17,0,false,false
CHAOS,55,,76,0,0,17,0,false,false
CHAOS,55,,65,0,0,17,0,false,false
CHAOS,55,,64,0,0,17,0,false,false
CHAOS,55,,66,0,0,17,0,false,false
CHAOS,55,,64,0,0,17,0,false,false
CHAOS,55,,71,0,0,17,0,false,false
CHAOS,55,,67,0,0,17,0,false,false
CHAOS,55,,70,0,0,17,0,false,false
CHAOS,55,,72,0,0,17,0,false,false
CHAOS,55,,71,0,0,17,0,false,false
CHAOS,55,,67,0,0,17,0,false,false
CHAOS,55,,70,0,0,17,0,false,false
CHAOS,55,,69,0,0,17,0,false,false
CHAOS,55,,72,0,0,17,0,false,false
CHAOS,55,,76,0,0,17,0,false,false
CHAOS,55,,66,0,0,17,0,false,false
CHAOS,55,,69,0,0,17,0,false,false
CHAOS,55,,62,0,0,17,0,false,false
CHAOS,55,,73,0,0,17,0,false,false
CHAOS,55,,61,0,0,17,0,false,false
CHAOS,55,,67,0,0,17,0,false,false
CHAOS,55,,63,0,0,17,0,false,false
CHAOS,55,,73,0,0,17,0,false,false
CHAOS,55,,66,0,0,17,0,false,false
CHAOS,55,,75,0,0,17,0,false,false
CHAOS,55,,69,0,0,17,0,false,false
CHAOS,55,,75,0,0,17,0,false,false
CHAOS,55,,69,0,0,17,0,false,false
CHAOS,55,,63,0,0,17,0,false,false
CHAOS,55,,75,0,0,17,0,false,false
CHAOS,55,,69,0,0,17,0,false,false
CHAOS,55,,66,0,0,17,0,false,false
CHAOS,55,,66,0,0,17,0,false,false
CHAOS,55,,64,0,0,17,0,false,false
CHAOS,55,,71,0,0,17,0,false,false
CHAOS,55,,76,0,0,17,0,false,false
CHAOS,55,,77,0,0,17,0,false,false
CHAOS,55,,72,0,0,17,0,false,false
CHAOS,55,,68,0,0,17,0,false,false
CHAOS,55,,62,0,0,17,0,false,false
CHAOS,55,,76,0,0,17,0,false,false
CHAOS,55,,74,0,0,17,0,false,false
CHAOS,55,,74,0,0,17,0,false,false
CHAOS,55,,66,0,0,17,0,false,false
CHAOS,55,,70,0,0,17,0,false,false
CHAOS,55,,72,0,0,17,0,false,false
CHAOS,55,,70,0,0,17,0,false,false
CHAOS,55,,77,0,0,17,0,false,false
CHAOS,55,,73,0,0,17,0,false,false
CHAOS,55,,73,0,0,17,0,false,false
CHAOS,55,,70,0,0,17,0,false,false
CHAOS,55,,73,0,0,17,0,false,false
CHAOS,55,,75,0,0,17,0,false,false
CHAOS,55,,71,0,0,17,0,false,false
CHAOS,55,,67,0,0,17,0,false,false
CHAOS,55,,67,0,0,17,0,false,false
CHAOS,55,,65,0,0,17,0,false,false
CHAOS,55,,76,0,0,17,0,false,false
CHAOS,55,,66,0,0,17,0,false,false
CHAOS,55,,73,0,0,17,0,false,false
CHAOS,55,,73,0,0,17,0,false,false
CHAOS,55,,65,0,0,17,0,false,false
CHAOS,55,,66,0,0,17,0,false,false
CHAOS,55,,70,0,0,17,0,false,false
CHAOS,55,,77,0,0,17,0,false,false
CHAOS,55,,70,0,0,17,0,false,false
CHAOS,55,,71,0,0,17,0,false,false
CHAOS,55,,71,0,0,17,0,false,false
CHAOS,55,,67,0,0,17,0,false,false
CHAOS,55,,68,0,0,17,0,false,false
CHAOS,55,,63,0,0,17,0,false,false
CHAOS,55,,62,0,0,17,0,false,false
CHAOS,55,,76,0,0,17,0,false,false
CHAOS,55,,63,0,0,17,0,false,false
CHAOS,55,,70,0,0,17,0,false,false
CHAOS,55,,61,0,0,17,0,false,false
CHAOS,55,,75,0,0,17,0,false,false
CHAOS,55,,69,0,0,17,0,false,false
CHAOS,55,,76,0,0,17,0,false,false
CHAOS,55,,70,0,0,17,0,false,false
CHAOS,55,,69,0,0,17,0,false,false
CHAOS,55,,77,0,0,17,0,false,false
CHAOS,55,,74,0,0,17,0,false,false
CHAOS,55,,63,0,0,17,0,false,false
CHAOS,55,,72,0,0,17,0,false,false
CHAOS,55,,69,0,0,17,0,false,false
CHAOS,55,,69,0,0,17,0,false,false
CHAOS,55,,72,0,0,17,0,false,false
CHAOS,55,,75,0,0,17,0,false,false
CHAOS,55,,67,0,0,17,0,false,false
CHAOS,55,,74,0,0,17,0,false,false
CHAOS,55,,75,0,0,17,0,false,false
CHAOS,55,,65,0,0,17,0,false,false
CHAOS,55,,67,0,0,17,0,false,false
CHAOS,55,,68,0,0,17,0,false,false
CHAOS,55,,72,0,0,17,0,false,false
CHAOS,55,,71,0,0,17,0,false,false
CHAOS,55,,76,0,0,17,0,false,false
CHAOS,55,,69,0,0,17,0,false,false
CHAOS,55,,65,0,0,17,0,false,false
CHAOS,55,,63,0,0,17,0,false,false
CHAOS,55,,75,0,0,17,0,false,false
CHAOS,55,,75,0,0,17,0,false,false
CHAOS,55,,65,0,0,17,0,false,false
CHAOS,55,,77,0,0,17,0,false,false
CHAOS,55,,62,0,0,17,0,false,false
CHAOS,55,,69,0,0,17,0,false,false
CHAOS,55,,76,0,0,17,0,false,false
CHAOS,55,,63,0,0,17,0,false,false
CHAOS,55,,63,0,0,17,0,false,false
CHAOS,55,,61,0,0,17,0,false,false
CHAOS,55,,64,0,0,17,0,false,false
CHAOS,55,,74,0,0,17,0,false,false
CHAOS,55,,65,0,0,17,0,false,false
CHAOS,55,,63,0,0,17,0,false,false
CHAOS,55,,75,0,0,17,0,false,false
CHAOS,55,,69,0,0,17,0,false,false
CHAOS,55,,62,0,0,17,0,false,false
CHAOS,55,,69,0,0,17,0,false,false
CHAOS,55,,65,0,0,17,0,false,false
CHAOS,55,,71,0,0,17,0,false,false
CHAOS,55,,70,0,0,17,0,false,false
CHAOS,55,,63,0,0,17,0,false,false
CHAOS,55,,67,0,0,17,0,false,false
CHAOS,55,,70,0,0,17,0,false,false
CHAOS,55,,68,0,0,17,0,false,false
CHAOS,55,,67,0,0,17,0,false,false
CHAOS,55,,68,0,0,17,0,false,false
CHAOS,55,,75,0,0,17,0,false,false
CHAOS,55,,72,0,0,17,0,false,false
CHAOS,55,,65,0,0,17,0,false,false
CHAOS,55,,62,0,0,17,0,false,false
CHAOS,55,,73,0,0,17,0,false,false
CHAOS,55,,70,0,0,17,0,false,false
CHAOS,55,,75,0,0,17,0,false,false
CHAOS,55,,73,0,0,17,0,false,false
CHAOS,55,,64,0,0,17,0,false,false
CHAOS,55,,77,0,0,17,0,false,false
CHAOS,55,,68,0,0,17,0,false,false
CHAOS,55,,77,0,0,17,0,false,false
CHAOS,55,,72,0,0,17,0,false,false
CHAOS,55,,64,0,0,17,0,false,false
CHAOS,55,,77,0,0,17,0,false,false
CHAOS,55,,76,0,0,17,0,false,false
CHAOS,55,,64,0,0,17,0,false,false
CHAOS,55,,62,0,0,17,0,false,false
CHAOS,55,,70,0,0,17,0,false,false
CHAOS,55,,69,0,0,17,0,false,false
CHAOS,55,,73,0,0,17,0,false,false
CHAOS,55,,64,0,0,17,0,false,false
CHAOS,55,,77,0,0,17,0,false,false
CHAOS,55,,74,0,0,17,0,false,false
CHAOS,55,,65,0,0,17,0,false,false
CHAOS,55,,61,0,0,17,0,false,false
CHAOS,55,,64,0,0,17,0,false,false
CHAOS,55,,77,0,0,17,0,false,false
CHAOS,55,,72,0,0,17,0,false,false
CHAOS,55,,76,0,0,17,0,false,false
CHAOS,55,,76,0,0,17,0,false,false
CHAOS,55,,68,0,0,17,0,false,false
CHAOS,55,,74,0,0,17,0,false,false
CHAOS,55,,67,0,0,17,0,false,false
CHAOS,55,,74,0,0,17,0,false,false
CHAOS,55,,69,0,0,17,0,false,false
CHAOS,55,,61,0,0,17,0,false,false
CHAOS,55,,64,0,0,17,0,false,false
CHAOS,55,,76,0,0,17,0,false,false
CHAOS,55,,67,0,0,17,0,false,false
CHAOS,55,,61,0,0,17,0,false,false
CHAOS,55,,69,0,0,17,0,false,false
CHAOS,55,,73,0,0,17,0,false,false
CHAOS,55,,75,0,0,17,0,false,false
CHAOS,55,,72,0,0,17,0,false,false
CHAOS,55,,71,0,0,17,0,false,false
CHAOS,55,,67,0,0,17,0,false,false
CHAOS,55,,67,0,0,17,0,false,false
CHAOS,55,,64,0,0,17,0,false,false
CHAOS,55,,62,0,0,17,0,false,false
CHAOS,55,,70,0,0,17,0,false,false
CHAOS,55,,66,0,0,17,0,false,false
CHAOS,55,,62,0,0,17,0,false,false
CHAOS,55,,63,0,0,17,0,false,false
CHAOS,55,,71,0,0,17,0,false,false
CHAOS,55,,65,0,0,17,0,false,false
CHAOS,55,,69,0,0,17,0,false,false
CHAOS,55,,77,0,0,17,0,false,false
CHAOS,55,,71,0,0,17,0,false,false
CHAOS,55,,72,0,0,17,0,false,false
CHAOS,55,,74,0,0,17,0,false,false
CHAOS,55,,69,0,0,17,0,false,false
CHAOS,55,,77,0,0,17,0,false,false
CHAOS,55,,66,0,0,17,0,false,false
CHAOS,55,,71,0,0,17,0,false,false
CHAOS,55,,64,0,0,17,0,false,false
CHAOS,55,,72,0,0,17,0,false,false
CHAOS,55,,68,0,0,17,0,false,false
CHAOS,55,,65,0,0,17,0,false,false
CHAOS,55,,74,0,0,17,0,false,false
CHAOS,55,,68,0,0,17,0,false,false
CHAOS,55,,77,0,0,17,0,false,false
CHAOS,55,,74,0,0,17,0,false,false
CHAOS,55,,66,0,0,17,0,false,false
CHAOS,55,,72,0,0,17,0,false,false
CHAOS,55,,65,0,0,17,0,false,false
CHAOS,55,,66,0,0,17,0,false,false
CHAOS,55,,76,0,0,17,0,false,false
CHAOS,55,,68,0,0,17,0,false,false
CHAOS,55,,73,0,0,17,0,false,false
CHAOS,55,,73,0,0,17,0,false,false
CHAOS,55,,62,0,0,17,0,false,false
CHAOS,55,,77,0,0,17,0,false,false
CHAOS,55,,69,0,0,17,0,false,false
CHAOS,55,,64,0,0,17,0,false,false
CHAOS,55,,67,0,0,17,0,false,false
CHAOS,55,,66,0,0,17,0,false,false
CHAOS,55,,69,0,0,17,0,false,false
CHAOS,55,,62,0,0,17,0,false,false
CHAOS,55,,71,0,0,17,0,false,false
CHAOS,55,,71,0,0,17,0,false,false
CHAOS,55,,70,0,0,17,0,false,false
CHAOS,55,,73,0,0,17,0,false,false
CHAOS,55,,65,0,0,17,0,false,false
CHAOS,55,,77,0,0,17,0,false,false
CHAOS,55,,64,0,0,17,0,false,false
CHAOS,55,,64,0,0,17,0,false,false
CHAOS,55,,76,0,0,17,0,false,false
CHAOS,55,,76,0,0,17,0,false,false
CHAOS,55,,72,0,0,17,0,false,false
CHAOS,55,,75,0,0,17,0,false,false
CHAOS,55,,72,0,0,17,0,false,false
CHAOS,55,,74,0,0,17,0,false,false
CHAOS,55,,63,0,0,17,0,false,false
CHAOS,55,,76,0,0,17,0,false,false
CHAOS,55,,73,0,0,17,0,false,false
CHAOS,55,,73,0,0,17,0,false,false
CHAOS,55,,67,0,0,17,0,false,false
CHAOS,55,,69,0,0,17,0,false,false
CHAOS,55,,67,0,0,17,0,false,false
CHAOS,55,,67,0,0,17,0,false,false
CHAOS,55,,71,0,0,17,0,false,false
CHAOS,55,,74,0,0,17,0,false,false
CHAOS,55,,62,0,0,17,0,false,false
CHAOS,55,,67,0,0,17,0,false,false
CHAOS,55,,76,0,0,17,0,false,false
CHAOS,55,,67,0,0,17,0,false,false
CHAOS,55,,67,0,0,17,0,false,false
CHAOS,55,,69,0,0,17,0,false,false
CHAOS,55,,65,0,0,17,0,false,false
CHAOS,55,,72,0,0,17,0,false,false
CHAOS,55,,68,0,0,17,0,false,false
CHAOS,55,,64,0,0,17,0,false,false
CHAOS,55,,76,0,0,17,0,false,false
CHAOS,55,,68,0,0,17,0,false,false
CHAOS,55,,65,0,0,17,0,false,false
CHAOS,55,,76,0,0,17,0,false,false
CHAOS,55,,66,0,0,17,0,false,false
CHAOS,55,,72,0,0,17,0,false,false
CHAOS,55,,67,0,0,17,0,false,false
CHAOS,55,,77,0,0,17,0,false,false
CHAOS,55,,63,0,0,17,0,false,false
CHAOS,55,,62,0,0,17,0,false,false
CHAOS,55,,63,0,0,17,0,false,false
CHAOS,55,,68,0,0,17,0,false,false
CHAOS,55,,72,0,0,17,0,false,false
CHAOS,55,,70,0,0,17,0,false,false
CHAOS,55,,72,0,0,17,0,false,false
CHAOS,55,,67,0,0,17,0,false,false
CHAOS,55,,75,0,0,17,0,false,false
CHAOS,55,,76,0,0,17,0,false,false
CHAOS,55,,66,0,0,17,0,false,false
CHAOS,55,,77,0,0,17,0,false,false
CHAOS,55,,61,0,0,17,0,false,false
CHAOS,55,,73,0,0,17,0,false,false
CHAOS,55,,74,0,0,17,0,false,false
CHAOS,55,,66,0,0,17,0,false,false
CHAOS,55,,64,0,0,17,0,false,false
CHAOS,55,,66,0,0,17,0,false,false
CHAOS,55,,74,0,0,17,0,false,false
CHAOS,55,,74,0,0,17,0,false,false
CHAOS,55,,65,0,0,17,0,false,false
CHAOS,55,,75,0,0,17,0,false,false
CHAOS,55,,72,0,0,17,0,false,false
CHAOS,55,,76,0,0,17,0,false,false
CHAOS,55,,63,0,0,17,0,false,false
CHAOS,55,,72,0,0,17,0,false,false
CHAOS,55,,70,0,0,17,0,false,false
CHAOS,55,,66,0,0,17,0,false,false
CHAOS,55,,68,0,0,17,0,false,false
CHAOS,55,,69,0,0,17,0,false,false
CHAOS,55,,69,0,0,17,0,false,false
CHAOS,55,,75,0,0,17,0,false,false
CHAOS,55,,63,0,0,17,0,false,false
CHAOS,55,,75,0,0,17,0,false,false
CHAOS,55,,71,0,0,17,0,false,false
CHAOS,55,,75,0,0,17,0,false,false
CHAOS,55,,63,0,0,17,0,false,false
CHAOS,55,,68,0,0,17,0,false,false
CHAOS,55,,63,0,0,17,0,false,false
CHAOS,55,,67,0,0,17,0,false,false
CHAOS,55,,69,0,0,17,0,false,false
CHAOS,55,,68,0,0,17,0,false,false
CHAOS,55,,69,0,0,17,0,false,false
CHAOS,55,,74,0,0,17,0,false,false
CHAOS,55,,69,0,0,17,0,false,false
CHAOS,55,,74,0,0,17,0,false,false
CHAOS,55,,73,0,0,17,0,false,false
CHAOS,55,,64,0,0,17,0,false,false
CHAOS,55,,75,0,0,17,0,false,false
CHAOS,55,,66,0,0,17,0,false,false
CHAOS,55,,70,0,0,17,0,false,false
CHAOS,55,,69,0,0,17,0,false,false
CHAOS,55,,72,0,0,17,0,false,false
CHAOS,55,,64,0,0,17,0,false,false
CHAOS,55,,72,0,0,17,0,false,false
CHAOS,55,,68,0,0,17,0,false,false
CHAOS,55,,68,0,0,17,0,false,false
CHAOS,55,,77,0,0,17,0,false,false
CHAOS,55,,69,0,0,17,0,false,false
CHAOS,55,,66,0,0,17,0,false,false
CHAOS,55,,71,0,0,17,0,false,false
CHAOS,55,,73,0,0,17,0,false,false
CHAOS,55,,74,0,0,17,0,false,false
CHAOS,55,,66,0,0,17,0,false,false
CHAOS,55,,66,0,0,17,0,false,false
CHAOS,55,,64,0,0,17,0,false,false
CHAOS,55,,75,0,0,17,0,false,false
CHAOS,55,,75,0,0,17,0,false,false
CHAOS,55,,73,0,0,17,0,false,false
CHAOS,55,,70,0,0,17,0,false,false
CHAOS,55,,65,0,0,17,0,false,false
CHAOS,55,,73,0,0,17,0,false,false
CHAOS,55,,62,0,0,17,0,false,false
CHAOS,55,,77,0,0,17,0,false,false
CHAOS,55,,71,0,0,17,0,false,false
CHAOS,55,,68,0,0,17,0,false,false
CHAOS,55,,70,0,0,17,0,false,false
CHAOS,55,,77,0,0,17,0,false,false
CHAOS,55,,74,0,0,17,0,false,false
CHAOS,55,,65,0,0,17,0,false,false
CHAOS,55,,77,0,0,17,0,false,false
CHAOS,55,,66,0,0,17,0,false,false
CHAOS,55,,63,0,0,17,0,false,false
CHAOS,55,,67,0,0,17,0,false,false
CHAOS,55,,67,0,0,17,0,false,false
CHAOS,55,,72,0,0,17,0,false,false
CHAOS,55,,64,0,0,17,0,false,false
CHAOS,55,,67,0,0,17,0,false,false
CHAOS,55,,76,0,0,17,0,false,false
CHAOS,55,,76,0,0,17,0,false,false
CHAOS,55,,72,0,0,17,0,false,false
CHAOS,55,,68,0,0,17,0,false,false